label,core
Abkhazia_Late_Modern_Tkhina_(Chari_River_Profile)_(n=1),Abkhazia_Late_Modern_Tkhina
Adygea_EBA_Maykop_Late_(n=3),Adygea_EBA_Maykop_Late
Adygea_EBA_Maykop_Novosvobodnaya_Klady_(n=4),Adygea_EBA_Maykop_Novosvobodnaya_Klady
Adygea_EBA_Maykop_Novosvobodnaya_Tsarskaya_(n=1),Adygea_EBA_Maykop_Novosvobodnaya_Tsarskaya
Adygea_Eneolithic_Darkveti-Meshoko_Unakozovskaya_(n=4),Adygea_Eneolithic_Darkveti-Meshoko_Unakozovskaya
Adygea_LBA_Dolmen_Shushuk_(n=4),Adygea_LBA_Dolmen_Shushuk
Adygea_LBA_Dolmen_Shushuk_o_(n=1),Adygea_LBA_Dolmen_Shushuk
Afghanistan_MBA_Darra-i-Kur_(low_res)_(n=1),Afghanistan_MBA_Darra-i-Kur
Albania_Early_Medieval_Kenete_(n=1),Albania_Early_Medieval_Kenete
Albania_Early_Medieval_Shtike_(n=1),Albania_Early_Medieval_Shtike
Albania_Early_Modern_Barc_Roma_(n=4),Albania_Early_Modern_Barc_Roma
Albania_Early_Modern_Bardhoc_(n=4),Albania_Early_Modern_Bardhoc
Albania_Early_Modern_Pazhok_(n=1),Albania_Early_Modern_Pazhok
Albania_EBA_(n=1),Albania_EBA
Albania_EN_Podgorie_(low_res)_(n=1),Albania_EN_Podgorie
Albania_Late_Medieval_Barc_(n=1),Albania_Late_Medieval_Barc
Albania_LBA-LIA_Cinamak_(n=1),Albania_LBA-LIA_Cinamak
Albania_LIA_Cinamak_(n=4),Albania_LIA_Cinamak
Albania_LIA-Roman_Republic_Cinamak_(n=1),Albania_LIA-Roman_Republic_Cinamak
Albania_LNCA_(n=2),Albania_LNCA
Albania_MBA_(n=1),Albania_MBA
Albania_MLBA-LIA_Cinamak_(n=1),Albania_MLBA-LIA_Cinamak
Algeria_N_(n=1),Algeria_N
Algeria_Roman_Empire_Sitifis_(North_African_Profile)_(contaminated)_(n=1),Algeria_Roman_Empire_Sitifis
Algeria_Roman_Empire_Sitifis_(North_African-Mixed_Profile)_(n=1),Algeria_Roman_Empire_Sitifis
Algeria_Roman_Empire-Late_Antiquity_Sitifis_(East_Med-Anatolian_Profile)_(n=1),Algeria_Roman_Empire-Late_Antiquity_Sitifis
Altai_Early_Medieval_Kytmanovo_(n=1),Altai_Early_Medieval_Kytmanovo
Altai_EBA_Afanasievo_(n=5),Altai_EBA_Afanasievo
Altai_Eneolithic_Bol'shoy_Mys_Kostenkova_Izbushka_(n=1),Altai_Eneolithic_Bol'shoy_Mys_Kostenkova_Izbushka
Altai_MLBA_Andronovo_Kytmanovo_(n=2),Altai_MLBA_Andronovo_Kytmanovo
Altai_MLBA_Andronovo_Kytmanovo_o_(n=1),Altai_MLBA_Andronovo_Kytmanovo
Altai_N_Chumysh-Perekat_(n=5),Altai_N_Chumysh-Perekat
Altai_N_Firsovo_(n=9),Altai_N_Firsovo
Altai_N_Kuznetsk-Altai_Ust-Isha_(n=1),Altai_N_Kuznetsk-Altai_Ust-Isha
Altai_N_Nizhnetytkesken_(n=1),Altai_N_Nizhnetytkesken
Altai_N_Novoaltaysk-Razvilka_(n=1),Altai_N_Novoaltaysk-Razvilka
Altai_N_Tuzovskie_Bugry_(n=2),Altai_N_Tuzovskie_Bugry
Altai_N_Ust-Isha_(n=1),Altai_N_Ust-Isha
Altai_N-Eneolithic_Bol'shoy_Mys_Itkul_(n=2),Altai_N-Eneolithic_Bol'shoy_Mys_Itkul
Altai_UP_Denisova_(n=1),Altai_UP_Denisova
Amur_IA_Oktyabr'skoe_(n=1),Amur_IA_Oktyabr'skoe
Anatolia_Achaemenid-Hellenistic_Halicarnassus_(Levantine_Profile)_(n=1),Anatolia_Achaemenid-Hellenistic_Halicarnassus
Anatolia_Archaic-Achaemenid_Degirmendere_(Anatolian_BA_Profile)_(n=12),Anatolia_Archaic-Achaemenid_Degirmendere
Anatolia_CA_Kuriki_Hoyuk_(low_res)_(n=1),Anatolia_CA_Kuriki_Hoyuk
Anatolia_Classical-Achaemenid_Halicarnassus_(Anatolian_BA_Profile)_(low_res)_(n=1),Anatolia_Classical-Achaemenid_Halicarnassus
Anatolia_Early_Medieval_(Byzantine)_Ilipinar_(Anatolian_BA_Profile)_(n=1),Anatolia_Early_Medieval_(Byzantine)_Ilipinar
Anatolia_Early_Medieval_(Byzantine)_Ilipinar_(Balto-Slavic_Profile)_(n=1),Anatolia_Early_Medieval_(Byzantine)_Ilipinar
Anatolia_Early_Medieval_(Byzantine)_Nicaea_(Anatolian_BA_Profile)_(n=1),Anatolia_Early_Medieval_(Byzantine)_Nicaea
Anatolia_Early_Medieval_(Byzantine)_Nicaea_(East_Med-Anatolian_Profile)_(n=5),Anatolia_Early_Medieval_(Byzantine)_Nicaea
Anatolia_Early_Medieval_(Byzantine)_Samantas_(East_Med_Profile)_(n=4),Anatolia_Early_Medieval_(Byzantine)_Samantas
Anatolia_Early_Medieval_(Byzantine)_Samantas_(East_Med-Anatolian_Profile)_(n=3),Anatolia_Early_Medieval_(Byzantine)_Samantas
Anatolia_Early_Medieval_(Byzantine)_Zeytinliada_(Balkan/Western_Anatolian_Greek_Profile)_(n=2),Anatolia_Early_Medieval_(Byzantine)_Zeytinliada
Anatolia_Early_Medieval_(Byzantine)_Zeytinliada_(East_Med_Profile)_(n=2),Anatolia_Early_Medieval_(Byzantine)_Zeytinliada
Anatolia_Early_Modern_Capalibag_(Turkic_Profile)_(n=1),Anatolia_Early_Modern_Capalibag
Anatolia_Early_Modern_Capalibag_(Turkish_Profile)_(n=4),Anatolia_Early_Modern_Capalibag
Anatolia_Early_Modern_Kaman-Kalehoyuk_(Turkic_Profile)_(n=1),Anatolia_Early_Modern_Kaman-Kalehoyuk
Anatolia_Early_Modern_Kaman-Kalehoyuk_(Turkish_Profile)_(n=2),Anatolia_Early_Modern_Kaman-Kalehoyuk
Anatolia_Early_Modern_Nicaea_(Anatolian_BA_Profile)_(n=1),Anatolia_Early_Modern_Nicaea
Anatolia_Early_Modern_Zeytinliada_(Balkan/Western_Anatolian_Greek_Profile)_(n=1),Anatolia_Early_Modern_Zeytinliada
Anatolia_Early_Modern_Zeytinliada_(East_Med_Profile)_(n=1),Anatolia_Early_Modern_Zeytinliada
Anatolia_Early-High_Medieval_Stratonikeia_(East_Med_Profile)_(n=1),Anatolia_Early-High_Medieval_Stratonikeia
Anatolia_Early-High_Medieval_Stratonikeia_(East_Med-Anatolian_Profile)_(n=8),Anatolia_Early-High_Medieval_Stratonikeia
Anatolia_EBA_Amasya_(n=5),Anatolia_EBA_Amasya
Anatolia_EBA_Arslantepe_(n=4),Anatolia_EBA_Arslantepe
Anatolia_EBA_Isparta_(n=3),Anatolia_EBA_Isparta
Anatolia_EBA_Izmir_Yassitepe_(n=2),Anatolia_EBA_Izmir_Yassitepe
Anatolia_EBA_Ovaoren_(n=3),Anatolia_EBA_Ovaoren
Anatolia_ECA_Buyukkaya_(n=1),Anatolia_ECA_Buyukkaya
Anatolia_Hellenistic-Roman_Empire_Gordion_(East_Med-Anatolian_Profile)_(n=1),Anatolia_Hellenistic-Roman_Empire_Gordion
Anatolia_Hellenistic-Roman_Republic_Ephesus_(Etruscan/Italic_Profile)_(n=1),Anatolia_Hellenistic-Roman_Republic_Ephesus
Anatolia_Hellenistic-Roman_Republic_Gordion_(Anatolian_BA_Profile)_(n=1),Anatolia_Hellenistic-Roman_Republic_Gordion
Anatolia_Hellenistic-Roman_Republic_Gordion_(East_Med-Anatolian_Profile)_(n=3),Anatolia_Hellenistic-Roman_Republic_Gordion
Anatolia_Hellenistic-Roman_Republic_Halicarnassus_(East_Med_Profile)_(n=2),Anatolia_Hellenistic-Roman_Republic_Halicarnassus
Anatolia_Hellenistic-Roman_Republic_Kaman-Kalehoyuk_(Galatian_Profile)_(low_res)_(n=1),Anatolia_Hellenistic-Roman_Republic_Kaman-Kalehoyuk
Anatolia_Hellenistic-Roman_Republic_Samsun_(East_Med-Anatolian_Profile)_(n=1),Anatolia_Hellenistic-Roman_Republic_Samsun
Anatolia_Hellenistic-Roman_Republic_Samsun_(Transcaucasian_Profile)_(n=1),Anatolia_Hellenistic-Roman_Republic_Samsun
Anatolia_High_Medieval_Stratonikeia_(East_Med-Anatolian_Profile)_(n=2),Anatolia_High_Medieval_Stratonikeia
Anatolia_High_Medieval-Late_Modern_Bogazkoy_(Pontic_Profile)_(n=1),Anatolia_High_Medieval-Late_Modern_Bogazkoy
Anatolia_IA_Gordion_(Anatolian_BA_Profile)_(n=1),Anatolia_IA_Gordion
Anatolia_IA_Gordion_(East_Med-Anatolian_Profile)_(n=1),Anatolia_IA_Gordion
Anatolia_Late_Antiquity_(Roman_Empire-Byzantine)_Nicaea_(East_Med-Anatolian_Profile)_(n=1),Anatolia_Late_Antiquity_(Roman_Empire-Byzantine)_Nicaea
Anatolia_Late_Antiquity_(Roman_Empire-Byzantine)_Nicaea_(North_African_Profile)_(n=2),Anatolia_Late_Antiquity_(Roman_Empire-Byzantine)_Nicaea
Anatolia_Late_Antiquity_Bogazkoy_(Mesopotamian/Armenian_Highland_Profile)_(n=1),Anatolia_Late_Antiquity_Bogazkoy
Anatolia_Late_Antiquity_Samsun_(East_Med-Anatolian_Profile)_(n=1),Anatolia_Late_Antiquity_Samsun
Anatolia_Late_Antiquity_Samsun_o_(Steppe_Iranic_Profile)_(n=2),Anatolia_Late_Antiquity_Samsun
Anatolia_Late_Antiquity-Early_Medieval_(Byzantine)_Nicaea_(Balkan/Western_Anatolian_Greek_Profile)_(n=1),Anatolia_Late_Antiquity-Early_Medieval_(Byzantine)_Nicaea
Anatolia_Late_Antiquity-Early_Medieval_(Byzantine)_Nicaea_(East_Med-Anatolian_Profile)_(n=3),Anatolia_Late_Antiquity-Early_Medieval_(Byzantine)_Nicaea
Anatolia_Late_Antiquity-Early_Medieval_(Byzantine)_Nicaea_(Southeast_Anatolian_Profile)_(n=1),Anatolia_Late_Antiquity-Early_Medieval_(Byzantine)_Nicaea
Anatolia_Late_Antiquity-Early_Medieval_(Byzantine)_Zeytinliada_(East_Med-Anatolian_Profile)_(n=1),Anatolia_Late_Antiquity-Early_Medieval_(Byzantine)_Zeytinliada
Anatolia_Late_Medieval_Capalibag_(Turkish_Profile)_(n=2),Anatolia_Late_Medieval_Capalibag
Anatolia_Late_Medieval-Early_Modern_Capalibag_(Turkish_Profile)_(n=5),Anatolia_Late_Medieval-Early_Modern_Capalibag
Anatolia_LCA_Arslantepe_(n=18),Anatolia_LCA_Arslantepe
Anatolia_LCA_Barcin_(n=1),Anatolia_LCA_Barcin
Anatolia_LCA_Camlibel_Tarlasi_(n=12),Anatolia_LCA_Camlibel_Tarlasi
Anatolia_LCA_Ikiztepe_(n=9),Anatolia_LCA_Ikiztepe
Anatolia_LCA_Ilipinar_(n=3),Anatolia_LCA_Ilipinar
Anatolia_LCA-EBA_Ulucak_(n=1),Anatolia_LCA-EBA_Ulucak
Anatolia_LN_Kumtepe_(low_res)_(n=2),Anatolia_LN_Kumtepe
Anatolia_MBA_Cine-Tepecik_(n=1),Anatolia_MBA_Cine-Tepecik
Anatolia_MBA_Izmir_Yassitepe_(n=1),Anatolia_MBA_Izmir_Yassitepe
Anatolia_Mesolithic_Pinarbasi_(n=1),Anatolia_Mesolithic_Pinarbasi
Anatolia_MLBA_Kaman-Kalehoyuk_(n=4),Anatolia_MLBA_Kaman-Kalehoyuk
Anatolia_MLBA_Kaman-Kalehoyuk_(low_res)_(n=1),Anatolia_MLBA_Kaman-Kalehoyuk
Anatolia_N_Aceramic_Asikli_Hoyuk_(n=3),Anatolia_N_Aceramic_Asikli_Hoyuk
Anatolia_N_Aceramic_Boncuklu_(n=6),Anatolia_N_Aceramic_Boncuklu
Anatolia_N_Aceramic_Musular_(n=2),Anatolia_N_Aceramic_Musular
Anatolia_N_Ceramic_Aktopraklik_(n=1),Anatolia_N_Ceramic_Aktopraklik
Anatolia_N_Ceramic_Barcin_(n=22),Anatolia_N_Ceramic_Barcin
Anatolia_N_Ceramic_Barcin_(low_res)_(n=3),Anatolia_N_Ceramic_Barcin
Anatolia_N_Ceramic_Catalhoyuk_(n=27),Anatolia_N_Ceramic_Catalhoyuk
Anatolia_N_Ceramic_Catalhoyuk_(low_res)_(n=24),Anatolia_N_Ceramic_Catalhoyuk
Anatolia_N_Ceramic_Ilipinar_(n=2),Anatolia_N_Ceramic_Ilipinar
Anatolia_N_Ceramic_Mentese_(n=4),Anatolia_N_Ceramic_Mentese
Anatolia_N_Ceramic_Tepecik_Ciftlik_(n=4),Anatolia_N_Ceramic_Tepecik_Ciftlik
Anatolia_Roman_Empire_Camandiras-Dalagoz_(East_Med-Anatolian_Profile)_(n=3),Anatolia_Roman_Empire_Camandiras-Dalagoz
Anatolia_Roman_Empire-Late_Antiquity_Bogazkoy_(East_Med-Anatolian_Profile)_(n=2),Anatolia_Roman_Empire-Late_Antiquity_Bogazkoy
Anatolia_Roman_Republic-Empire_Apollonia_ad_Rhyndacum_(East_Med-Anatolian_Profile)_(n=1),Anatolia_Roman_Republic-Empire_Apollonia_ad_Rhyndacum
Argentina_Aconcagua_500BP_(n=1),Argentina_Aconcagua_500BP
Argentina_Arroyo_Seco_II_7700BP_(n=4),Argentina_Arroyo_Seco_II_7700BP
Argentina_Arroyo_Seco_II_7700BP_(low_res)_(n=1),Argentina_Arroyo_Seco_II_7700BP
Argentina_Calingasta_1450BP_(n=1),Argentina_Calingasta_1450BP
Argentina_Fuego_Patagonian_(n=4),Argentina_Fuego_Patagonian
Argentina_Haush_400BP_(n=6),Argentina_Haush_400BP
Argentina_La_Arcillosa_2_5800BP_(n=1),Argentina_La_Arcillosa_2_5800BP
Argentina_Laguna_Chica_1600BP_(n=1),Argentina_Laguna_Chica_1600BP
Argentina_Laguna_Chica_6800BP_(n=3),Argentina_Laguna_Chica_6800BP
Argentina_Laguna_Toro_2400BP_(n=1),Argentina_Laguna_Toro_2400BP
Argentina_Selknam_500BP_(n=6),Argentina_Selknam_500BP
Argentina_Yamana_100BP_(n=3),Argentina_Yamana_100BP
Argentina_Yamana_1500BP_(n=1),Argentina_Yamana_1500BP
Armenia_Achaemenid_(Orontid)_Beniamin_(n=1),Armenia_Achaemenid_(Orontid)_Beniamin
Armenia_Achaemenid-Hellenistic_(Orontid)_Karmir_Blur_(n=1),Armenia_Achaemenid-Hellenistic_(Orontid)_Karmir_Blur
Armenia_Achaemenid-Hellenistic_(Orontid)_Keti_(n=1),Armenia_Achaemenid-Hellenistic_(Orontid)_Keti
Armenia_Achaemenid-Hellenistic_(Orontid)_Noratus_(n=1),Armenia_Achaemenid-Hellenistic_(Orontid)_Noratus
Armenia_CA_Areni_(n=4),Armenia_CA_Areni
Armenia_EBA_Kura-Araxes_Berkaber_(n=6),Armenia_EBA_Kura-Araxes_Berkaber
Armenia_EBA_Kura-Araxes_Kalavan_(n=2),Armenia_EBA_Kura-Araxes_Kalavan
Armenia_EBA_Kura-Araxes_Kaps_(n=2),Armenia_EBA_Kura-Araxes_Kaps
Armenia_EBA_Kura-Araxes_Karnut_(n=2),Armenia_EBA_Kura-Araxes_Karnut
Armenia_EBA_Kura-Araxes_Talin_(n=2),Armenia_EBA_Kura-Araxes_Talin
Armenia_EIA_Lchashen-Metsamor_Bagheri_Tchala_(n=12),Armenia_EIA_Lchashen-Metsamor_Bagheri_Tchala
Armenia_EIA_Lchashen-Metsamor_Beniamin_(n=1),Armenia_EIA_Lchashen-Metsamor_Beniamin
Armenia_EIA_Lchashen-Metsamor_Bover_(n=1),Armenia_EIA_Lchashen-Metsamor_Bover
Armenia_EIA_Lchashen-Metsamor_Bragdzor_(n=1),Armenia_EIA_Lchashen-Metsamor_Bragdzor
Armenia_EIA_Lchashen-Metsamor_Bragdzor_o_(Transcaucasian_Profile)_(n=1),Armenia_EIA_Lchashen-Metsamor_Bragdzor
Armenia_EIA_Lchashen-Metsamor_Kapan_(n=1),Armenia_EIA_Lchashen-Metsamor_Kapan
Armenia_EIA_Lchashen-Metsamor_Karashamb_(n=3),Armenia_EIA_Lchashen-Metsamor_Karashamb
Armenia_EIA_Lchashen-Metsamor_Karashamb_o_(Iranian_Plateau_Profile)_(n=1),Armenia_EIA_Lchashen-Metsamor_Karashamb
Armenia_EIA_Lchashen-Metsamor_Karmir_Blur_(n=2),Armenia_EIA_Lchashen-Metsamor_Karmir_Blur
Armenia_EIA_Lchashen-Metsamor_Karmir_Blur_o_(n=1),Armenia_EIA_Lchashen-Metsamor_Karmir_Blur
Armenia_EIA_Lchashen-Metsamor_Karnut_(n=1),Armenia_EIA_Lchashen-Metsamor_Karnut
Armenia_EIA_Lchashen-Metsamor_Keti_(n=1),Armenia_EIA_Lchashen-Metsamor_Keti
Armenia_EIA_Lchashen-Metsamor_Norabak_(n=1),Armenia_EIA_Lchashen-Metsamor_Norabak
Armenia_EIA_Lchashen-Metsamor_Noratus_(n=8),Armenia_EIA_Lchashen-Metsamor_Noratus
Armenia_EIA_Lchashen-Metsamor_Pijut_(n=1),Armenia_EIA_Lchashen-Metsamor_Pijut
Armenia_EIA_Lchashen-Metsamor_Sarukhan_(n=3),Armenia_EIA_Lchashen-Metsamor_Sarukhan
Armenia_Hellenistic-Roman_Empire_(Artaxiad-Arsacid)_Aghitu_(n=3),Armenia_Hellenistic-Roman_Empire_(Artaxiad-Arsacid)_Aghitu
Armenia_Hellenistic-Roman_Empire_(Artaxiad)_Beniamin_(n=1),Armenia_Hellenistic-Roman_Empire_(Artaxiad)_Beniamin
Armenia_Hellenistic-Roman_Empire_(Artaxiad)_Sarukhan_(n=2),Armenia_Hellenistic-Roman_Empire_(Artaxiad)_Sarukhan
Armenia_High_Medieval_Agarak_(n=3),Armenia_High_Medieval_Agarak
Armenia_IA_Lchashen-Metsamor/Urartian_Bardzryal_(n=6),Armenia_IA_Lchashen-Metsamor/Urartian_Bardzryal
Armenia_IA_Lchashen-Metsamor/Urartian_Beniamin_(n=1),Armenia_IA_Lchashen-Metsamor/Urartian_Beniamin
Armenia_IA_Lchashen-Metsamor/Urartian_Bover_(n=1),Armenia_IA_Lchashen-Metsamor/Urartian_Bover
Armenia_IA_Lchashen-Metsamor/Urartian_Karmir_Blur_(n=1),Armenia_IA_Lchashen-Metsamor/Urartian_Karmir_Blur
Armenia_IA_Lchashen-Metsamor/Urartian-Median/Achaemenid_Bardzryal_(n=1),Armenia_IA_Lchashen-Metsamor/Urartian-Median/Achaemenid_Bardzryal
Armenia_IA_Lchashen-Metsamor/Urartian-Median/Achaemenid_Bover_(n=1),Armenia_IA_Lchashen-Metsamor/Urartian-Median/Achaemenid_Bover
Armenia_IA_Lchashen-Metsamor/Urartian-Median/Achaemenid_Harjis_(n=6),Armenia_IA_Lchashen-Metsamor/Urartian-Median/Achaemenid_Harjis
Armenia_IA_Lchashen-Metsamor/Urartian-Median/Achaemenid_Karmir_Blur_(n=1),Armenia_IA_Lchashen-Metsamor/Urartian-Median/Achaemenid_Karmir_Blur
Armenia_IA_Lchashen-Metsamor/Urartian-Median/Achaemenid_Keti_(n=1),Armenia_IA_Lchashen-Metsamor/Urartian-Median/Achaemenid_Keti
Armenia_IA_Lchashen-Metsamor/Urartian-Median/Achaemenid_Lori_Berd_(n=1),Armenia_IA_Lchashen-Metsamor/Urartian-Median/Achaemenid_Lori_Berd
Armenia_IA_Lchashen-Metsamor/Urartian-Median/Achaemenid_Noratus_(n=1),Armenia_IA_Lchashen-Metsamor/Urartian-Median/Achaemenid_Noratus
Armenia_IA_Lchashen-Metsamor/Urartian-Median/Achaemenid_Pijut_(n=6),Armenia_IA_Lchashen-Metsamor/Urartian-Median/Achaemenid_Pijut
Armenia_Late_Antiquity_Sarukhan_(Arsacid)_(n=1),Armenia_Late_Antiquity_Sarukhan_(Arsacid)
Armenia_Late_Antiquity-Early_Medieval_Beniamin_(n=4),Armenia_Late_Antiquity-Early_Medieval_Beniamin
Armenia_LBA_Keti_(n=1),Armenia_LBA_Keti
Armenia_LBA_Lchashen-Metsamor_Beniamin_(n=2),Armenia_LBA_Lchashen-Metsamor_Beniamin
Armenia_LBA_Lchashen-Metsamor_Black_Fortress_(n=4),Armenia_LBA_Lchashen-Metsamor_Black_Fortress
Armenia_LBA_Lchashen-Metsamor_Black_Fortress_o1_(n=1),Armenia_LBA_Lchashen-Metsamor_Black_Fortress
Armenia_LBA_Lchashen-Metsamor_Black_Fortress_o2_(n=1),Armenia_LBA_Lchashen-Metsamor_Black_Fortress
Armenia_LBA_Lchashen-Metsamor_Dzori_Gekh_(n=1),Armenia_LBA_Lchashen-Metsamor_Dzori_Gekh
Armenia_LBA_Lchashen-Metsamor_Karashamb_(n=22),Armenia_LBA_Lchashen-Metsamor_Karashamb
Armenia_LBA_Lchashen-Metsamor_Lchashen_(n=17),Armenia_LBA_Lchashen-Metsamor_Lchashen
Armenia_LBA_Lchashen-Metsamor_Lchashen_o_(n=1),Armenia_LBA_Lchashen-Metsamor_Lchashen
Armenia_LBA_Lchashen-Metsamor_Lernakert_(n=5),Armenia_LBA_Lchashen-Metsamor_Lernakert
Armenia_LBA_Lchashen-Metsamor_Lori_Berd_(n=2),Armenia_LBA_Lchashen-Metsamor_Lori_Berd
Armenia_LBA_Lchashen-Metsamor_Nerkin_Getashen_(n=9),Armenia_LBA_Lchashen-Metsamor_Nerkin_Getashen
Armenia_LBA_Lchashen-Metsamor_Noratus_(n=10),Armenia_LBA_Lchashen-Metsamor_Noratus
Armenia_LBA_Lchashen-Metsamor_Sarukhan_(n=2),Armenia_LBA_Lchashen-Metsamor_Sarukhan
Armenia_LBA_Lchashen-Metsamor_Tekhut_(n=1),Armenia_LBA_Lchashen-Metsamor_Tekhut
Armenia_LBA-EIA_Lchashen-Metsamor_Beniamin_(n=1),Armenia_LBA-EIA_Lchashen-Metsamor_Beniamin
Armenia_LBA-EIA_Lchashen-Metsamor_Noratus_(n=1),Armenia_LBA-EIA_Lchashen-Metsamor_Noratus
Armenia_LN_Aratashen-Shulaveri-Shomutepe_(n=2),Armenia_LN_Aratashen-Shulaveri-Shomutepe
Armenia_MBA_Trialeti_(n=1),Armenia_MBA_Trialeti
Armenia_MLBA_Katnaghhiur_(n=1),Armenia_MLBA_Katnaghhiur
Armenia_MLBA_Lchashen_(n=2),Armenia_MLBA_Lchashen
Armenia_Roman_Republic-Empire_(Artaxiad)_Beniamin_(n=1),Armenia_Roman_Republic-Empire_(Artaxiad)_Beniamin
Armenia_Roman_Republic-Late_Antiquity_(Artaxiad-Arsacid)_Beniamin_(n=5),Armenia_Roman_Republic-Late_Antiquity_(Artaxiad-Arsacid)_Beniamin
Australia_Barham_1600-1400BP_(n=2),Australia_Barham_1600-1400BP
Australia_Cairns_420BP_(n=1),Australia_Cairns_420BP
Australia_Mapoon_112BP_(n=2),Australia_Mapoon_112BP
Australia_Mapoon_112BP_(low_res)_(n=1),Australia_Mapoon_112BP
Australia_Weipa_112BP_(n=1),Australia_Weipa_112BP
Australia_Willandra_Lakes_4000BP_(n=1),Australia_Willandra_Lakes_4000BP
Austria_Early_Medieval_Avar_Period_(Alpine_Profile)_(n=21),Austria_Early_Medieval_Avar_Period
Austria_Early_Medieval_Avar_Period_(Avar_Profile)_(n=13),Austria_Early_Medieval_Avar_Period
Austria_Early_Medieval_Avar_Period_(Balto-Slavic_Profile)_(n=20),Austria_Early_Medieval_Avar_Period
Austria_Early_Medieval_Avar_Period_(Carpathian_Basin_Profile)_(n=7),Austria_Early_Medieval_Avar_Period
Austria_Early_Medieval_Avar_Period_(Central_Euro_Profile)_(n=26),Austria_Early_Medieval_Avar_Period
Austria_Early_Medieval_Avar_Period_(Central_Euro_Slavic_Profile)_(n=51),Austria_Early_Medieval_Avar_Period
Austria_Early_Medieval_Avar_Period_(Central_Med_Profile)_(n=37),Austria_Early_Medieval_Avar_Period
Austria_Early_Medieval_Avar_Period_(East_Asian-Mixed_Profile)_(n=88),Austria_Early_Medieval_Avar_Period
Austria_Early_Medieval_Avar_Period_(East_Asian-Mixed_Profile)_o1_(n=12),Austria_Early_Medieval_Avar_Period
Austria_Early_Medieval_Avar_Period_(East_Asian-Mixed_Profile)_o2_(n=69),Austria_Early_Medieval_Avar_Period
Austria_Early_Medieval_Avar_Period_(East_Asian-Mixed_Profile)_o3_(n=20),Austria_Early_Medieval_Avar_Period
Austria_Early_Medieval_Avar_Period_(Idiosyncratic_Profile)_(n=1),Austria_Early_Medieval_Avar_Period
Austria_Early_Medieval_Avar_Period_(North_Adriatic_Profile)_(n=40),Austria_Early_Medieval_Avar_Period
Austria_Early_Medieval_Avar_Period_(Northwest_Euro_Profile)_(n=4),Austria_Early_Medieval_Avar_Period
Austria_Early_Medieval_Avar_Period_(Paleo-Balkan_Profile)_(n=5),Austria_Early_Medieval_Avar_Period
Austria_Early_Medieval_Avar_Period_(South_Balkan_Profile)_(n=49),Austria_Early_Medieval_Avar_Period
Austria_Early_Medieval_Avar_Period_(South_Slavic_Profile)_(n=129),Austria_Early_Medieval_Avar_Period
Austria_Early_Medieval_Avar_Period_(West_Med/North_Adriatic_Profile)_(n=1),Austria_Early_Medieval_Avar_Period
Austria_Early_Medieval_Avar_Period_(Western_Euro_Profile)_(n=1),Austria_Early_Medieval_Avar_Period
Austria_Early_Medieval_Moedling_Lerchengasse_(Central_Euro_Profile)_(n=2),Austria_Early_Medieval_Moedling_Lerchengasse
Austria_Early_Medieval_Pottenbrunn_(Balto-Slavic_Profile)_(n=1),Austria_Early_Medieval_Pottenbrunn
Austria_Early_Medieval_Wels_(Alpine_Profile)_(n=2),Austria_Early_Medieval_Wels
Austria_EN_LBK_Kleinhadersdorf_(n=8),Austria_EN_LBK_Kleinhadersdorf
Austria_IA_La_Tene_(n=3),Austria_IA_La_Tene
Austria_Late_Antiquity_Klosterneuburg_(Paleo-Balkan_Profile)_(n=1),Austria_Late_Antiquity_Klosterneuburg
Austria_Late_Antiquity-Early_Medieval_Lombard_Moedling_Leinerinnen_(Central_Euro_Profile)_(n=1),Austria_Late_Antiquity-Early_Medieval_Lombard_Moedling_Leinerinnen
Austria_Late_Antiquity-Early_Medieval_Lombard_Moedling_Leinerinnen_(Northwest_Euro_Profile)_(n=4),Austria_Late_Antiquity-Early_Medieval_Lombard_Moedling_Leinerinnen
Austria_Late_Modern_Vienna_(n=1),Austria_Late_Modern_Vienna
Austria_LN_LBK_Asparn_Schletz_(n=87),Austria_LN_LBK_Asparn_Schletz
Austria_Mesolithic_Wollersdorf_(n=1),Austria_Mesolithic_Wollersdorf
Austria_MLN_LBK_Kleinhadersdorf_(n=3),Austria_MLN_LBK_Kleinhadersdorf
Austria_MLN_LBK_Ratzerdorf_(n=1),Austria_MLN_LBK_Ratzerdorf
Austria_Roman_Empire_Klosterneuburg_(Northern_Euro_Profile)_(n=2),Austria_Roman_Empire_Klosterneuburg
Austria_Roman_Empire_Wels_(Alpine_Profile)_(low_res)_(n=1),Austria_Roman_Empire_Wels
Austria_Roman_Empire_Wels_(North_African_Profile)_(n=1),Austria_Roman_Empire_Wels
Austria_Roman_Empire_Wels_(West_Med_Profile)_(low_res)_(n=1),Austria_Roman_Empire_Wels
Austria_Roman_Empire-Late_Antiquity_Klosterneuburg_(Alpine_Profile)_(n=1),Austria_Roman_Empire-Late_Antiquity_Klosterneuburg
Austria_Roman_Empire-Late_Antiquity_Klosterneuburg_(North_Adriatic_Profile)_(n=1),Austria_Roman_Empire-Late_Antiquity_Klosterneuburg
Austria_Roman_Empire-Late_Antiquity_Klosterneuburg_(Northern_Euro_Profile)_(n=1),Austria_Roman_Empire-Late_Antiquity_Klosterneuburg
Austria_Roman_Empire-Late_Antiquity_Wels_(East_Med-Anatolian_Profile)_(n=1),Austria_Roman_Empire-Late_Antiquity_Wels
Austria_Roman_Empire-Late_Antiquity_Wels_(Gallic_Profile)_(n=1),Austria_Roman_Empire-Late_Antiquity_Wels
Austria_UP_Gravettian_Krems_(n=4),Austria_UP_Gravettian_Krems
Azerbaijan_EN_Mentesh_Tepe_(n=1),Azerbaijan_EN_Mentesh_Tepe
Azerbaijan_EN_Mentesh_Tepe_(low_res)_(n=1),Azerbaijan_EN_Mentesh_Tepe
Azerbaijan_LCA_Alkhantepe_(n=1),Azerbaijan_LCA_Alkhantepe
Azerbaijan_LN_Mentesh_Tepe_(n=1),Azerbaijan_LN_Mentesh_Tepe
Azerbaijan_LN_Polutepe_(n=1),Azerbaijan_LN_Polutepe
Azerbaijan_Roman_Empire-Late_Antiquity_Shamakhi_(n=1),Azerbaijan_Roman_Empire-Late_Antiquity_Shamakhi
Bahamas_Ceramic_(n=28),Bahamas_Ceramic
Bahamas_Precolonial_Taino_(n=1),Bahamas_Precolonial_Taino
Bahrain_Early_Medieval_(n=1),Bahrain_Early_Medieval
Bahrain_Hellenistic-Late_Antiquity_(n=1),Bahrain_Hellenistic-Late_Antiquity
Bahrain_Late_Antiquity-Early_Medieval_(n=2),Bahrain_Late_Antiquity-Early_Medieval
Baleares_Formentera_MBA_(n=1),Baleares_Formentera_MBA
Baleares_Ibiza_Punic_(Punic_Profile)_(n=1),Baleares_Ibiza_Punic
Baleares_Mallorca_EBA_(n=1),Baleares_Mallorca_EBA
Baleares_Menorca_LBA_(n=4),Baleares_Menorca_LBA
Baleares_Menorca_LBA_(low_res)_(n=2),Baleares_Menorca_LBA
Bashkortostan_IA_Sarmatian_Avlasovo_(n=1),Bashkortostan_IA_Sarmatian_Avlasovo
Bashkortostan_IA_Sarmatian_Ivanovka_(n=1),Bashkortostan_IA_Sarmatian_Ivanovka
Bashkortostan_IA_Sarmatian_Perevolochan_(n=1),Bashkortostan_IA_Sarmatian_Perevolochan
Bashkortostan_IA_Sarmatian_Sibai_(n=1),Bashkortostan_IA_Sarmatian_Sibai
Bashkortostan_IA_Sarmatian_Temyasovo_(n=3),Bashkortostan_IA_Sarmatian_Temyasovo
Belarus_Early-High_Medieval_(n=1),Belarus_Early-High_Medieval
Belgium_Early_Medieval_Merovingian_Koksijde_(Mixed_Western_Euro_Profile)_(n=5),Belgium_Early_Medieval_Merovingian_Koksijde
Belgium_Early_Medieval_Merovingian_Koksijde_(Mixed_Western_Euro_Profile)_(low_res)_(n=1),Belgium_Early_Medieval_Merovingian_Koksijde
Belgium_Early_Medieval_Merovingian_Koksijde_(Northern_Euro_Profile)_(n=1),Belgium_Early_Medieval_Merovingian_Koksijde
Belgium_Early_Medieval_Merovingian_Koksijde_(Northwest_Euro_Profile)_(n=12),Belgium_Early_Medieval_Merovingian_Koksijde
Belgium_Early_Medieval_Merovingian_Koksijde_(Northwest_Euro_Profile)_(low_res)_(n=3),Belgium_Early_Medieval_Merovingian_Koksijde
Belgium_Early_Modern_St._Rombout's_(Iberian_Profile)_(n=1),Belgium_Early_Modern_St._Rombout's
Belgium_Early_Modern_St._Rombout's_(Western_Euro_Profile)_(n=1),Belgium_Early_Modern_St._Rombout's
Belgium_Early-High_Medieval_Sint-Truiden_(Mixed_Western_Euro_Profile)_(n=7),Belgium_Early-High_Medieval_Sint-Truiden
Belgium_Early-High_Medieval_Sint-Truiden_(Mixed_Western_Euro_Profile)_(low_res)_(n=3),Belgium_Early-High_Medieval_Sint-Truiden
Belgium_Early-High_Medieval_Sint-Truiden_(Northwest_Euro_Profile)_(n=2),Belgium_Early-High_Medieval_Sint-Truiden
Belgium_Early-Late_Modern_St._Rombout's_(Western_Euro_Profile)_(n=2),Belgium_Early-Late_Modern_St._Rombout's
Belgium_High_Medieval_St._Rombout's_(Mixed_Western_Euro_Profile)_(n=4),Belgium_High_Medieval_St._Rombout's
Belgium_High_Medieval_St._Rombout's_(Northwest_Euro_Profile)_(n=5),Belgium_High_Medieval_St._Rombout's
Belgium_High_Medieval_Wulpen_(Northwest_Euro_Profile)_(n=3),Belgium_High_Medieval_Wulpen
Belgium_High-Late_Medieval_St._Rombout's_(Mixed_Western_Euro_Profile)_(n=7),Belgium_High-Late_Medieval_St._Rombout's
Belgium_High-Late_Medieval_St._Rombout's_(Northwest_Euro_Profile)_(n=8),Belgium_High-Late_Medieval_St._Rombout's
Belgium_Late_Medieval_St._Rombout's_(Northwest_Euro_Profile)_(n=2),Belgium_Late_Medieval_St._Rombout's
Belgium_Late_Medieval_Wulpen_(Northwest_Euro_Profile)_(n=1),Belgium_Late_Medieval_Wulpen
Belgium_Late_Medieval-Early_Modern_St._Rombout's_(East_Med_Profile)_(n=2),Belgium_Late_Medieval-Early_Modern_St._Rombout's
Belgium_Late_Medieval-Early_Modern_St._Rombout's_(Iberian_Profile)_(n=4),Belgium_Late_Medieval-Early_Modern_St._Rombout's
Belgium_Late_Medieval-Early_Modern_St._Rombout's_(Northwest_Euro_Profile)_(n=2),Belgium_Late_Medieval-Early_Modern_St._Rombout's
Belgium_LN_Vlaardingen_Pommeroeul_(n=1),Belgium_LN_Vlaardingen_Pommeroeul
Belgium_Mesolithic_Abri_des_Autours_(n=1),Belgium_Mesolithic_Abri_des_Autours
Belgium_Mesolithic_Malonne_Petit_Ri_(n=1),Belgium_Mesolithic_Malonne_Petit_Ri
Belgium_Mesolithic_Waulsort_Caverne_X_(low_res)_(n=2),Belgium_Mesolithic_Waulsort_Caverne_X
Belgium_Roman_Empire-Late_Antiquity_Pommeroeul_(n=1),Belgium_Roman_Empire-Late_Antiquity_Pommeroeul
Belgium_Roman_Empire-Late_Antiquity_Tongeren_(n=2),Belgium_Roman_Empire-Late_Antiquity_Tongeren
Belgium_UP_Aurignacian_Goyet_(n=1),Belgium_UP_Aurignacian_Goyet
Belgium_UP_Aurignacian_Goyet_(low_res)_(n=1),Belgium_UP_Aurignacian_Goyet
Belgium_UP_Gravettian_Goyet_(n=1),Belgium_UP_Gravettian_Goyet
Belgium_UP_Gravettian_Goyet_(low_res)_(n=1),Belgium_UP_Gravettian_Goyet
Belgium_UP_Magdalenian_Goyet_(n=1),Belgium_UP_Magdalenian_Goyet
Belize_Mayahak_Cab_Pek_3600BP_(n=1),Belize_Mayahak_Cab_Pek_3600BP
Belize_Mayahak_Cab_Pek_4000BP_(n=1),Belize_Mayahak_Cab_Pek_4000BP
Belize_Mayahak_Cab_Pek_4400BP_(n=1),Belize_Mayahak_Cab_Pek_4400BP
Belize_Mayahak_Cab_Pek_4600BP_(n=3),Belize_Mayahak_Cab_Pek_4600BP
Belize_Mayahak_Cab_Pek_4900BP_(n=3),Belize_Mayahak_Cab_Pek_4900BP
Belize_Mayahak_Cab_Pek_5500BP_(n=1),Belize_Mayahak_Cab_Pek_5500BP
Belize_Mayahak_Cab_Pek_9300BP_(n=1),Belize_Mayahak_Cab_Pek_9300BP
Belize_Mayahak_Cab_Pek_9400BP_(n=1),Belize_Mayahak_Cab_Pek_9400BP
Belize_Saki_Tzul_4600BP_(n=2),Belize_Saki_Tzul_4600BP
Belize_Saki_Tzul_4900BP_(n=1),Belize_Saki_Tzul_4900BP
Belize_Saki_Tzul_7400BP_(n=2),Belize_Saki_Tzul_7400BP
Bolivia_Akapana_Tiwanaku_1000BP_(n=5),Bolivia_Akapana_Tiwanaku_1000BP
Bolivia_Carangas_1000-1470_CE_(n=1),Bolivia_Carangas_1000-1470_CE
Bolivia_Iroco_1050BP_(n=1),Bolivia_Iroco_1050BP
Bolivia_La_Paz_Tiwanaku_1100BP_(n=1),Bolivia_La_Paz_Tiwanaku_1100BP
Bolivia_La_Paz_Tiwanaku_900BP_(n=1),Bolivia_La_Paz_Tiwanaku_900BP
Bolivia_Lukurmata_Tiwanaku_1000BP_(n=2),Bolivia_Lukurmata_Tiwanaku_1000BP
Bolivia_Lukurmata_Tiwanaku_1700BP_(n=1),Bolivia_Lukurmata_Tiwanaku_1700BP
Bolivia_Lukurmata_Tiwanaku_400BP_(n=1),Bolivia_Lukurmata_Tiwanaku_400BP
Bolivia_Miraflores_1100BP_(n=3),Bolivia_Miraflores_1100BP
Bolivia_Monolito_Descabezado_Tiwanaku_1000BP_(n=1),Bolivia_Monolito_Descabezado_Tiwanaku_1000BP
Bolivia_Pumapunku_Tiwanaku_1200BP_(n=1),Bolivia_Pumapunku_Tiwanaku_1200BP
Bolivia_Putuni_Tiwanaku_1200BP_(n=1),Bolivia_Putuni_Tiwanaku_1200BP
Bolivia_Totocachi_Tiwanaku_500BP_(n=1),Bolivia_Totocachi_Tiwanaku_500BP
Bosnia-Herzegovina_Unknown_Provenance_(Balto-Slavic_Profile)_(n=1),Bosnia-Herzegovina_Unknown_Provenance
Botswana_Taukome_1100BP_(n=1),Botswana_Taukome_1100BP
Botswana_Xaro_1400BP_(n=2),Botswana_Xaro_1400BP
Brazil_Cabecuda_3400BP_(n=2),Brazil_Cabecuda_3400BP
Brazil_Capelinha_10400BP_(n=1),Brazil_Capelinha_10400BP
Brazil_Cubatao_2600BP_(n=1),Brazil_Cubatao_2600BP
Brazil_Jabuticabeira_II_1350BP_(n=1),Brazil_Jabuticabeira_II_1350BP
Brazil_Jabuticabeira_II_2400BP_(n=15),Brazil_Jabuticabeira_II_2400BP
Brazil_Jabuticabeira_II_Pre-Colonial_(n=1),Brazil_Jabuticabeira_II_Pre-Colonial
Brazil_Kaingang_100BP_(n=1),Brazil_Kaingang_100BP
Brazil_Koriabo_Palmeira-Xingu_500BP_(n=1),Brazil_Koriabo_Palmeira-Xingu_500BP
Brazil_Lapa_Do_Santo_9600BP_(n=5),Brazil_Lapa_Do_Santo_9600BP
Brazil_Lapa_Do_Santo_9900BP_(n=2),Brazil_Lapa_Do_Santo_9900BP
Brazil_Laranjal_6700BP_(n=2),Brazil_Laranjal_6700BP
Brazil_Laranjeiras_I_4300BP_(n=3),Brazil_Laranjeiras_I_4300BP
Brazil_Loco_do_Suin_9100BP_(n=1),Brazil_Loco_do_Suin_9100BP
Brazil_Moraes_5800BP_(n=1),Brazil_Moraes_5800BP
Brazil_Pedra_do_Alexandre_4150BP_(n=1),Brazil_Pedra_do_Alexandre_4150BP
Brazil_Pre-Pottery_Jabuticabeira_2200BP_(n=1),Brazil_Pre-Pottery_Jabuticabeira_2200BP
Brazil_Pre-Pottery_Jabuticabeira_2500BP_(n=1),Brazil_Pre-Pottery_Jabuticabeira_2500BP
Brazil_Sambaqui_do_Limao_1850BP_(n=3),Brazil_Sambaqui_do_Limao_1850BP
Brazil_Sambaqui_do_Limao_2700BP_(n=1),Brazil_Sambaqui_do_Limao_2700BP
Brazil_Sambaqui_do_Limao_500BP_(n=1),Brazil_Sambaqui_do_Limao_500BP
Brazil_Sambaqui_do_Limao_Pre-Colonial_(n=1),Brazil_Sambaqui_do_Limao_Pre-Colonial
Brazil_Sumidouro_10100BP_(n=5),Brazil_Sumidouro_10100BP
Brazil_Taquara-Itarare_Galheta_1250BP_(n=1),Brazil_Taquara-Itarare_Galheta_1250BP
Brazil_Una_Vau_1_600BP_(n=1),Brazil_Una_Vau_1_600BP
Bulgaria_CA_(n=3),Bulgaria_CA
Bulgaria_CA_Gumelnita/Karanovo_Petko_Karavelovo_(n=2),Bulgaria_CA_Gumelnita/Karanovo_Petko_Karavelovo
Bulgaria_CA_Gumelnita/Karanovo_Petko_Karavelovo_o_(n=1),Bulgaria_CA_Gumelnita/Karanovo_Petko_Karavelovo
Bulgaria_CA_Gumelnita/Karanovo_Yunatsite_(n=17),Bulgaria_CA_Gumelnita/Karanovo_Yunatsite
Bulgaria_CA_o_(low_res)_(n=1),Bulgaria_CA
Bulgaria_CA_Varna_(n=22),Bulgaria_CA_Varna
Bulgaria_CA_Varna_(High_Steppe_Profile)_(n=1),Bulgaria_CA_Varna
Bulgaria_Early_Medieval_Samovodene_(East_Asian-Mixed_Profile)_(n=1),Bulgaria_Early_Medieval_Samovodene
Bulgaria_EBA_Beli_Breyag_(n=1),Bulgaria_EBA_Beli_Breyag
Bulgaria_EBA_Dzhulyunitsa_(n=1),Bulgaria_EBA_Dzhulyunitsa
Bulgaria_EBA_Dzhulyunitsa_o_(n=1),Bulgaria_EBA_Dzhulyunitsa
Bulgaria_EBA_Merichleri_(n=1),Bulgaria_EBA_Merichleri
Bulgaria_EBA_Smyadovo_(n=2),Bulgaria_EBA_Smyadovo
Bulgaria_EBA_Smyadovo_(contaminated)_(n=1),Bulgaria_EBA_Smyadovo
Bulgaria_EBA_Tell_Ezero_(n=4),Bulgaria_EBA_Tell_Ezero
Bulgaria_EBA_Tell_Kran_(n=5),Bulgaria_EBA_Tell_Kran
Bulgaria_EBA_Yamnaya_Boyanovo_(n=5),Bulgaria_EBA_Yamnaya_Boyanovo
Bulgaria_EBA_Yamnaya_Boyanovo_o_(n=2),Bulgaria_EBA_Yamnaya_Boyanovo
Bulgaria_EBA_Yamnaya_Nova_Zagora_(n=1),Bulgaria_EBA_Yamnaya_Nova_Zagora
Bulgaria_EBA_Yamnaya_Popovo_(n=1),Bulgaria_EBA_Yamnaya_Popovo
Bulgaria_EBA_Yamnaya_Popovo_o_(n=1),Bulgaria_EBA_Yamnaya_Popovo
Bulgaria_EBA_Yunatsite_(n=11),Bulgaria_EBA_Yunatsite
Bulgaria_EBA_Yunatsite_o_(n=1),Bulgaria_EBA_Yunatsite
Bulgaria_EIA_Diamandovo_(n=1),Bulgaria_EIA_Diamandovo
Bulgaria_EIA_Dzhulyunitsa_(n=1),Bulgaria_EIA_Dzhulyunitsa
Bulgaria_EIA_Kapitan_Andreevo_(n=6),Bulgaria_EIA_Kapitan_Andreevo
Bulgaria_EMBA_Kapitan_Andreevo_(n=1),Bulgaria_EMBA_Kapitan_Andreevo
Bulgaria_Hellenistic_(n=1),Bulgaria_Hellenistic
Bulgaria_High_Medieval_Ryahovets_(n=2),Bulgaria_High_Medieval_Ryahovets
Bulgaria_IUP_Bacho_Kiro_(n=3),Bulgaria_IUP_Bacho_Kiro
Bulgaria_Late_Antiquity_(n=1),Bulgaria_Late_Antiquity
Bulgaria_LCA_(n=5),Bulgaria_LCA
Bulgaria_MCA_(n=1),Bulgaria_MCA
Bulgaria_MLBA_(n=1),Bulgaria_MLBA
Bulgaria_N_(n=4),Bulgaria_N
Bulgaria_N_(low_res)_(n=1),Bulgaria_N
Bulgaria_N_Dzhulyunitsa_(n=3),Bulgaria_N_Dzhulyunitsa
Bulgaria_N_Dzhulyunitsa_(low_res)_(n=1),Bulgaria_N_Dzhulyunitsa
Bulgaria_N_Dzhulyunitsa_o1_(n=1),Bulgaria_N_Dzhulyunitsa
Bulgaria_N_Dzhulyunitsa_o2_(n=1),Bulgaria_N_Dzhulyunitsa
Bulgaria_N_Krepost_(n=1),Bulgaria_N_Krepost
Bulgaria_N_Malak_Preslavets_(n=3),Bulgaria_N_Malak_Preslavets
Bulgaria_N_Malak_Preslavets_o_(n=5),Bulgaria_N_Malak_Preslavets
Bulgaria_UP_Gravettian_Bacho_Kiro_(n=1),Bulgaria_UP_Gravettian_Bacho_Kiro
Buryatia_EN_Kitoi_Fofonovo_(n=6),Buryatia_EN_Kitoi_Fofonovo
Buryatia_IA_Xiongnu_Late_(n=8),Buryatia_IA_Xiongnu_Late
Buryatia_Mesolithic_Dzhylinda_(n=1),Buryatia_Mesolithic_Dzhylinda
Buryatia_UP_Ust-Kyakhta_(n=1),Buryatia_UP_Ust-Kyakhta
Cameroon_Shum_Laka_3000BP_(n=2),Cameroon_Shum_Laka_3000BP
Cameroon_Shum_Laka_8000BP_(n=2),Cameroon_Shum_Laka_8000BP
Canada_Atholville_400BP_Mi'kmaq_(n=1),Canada_Atholville_400BP_Mi'kmaq
Canada_Big_Bar_Lake_5700BP_(n=1),Canada_Big_Bar_Lake_5700BP
Canada_Lucier_400BP_(n=1),Canada_Lucier_400BP
Canada_Lucier_4845BP_(n=1),Canada_Lucier_4845BP
Canada_Lucy_Island_6000BP_(n=1),Canada_Lucy_Island_6000BP
Canada_Paleo-Eskimo_Late_Dorset_(low_res)_(n=1),Canada_Paleo-Eskimo_Late_Dorset
Canada_Paleo-Eskimo_Middle_Dorset_(low_res)_(n=1),Canada_Paleo-Eskimo_Middle_Dorset
Canada_Southampton_Island_Thule_(low_res)_(n=1),Canada_Southampton_Island_Thule
Canada_Teston_Road_500BP_Wendat_(n=1),Canada_Teston_Road_500BP_Wendat
Canada_Turnbull_Ossuary_500BP_Wendat_(low_res)_(n=1),Canada_Turnbull_Ossuary_500BP_Wendat
Canary_Islands_Early_Medieval_Guanche_(n=6),Canary_Islands_Early_Medieval_Guanche
Canary_Islands_High_Medieval_Guanche_(n=12),Canary_Islands_High_Medieval_Guanche
Canary_Islands_High-Late_Medieval_Guanche_(n=6),Canary_Islands_High-Late_Medieval_Guanche
Canary_Islands_Late_Antiquity_Guanche_(n=2),Canary_Islands_Late_Antiquity_Guanche
Canary_Islands_Late_Antiquity-Early_Medieval_Guanche_(n=1),Canary_Islands_Late_Antiquity-Early_Medieval_Guanche
Canary_Islands_Late_Medieval_Guanche_(n=5),Canary_Islands_Late_Medieval_Guanche
Canary_Islands_Late_Medieval-Early_Modern_Guanche_(n=1),Canary_Islands_Late_Medieval-Early_Modern_Guanche
Channel_Islands_Alderney_EIA_(n=1),Channel_Islands_Alderney_EIA
Channel_Islands_Alderney_LIA_(n=2),Channel_Islands_Alderney_LIA
Channel_Islands_Alderney_LIA_La_Tene_(low_res)_(n=1),Channel_Islands_Alderney_LIA_La_Tene
Channel_Islands_Guernsey_LN_(n=2),Channel_Islands_Guernsey_LN
Channel_Islands_Guernsey_LN_(low_res)_(n=1),Channel_Islands_Guernsey_LN
Channel_Islands_Guernsey_MN_(n=1),Channel_Islands_Guernsey_MN
Channel_Islands_Guernsey_MN_(low_res)_(n=2),Channel_Islands_Guernsey_MN
Channel_Islands_Herm_MN_(low_res)_(n=2),Channel_Islands_Herm_MN
Chechnya_LIA_Alan_Bratskoe_(n=1),Chechnya_LIA_Alan_Bratskoe
Chechnya_MBA_Ginchi_(n=1),Chechnya_MBA_Ginchi
Chelyabinsk_Early_Medieval_Kushnarenkovo-Karayakupovo_Uyelgi_(n=1),Chelyabinsk_Early_Medieval_Kushnarenkovo-Karayakupovo_Uyelgi
Chelyabinsk_Early_Medieval_Kushnarenkovo-Karayakupovo_Uyelgi_(low_res)_(n=2),Chelyabinsk_Early_Medieval_Kushnarenkovo-Karayakupovo_Uyelgi
Chelyabinsk_EBA_Yamnaya_(n=5),Chelyabinsk_EBA_Yamnaya
Chelyabinsk_IA_Scythian_Nikolaevka_(Altai_MLBA_Profile)_(n=1),Chelyabinsk_IA_Scythian_Nikolaevka
Chelyabinsk_MLBA_Petrovka_Stepnoe_(n=1),Chelyabinsk_MLBA_Petrovka_Stepnoe
Chelyabinsk_MLBA_Petrovka_Stepnoe_(low_res)_(n=1),Chelyabinsk_MLBA_Petrovka_Stepnoe
Chelyabinsk_MLBA_Sintashta_(n=32),Chelyabinsk_MLBA_Sintashta
Chelyabinsk_MLBA_Sintashta_(contaminated)_(n=1),Chelyabinsk_MLBA_Sintashta
Chelyabinsk_MLBA_Sintashta_o1_(n=2),Chelyabinsk_MLBA_Sintashta
Chelyabinsk_MLBA_Sintashta_o2_(n=5),Chelyabinsk_MLBA_Sintashta
Chelyabinsk_MLBA_Sintashta_o3_(n=1),Chelyabinsk_MLBA_Sintashta
Chelyabinsk_MLBA_Srubnaya_Alakul_Nepluyevsky_(n=27),Chelyabinsk_MLBA_Srubnaya_Alakul_Nepluyevsky
Chelyabinsk_MLBA_Srubnaya_Alakul_Nepluyevsky_o1_(n=1),Chelyabinsk_MLBA_Srubnaya_Alakul_Nepluyevsky
Chelyabinsk_MLBA_Srubnaya_Alakul_Nepluyevsky_o2_(n=2),Chelyabinsk_MLBA_Srubnaya_Alakul_Nepluyevsky
Chile_Aonikenk_400BP_(n=1),Chile_Aonikenk_400BP
Chile_Ayayema_5100BP_(n=1),Chile_Ayayema_5100BP
Chile_Caleta_Huelen_MH_1100BP_(n=2),Chile_Caleta_Huelen_MH_1100BP
Chile_Conchali_700BP_(n=2),Chile_Conchali_700BP
Chile_Fuego_Patagonian_(n=2),Chile_Fuego_Patagonian
Chile_Kaweskar_1000BP_(n=2),Chile_Kaweskar_1000BP
Chile_Los_Rieles_10900BP_(n=1),Chile_Los_Rieles_10900BP
Chile_Los_Rieles_5100BP_(n=1),Chile_Los_Rieles_5100BP
Chile_Pica_Ocho_700BP_(n=1),Chile_Pica_Ocho_700BP
Chile_Pukara_600BP_(n=1),Chile_Pukara_600BP
Chile_Pukara_700BP_(n=1),Chile_Pukara_700BP
Chile_Punta_Santa_Ana_7300BP_(n=1),Chile_Punta_Santa_Ana_7300BP
Chile_Selknam_100BP_(n=1),Chile_Selknam_100BP
Chile_Yamana_1000BP_(n=2),Chile_Yamana_1000BP
China_Beijing_EUP_Tianyuan_(n=1),China_Beijing_EUP_Tianyuan
China_Fujian_EP_Qihe_(n=1),China_Fujian_EP_Qihe
China_Fujian_HP_Ming-Qing_Dynasty_Chuanyun_(n=1),China_Fujian_HP_Ming-Qing_Dynasty_Chuanyun
China_Fujian_LN_Tanshishan_(n=1),China_Fujian_LN_Tanshishan
China_Fujian_LN_Tanshishan_(low_res)_(n=1),China_Fujian_LN_Tanshishan
China_Fujian_LN_Xitoucun_(n=2),China_Fujian_LN_Xitoucun
China_Fujian_N_Qihe_(n=1),China_Fujian_N_Qihe
China_Gansu_HP_Sixteen_Kingdoms_Foyemiaowan_(n=4),China_Gansu_HP_Sixteen_Kingdoms_Foyemiaowan
China_Gansu_HP_Sui_Dynasty_Foyemiaowan_(n=1),China_Gansu_HP_Sui_Dynasty_Foyemiaowan
China_Gansu_HP_Tang_Dynasty_Foyemiaowan_(n=1),China_Gansu_HP_Tang_Dynasty_Foyemiaowan
China_Gansu_HP_Tang_Dynasty_Foyemiaowan_o_(Eastern_Iranic-Mixed)_(n=1),China_Gansu_HP_Tang_Dynasty_Foyemiaowan_o_(Eastern_Iranic-Mixed)
China_Gansu_HP_Wei_Dynasty_Foyemiaowan_(n=2),China_Gansu_HP_Wei_Dynasty_Foyemiaowan
China_Gansu_HP_Wei_Dynasty_Foyemiaowan_o_(Turanian-Mixed)_(n=1),China_Gansu_HP_Wei_Dynasty_Foyemiaowan_o_(Turanian-Mixed)
China_Gansu_IA_Eastern_Han_Dynasty_Heishuiguo_(n=9),China_Gansu_IA_Eastern_Han_Dynasty_Heishuiguo
China_Gansu_IA_Eastern_Han_Dynasty_Heishuiguo_o_(n=1),China_Gansu_IA_Eastern_Han_Dynasty_Heishuiguo
China_Gansu_IA_Western_Han_Dynasty_Heishuiguo_(n=2),China_Gansu_IA_Western_Han_Dynasty_Heishuiguo
China_Guangxi_EN_Dushan_(n=1),China_Guangxi_EN_Dushan
China_Guangxi_EP_Longlin_(n=1),China_Guangxi_EP_Longlin
China_Guangxi_HP_Jin-Southern_Dynasties_Balong_(n=4),China_Guangxi_HP_Jin-Southern_Dynasties_Balong
China_Guangxi_HP_Jin-Southern_Dynasties_Layi_(n=1),China_Guangxi_HP_Jin-Southern_Dynasties_Layi
China_Guangxi_HP_Jin-Southern_Dynasties_Qinchang_(n=2),China_Guangxi_HP_Jin-Southern_Dynasties_Qinchang
China_Guangxi_HP_Late_Yuan-Ming_Dynasty_Baitaishan_(n=2),China_Guangxi_HP_Late_Yuan-Ming_Dynasty_Baitaishan
China_Guangxi_HP_Late_Yuan-Ming_Dynasty_Huatudong_(n=2),China_Guangxi_HP_Late_Yuan-Ming_Dynasty_Huatudong
China_Guangxi_HP_Ming_Dynasty_Huaqiao_(n=1),China_Guangxi_HP_Ming_Dynasty_Huaqiao
China_Guangxi_HP_Ming_Dynasty_Huatuyan_(n=8),China_Guangxi_HP_Ming_Dynasty_Huatuyan
China_Guangxi_HP_Ming_Dynasty_Yinwang_(n=1),China_Guangxi_HP_Ming_Dynasty_Yinwang
China_Guangxi_HP_Ming-Qing_Dynasty_Gaofeng_(n=1),China_Guangxi_HP_Ming-Qing_Dynasty_Gaofeng
China_Guangxi_HP_Southern_Tang_Dynasty_Banda_(n=2),China_Guangxi_HP_Southern_Tang_Dynasty_Banda
China_Guangxi_HP_Southern_Tang_Dynasty_Cenxun_(n=3),China_Guangxi_HP_Southern_Tang_Dynasty_Cenxun
China_Guangxi_HP_Southern_Tang_Dynasty_Lada_(n=1),China_Guangxi_HP_Southern_Tang_Dynasty_Lada
China_Guangxi_HP_Southern-Tang_Dynasty_Yiyang_(n=1),China_Guangxi_HP_Southern-Tang_Dynasty_Yiyang
China_Guangxi_HP_Sui-Tang_Dynasty_Shenxian_(n=1),China_Guangxi_HP_Sui-Tang_Dynasty_Shenxian
China_Guangxi_MN_Baojianshan_(n=2),China_Guangxi_MN_Baojianshan
China_Guizhou_HP_Ming_Dynasty_Songshan_(n=7),China_Guizhou_HP_Ming_Dynasty_Songshan
China_Guizhou_HP_Ming_Dynasty_Songshan_o_(n=1),China_Guizhou_HP_Ming_Dynasty_Songshan
China_Guizhou_HP_Song_Dynasty_Songshan_(n=2),China_Guizhou_HP_Song_Dynasty_Songshan
China_Guizhou_HP_Song-Ming_Dynasty_Songshan_(n=31),China_Guizhou_HP_Song-Ming_Dynasty_Songshan
China_Guizhou_HP_Song-Ming_Dynasty_Songshan_o_(n=2),China_Guizhou_HP_Song-Ming_Dynasty_Songshan
China_Guizhou_HP_Yuan-Ming_Dynasty_Songshan_(n=1),China_Guizhou_HP_Yuan-Ming_Dynasty_Songshan
China_Heilongjiang_EN_Acheng_(n=1),China_Heilongjiang_EN_Acheng
China_Heilongjiang_EN_Lanxi_(n=1),China_Heilongjiang_EN_Lanxi
China_Heilongjiang_EN_Songbei_(n=1),China_Heilongjiang_EN_Songbei
China_Heilongjiang_EN_Xiangfang_(n=1),China_Heilongjiang_EN_Xiangfang
China_Heilongjiang_EN_Zhaodong_(n=8),China_Heilongjiang_EN_Zhaodong
China_Heilongjiang_EUP_Acheng_(n=1),China_Heilongjiang_EUP_Acheng
China_Heilongjiang_LUP_Zhaodong_(n=2),China_Heilongjiang_LUP_Zhaodong
China_Heilongjiang_LUP_Zhaodong_(low_res)_(n=1),China_Heilongjiang_LUP_Zhaodong
China_Heilongjiang_MN_Zhaodong_(n=2),China_Heilongjiang_MN_Zhaodong
China_Heilongjiang_UP_Zhaodong_(n=1),China_Heilongjiang_UP_Zhaodong
China_Henan_Early-Late_Modern_Qing_Dynasty_Lusixi_(n=2),China_Henan_Early-Late_Modern_Qing_Dynasty_Lusixi
China_Henan_EBA_Erlitou_Wangchenggang_(n=5),China_Henan_EBA_Erlitou_Wangchenggang
China_Henan_HP_Ming-Qing_Dynasty_Lusixi_(n=1),China_Henan_HP_Ming-Qing_Dynasty_Lusixi
China_Henan_HP_Tang_Dynasty_Lusixi_(n=3),China_Henan_HP_Tang_Dynasty_Lusixi
China_Henan_IA_Warring_States-Early_Imperial_Luoheguxiang_(n=2),China_Henan_IA_Warring_States-Early_Imperial_Luoheguxiang
China_Henan_LBA_Shang_Dynasty_Jiaozuoniecun_(n=2),China_Henan_LBA_Shang_Dynasty_Jiaozuoniecun
China_Henan_LBA_Spring_and_Autumn_Period_Lusixi_(n=17),China_Henan_LBA_Spring_and_Autumn_Period_Lusixi
China_Henan_LBA_Western_Zhou_Dynasty_Lusixi_(n=10),China_Henan_LBA_Western_Zhou_Dynasty_Lusixi
China_Henan_LBIA_Eastern_Zhou_Dynasty_Haojiatai_(n=1),China_Henan_LBIA_Eastern_Zhou_Dynasty_Haojiatai
China_Henan_LBIA_Zhou_Dynasty_Guanzhuang_(n=6),China_Henan_LBIA_Zhou_Dynasty_Guanzhuang
China_Henan_LN_Longshan_Haojiatai_(n=2),China_Henan_LN_Longshan_Haojiatai
China_Henan_LN_Longshan_Pingliangtai_(n=4),China_Henan_LN_Longshan_Pingliangtai
China_Henan_LN_Longshan_Wadian_(n=7),China_Henan_LN_Longshan_Wadian
China_Henan_LN_Longshan_Yuzhuang_(n=3),China_Henan_LN_Longshan_Yuzhuang
China_Henan_MN_Yangshao_Wanggou_(n=4),China_Henan_MN_Yangshao_Wanggou
China_Henan_MN_Yangshao_Xiaowu_(n=1),China_Henan_MN_Yangshao_Xiaowu
China_Henan_N_Longshan_Yangshao_(n=7),China_Henan_N_Longshan_Yangshao
China_Henan_N_Qinwangzhai_Zhanmatun_(n=7),China_Henan_N_Qinwangzhai_Zhanmatun
China_Inner_Mongolia_BA_Longtoushan_(n=2),China_Inner_Mongolia_BA_Longtoushan
China_Inner_Mongolia_BA_Longtoushan_o_(n=1),China_Inner_Mongolia_BA_Longtoushan
China_Inner_Mongolia_EN_Yumin_(n=1),China_Inner_Mongolia_EN_Yumin
China_Inner_Mongolia_EN_Zhalainuoer_(n=2),China_Inner_Mongolia_EN_Zhalainuoer
China_Inner_Mongolia_HP_Wei_Dynasty_Qilangshan_(n=1),China_Inner_Mongolia_HP_Wei_Dynasty_Qilangshan
China_Inner_Mongolia_IA_Xianbei_Zhalainuoer_(n=1),China_Inner_Mongolia_IA_Xianbei_Zhalainuoer
China_Inner_Mongolia_IA_Xianbei_Zhalainuoer_(low_res)_(n=1),China_Inner_Mongolia_IA_Xianbei_Zhalainuoer
China_Inner_Mongolia_LN_Lower_Xiajiadian_Erdaojingzi_(n=3),China_Inner_Mongolia_LN_Lower_Xiajiadian_Erdaojingzi
China_Inner_Mongolia_MN_Haminmangha_(n=1),China_Inner_Mongolia_MN_Haminmangha
China_Inner_Mongolia_MN_Miaozigou_(n=1),China_Inner_Mongolia_MN_Miaozigou
China_Inner_Mongolia_MN_Miaozigou_(low_res)_(n=1),China_Inner_Mongolia_MN_Miaozigou
China_Liaoning_LBA_Upper_Xiajiadian_Majiazishan_(n=1),China_Liaoning_LBA_Upper_Xiajiadian_Majiazishan
China_Liaoning_MN_Hongshan_Banlashan_(n=2),China_Liaoning_MN_Hongshan_Banlashan
China_Qinghai_Early_Medieval_Tubo_Dulan_(n=7),China_Qinghai_Early_Medieval_Tubo_Dulan
China_Qinghai_Early_Medieval_Tubo_Dulan_o_(n=1),China_Qinghai_Early_Medieval_Tubo_Dulan
China_Qinghai_IA_Eastern_Han_Dynasty_Dacaozi_(n=3),China_Qinghai_IA_Eastern_Han_Dynasty_Dacaozi
China_Qinghai_LN_Qijia_Jinchankou_(n=1),China_Qinghai_LN_Qijia_Jinchankou
China_Qinghai_LN_Qijia_Lajia_(n=4),China_Qinghai_LN_Qijia_Lajia
China_Shaanxi_HP_Northern_Zhou_Dynasty_Xianyang_(n=2),China_Shaanxi_HP_Northern_Zhou_Dynasty_Xianyang
China_Shaanxi_HP_Tang_Dynasty_Xingfulindai_(n=5),China_Shaanxi_HP_Tang_Dynasty_Xingfulindai
China_Shaanxi_HP_Tang_Dynasty_Xingfulindai_o_(n=1),China_Shaanxi_HP_Tang_Dynasty_Xingfulindai
China_Shaanxi_LN_Longshan_Shengedaliang_(n=2),China_Shaanxi_LN_Longshan_Shengedaliang
China_Shandong_EBA_Yueshi_Chengziya_(n=1),China_Shandong_EBA_Yueshi_Chengziya
China_Shandong_HP_Ming_Dynasty_Dongguandongnan_(n=1),China_Shandong_HP_Ming_Dynasty_Dongguandongnan
China_Shandong_HP_Northern_Qi-Sui_Dynasty_Xisanjia_(n=1),China_Shandong_HP_Northern_Qi-Sui_Dynasty_Xisanjia
China_Shandong_HP_Song_Dynasty_Dongguandongnan_(n=1),China_Shandong_HP_Song_Dynasty_Dongguandongnan
China_Shandong_HP_Tang_Dynasty_Fudamen_(n=12),China_Shandong_HP_Tang_Dynasty_Fudamen
China_Shandong_HP_Tang_Dynasty_Fudamen_o_(n=1),China_Shandong_HP_Tang_Dynasty_Fudamen
China_Shandong_HP_Wei-Jin_Dynasty_Xisanjia_(n=1),China_Shandong_HP_Wei-Jin_Dynasty_Xisanjia
China_Shandong_HP_Western_Jin_Dynasty_Jianyaomiao_(n=1),China_Shandong_HP_Western_Jin_Dynasty_Jianyaomiao
China_Shandong_HP_Western_Jin_Dynasty_Xiyanchi_(n=2),China_Shandong_HP_Western_Jin_Dynasty_Xiyanchi
China_Shandong_HP_Yuan_Dynasty_Dongguandongnan_(n=2),China_Shandong_HP_Yuan_Dynasty_Dongguandongnan
China_Shandong_IA_Han_Dynasty_Dinggong_(n=1),China_Shandong_IA_Han_Dynasty_Dinggong
China_Shandong_IA_Han_Dynasty_Dongxiaogong_(n=2),China_Shandong_IA_Han_Dynasty_Dongxiaogong
China_Shandong_IA_Han_Dynasty_Fengshan_(n=1),China_Shandong_IA_Han_Dynasty_Fengshan
China_Shandong_IA_Han_Dynasty_Liujiazhuang_(n=1),China_Shandong_IA_Han_Dynasty_Liujiazhuang
China_Shandong_IA_Han_Dynasty_Xisanjia_(n=1),China_Shandong_IA_Han_Dynasty_Xisanjia
China_Shandong_IA_Han_Dynasty-HP_Tang_Dynasty_Linzi_(n=3),China_Shandong_IA_Han_Dynasty-HP_Tang_Dynasty_Linzi
China_Shandong_IA_Warring_States_Xisanjia_(n=1),China_Shandong_IA_Warring_States_Xisanjia
China_Shandong_IA_Warring_States-Eastern_Han_Dynasty_Linzi_(n=10),China_Shandong_IA_Warring_States-Eastern_Han_Dynasty_Linzi
China_Shandong_IA_Warring_States-Eastern_Han_Dynasty_Yixi_(n=4),China_Shandong_IA_Warring_States-Eastern_Han_Dynasty_Yixi
China_Shandong_IA_Warring_States-HP_Ming_Dynasty_Linzi_(n=14),China_Shandong_IA_Warring_States-HP_Ming_Dynasty_Linzi
China_Shandong_IA_Western_Han_Dynasty_Xujiaying_(n=3),China_Shandong_IA_Western_Han_Dynasty_Xujiaying
China_Shandong_LBA_Erligang_Chengziya_(n=2),China_Shandong_LBA_Erligang_Chengziya
China_Shandong_LBA_Late_Shang-Early_Western_Zhou_Dynasty_Chengziya_(n=1),China_Shandong_LBA_Late_Shang-Early_Western_Zhou_Dynasty_Chengziya
China_Shandong_LBA_Late_Shang-Early_Western_Zhou_Dynasty_Wucun_(n=1),China_Shandong_LBA_Late_Shang-Early_Western_Zhou_Dynasty_Wucun
China_Shandong_LBA_Late_Western_Zhou_Dynasty_Liangchun_(n=1),China_Shandong_LBA_Late_Western_Zhou_Dynasty_Liangchun
China_Shandong_LBA_Shang_Dynasty_Xichen_(n=2),China_Shandong_LBA_Shang_Dynasty_Xichen
China_Shandong_LBA_Spring_and_Autumn_Period_Xisanjia_(n=1),China_Shandong_LBA_Spring_and_Autumn_Period_Xisanjia
China_Shandong_LBA_Spring_and_Autumn_Period-IA_Warring_States_Chengziya_(n=1),China_Shandong_LBA_Spring_and_Autumn_Period-IA_Warring_States_Chengziya
China_Shandong_LBA_Western_Zhou_Dynasty_Houli_(n=1),China_Shandong_LBA_Western_Zhou_Dynasty_Houli
China_Shandong_LBA_Western_Zhou_Dynasty_Liujiazhuang_(n=1),China_Shandong_LBA_Western_Zhou_Dynasty_Liujiazhuang
China_Shandong_LBA_Western_Zhou_Dynasty-IA_Western_Han_Dynasty_Xinzhi_(n=5),China_Shandong_LBA_Western_Zhou_Dynasty-IA_Western_Han_Dynasty_Xinzhi
China_Shandong_LBA_Zhou_Dynasty-IA_Eastern_Han_Dynasty_Liujiazhuang_(n=13),China_Shandong_LBA_Zhou_Dynasty-IA_Eastern_Han_Dynasty_Liujiazhuang
China_Shandong_LBIA_Eastern_Zhou_Dynasty_Dongkangliu_(n=3),China_Shandong_LBIA_Eastern_Zhou_Dynasty_Dongkangliu
China_Shandong_LBIA_Zhou_Dynasty_Liangchun_(n=1),China_Shandong_LBIA_Zhou_Dynasty_Liangchun
China_Shandong_LBIA_Zhou_Dynasty_Wucun_(n=1),China_Shandong_LBIA_Zhou_Dynasty_Wucun
China_Shandong_N_Early-Middle_Dawenkou_Beiqian_(n=27),China_Shandong_N_Early-Middle_Dawenkou_Beiqian
China_Shandong_N_Houli_Bianbian_(n=1),China_Shandong_N_Houli_Bianbian
China_Shandong_N_Houli_Boshan_(n=1),China_Shandong_N_Houli_Boshan
China_Shandong_N_Houli_Xiaogao_(n=1),China_Shandong_N_Houli_Xiaogao
China_Shandong_N_Houli_Xiaojingshan_(n=3),China_Shandong_N_Houli_Xiaojingshan
China_Shandong_N_Late_Dawenkou_Dawenkou_(n=3),China_Shandong_N_Late_Dawenkou_Dawenkou
China_Shandong_N_Late_Dawenkou_Fujia_(n=9),China_Shandong_N_Late_Dawenkou_Fujia
China_Shandong_N_Late_Dawenkou_Gangshang_(n=3),China_Shandong_N_Late_Dawenkou_Gangshang
China_Shandong_N_Late_Dawenkou_Jiaojia_(n=7),China_Shandong_N_Late_Dawenkou_Jiaojia
China_Shandong_N_Late_Dawenkou_Jiaojia_(low_res)_(n=5),China_Shandong_N_Late_Dawenkou_Jiaojia
China_Shandong_N_Late_Dawenkou_Sanlihe_(n=2),China_Shandong_N_Late_Dawenkou_Sanlihe
China_Shandong_N_Late_Dawenkou_Wucun_(n=2),China_Shandong_N_Late_Dawenkou_Wucun
China_Shandong_N_Late_Dawenkou_Wutai_(n=1),China_Shandong_N_Late_Dawenkou_Wutai
China_Shandong_N_Late_Dawenkou_Xixiahou_(n=4),China_Shandong_N_Late_Dawenkou_Xixiahou
China_Shandong_N_Longshan_Chengziya_(n=5),China_Shandong_N_Longshan_Chengziya
China_Shandong_N_Longshan_Dinggong_(n=7),China_Shandong_N_Longshan_Dinggong
China_Shandong_N_Longshan_Dinggong_o_(n=3),China_Shandong_N_Longshan_Dinggong
China_Shandong_N_Longshan_Sanlihe_(n=5),China_Shandong_N_Longshan_Sanlihe
China_Shandong_N_Longshan_Tonglin_(n=7),China_Shandong_N_Longshan_Tonglin
China_Shandong_N_Longshan_Wutai_(n=6),China_Shandong_N_Longshan_Wutai
China_Shandong_N_Longshan_Yinjiacheng_(n=4),China_Shandong_N_Longshan_Yinjiacheng
China_Shandong_N_Middle_Dawenkou_Liulin_(n=3),China_Shandong_N_Middle_Dawenkou_Liulin
China_Sichuan_LN_Baodun_Gaoshan_(low_res)_(n=3),China_Sichuan_LN_Baodun_Gaoshan
China_Yunnan_EBA_Haimenkou_(low_res)_(n=2),China_Yunnan_EBA_Haimenkou
Chukotka_Old_Bering_Sea_Ekven_(n=24),Chukotka_Old_Bering_Sea_Ekven
Chukotka_Old_Bering_Sea_Uelen_(n=4),Chukotka_Old_Bering_Sea_Uelen
Crimea_Hellenistic-Roman_Empire_Scythian_Maslyny_(Steppe_Iranic_Profile)_(n=1),Crimea_Hellenistic-Roman_Empire_Scythian_Maslyny
Crimea_Late_Antiquity_(n=1),Crimea_Late_Antiquity
Croatia_CA_(n=1),Croatia_CA
Croatia_CA_Kostolac_(n=1),Croatia_CA_Kostolac
Croatia_CA_Lasinja_(n=31),Croatia_CA_Lasinja
Croatia_CA_Vucedol_(n=1),Croatia_CA_Vucedol
Croatia_Early_Medieval_(Byzantine)_Gardun_(Central_Med_Profile)_(n=1),Croatia_Early_Medieval_(Byzantine)_Gardun
Croatia_Early_Medieval_(Byzantine)_Novo_Selo-Bunje_(East_Med_Profile)_(n=1),Croatia_Early_Medieval_(Byzantine)_Novo_Selo-Bunje
Croatia_Early_Medieval_(Byzantine)_Trogir_(Central_Med_Profile)_(n=4),Croatia_Early_Medieval_(Byzantine)_Trogir
Croatia_Early_Medieval_(Byzantine)_Trogir_(East_Med_Profile)_(n=1),Croatia_Early_Medieval_(Byzantine)_Trogir
Croatia_Early_Medieval_(Byzantine)_Trogir_(South_Slavic_Profile)_(n=1),Croatia_Early_Medieval_(Byzantine)_Trogir
Croatia_Early_Medieval_Avar_Period_Late_Nustar_(Central_Euro_Slavic_Profile)_(n=1),Croatia_Early_Medieval_Avar_Period_Late_Nustar
Croatia_Early_Medieval_Avar_Period_Late_Nustar_(Central_Med_Profile)_(n=5),Croatia_Early_Medieval_Avar_Period_Late_Nustar
Croatia_Early_Medieval_Avar_Period_Late_Nustar_(South_Slavic_Profile)_(n=3),Croatia_Early_Medieval_Avar_Period_Late_Nustar
Croatia_Early_Medieval_Avar_Period_Middle/Late_Jagodnjak_(Central_Euro_Slavic_Profile)_(n=1),Croatia_Early_Medieval_Avar_Period_Middle/Late_Jagodnjak
Croatia_Early_Medieval_Avar_Period_Middle/Late_Jagodnjak_(East_Med-Anatolian_Profile)_(n=1),Croatia_Early_Medieval_Avar_Period_Middle/Late_Jagodnjak
Croatia_Early_Medieval_Avar_Period_Middle/Late_Jagodnjak_(South_Slavic_Profile)_(n=1),Croatia_Early_Medieval_Avar_Period_Middle/Late_Jagodnjak
Croatia_Early_Medieval_Brekinjova_Kosa_(Balto-Slavic_Profile)_(n=1),Croatia_Early_Medieval_Brekinjova_Kosa
Croatia_Early_Medieval_Brekinjova_Kosa_(West_Med_Profile)_(n=1),Croatia_Early_Medieval_Brekinjova_Kosa
Croatia_Early_Medieval_Cepinski-Martinci_(Northern_Euro_Profile)_(n=1),Croatia_Early_Medieval_Cepinski-Martinci
Croatia_Early_Medieval_Sipar_(Central_Med_Profile)_(n=4),Croatia_Early_Medieval_Sipar
Croatia_Early_Medieval_Sipar_(Paleo-Balkan_Profile)_(n=2),Croatia_Early_Medieval_Sipar
Croatia_Early_Medieval_Sipar_(West_Med_Profile)_(n=1),Croatia_Early_Medieval_Sipar
Croatia_Early_Modern_Gornji_Kosinj_(South_Slavic_Profile)_(n=1),Croatia_Early_Modern_Gornji_Kosinj
Croatia_Early_Modern_Lepoglava_Hunyadi_Family_(n=2),Croatia_Early_Modern_Lepoglava_Hunyadi_Family
Croatia_Early_Modern_Vinkovci_(South_Slavic_Profile)_(n=1),Croatia_Early_Modern_Vinkovci
Croatia_EBA_(n=1),Croatia_EBA
Croatia_EIA_Jazinka_(n=1),Croatia_EIA_Jazinka
Croatia_EIA_Mala_Metaljka_(n=1),Croatia_EIA_Mala_Metaljka
Croatia_EIA_Skradnik_(n=1),Croatia_EIA_Skradnik
Croatia_EIA_Smiljan_(n=6),Croatia_EIA_Smiljan
Croatia_EIA_Sveti_Kriz_Brdovecki_(n=1),Croatia_EIA_Sveti_Kriz_Brdovecki
Croatia_EIA_Velim-Kosa_(n=1),Croatia_EIA_Velim-Kosa
Croatia_EIA-LIA_Sveti_Kriz_Brdovecki_(n=3),Croatia_EIA-LIA_Sveti_Kriz_Brdovecki
Croatia_EMBA_Cetina_(n=8),Croatia_EMBA_Cetina
Croatia_EN_Starcevo_(n=3),Croatia_EN_Starcevo
Croatia_High_Medieval_Gornji_Kosinj_(Balto-Slavic_Profile)_(n=2),Croatia_High_Medieval_Gornji_Kosinj
Croatia_High_Medieval_Gornji_Kosinj_(Central_Euro_Slavic_Profile)_(n=3),Croatia_High_Medieval_Gornji_Kosinj
Croatia_High_Medieval-Early_Modern_Torcec_(Central_Euro_Slavic_Profile)_(low_res)_(n=1),Croatia_High_Medieval-Early_Modern_Torcec
Croatia_Late_Antiquity_Beli_Manastir-Popova_zemlja_(Sarmatian-Mixed_Profile)_(n=1),Croatia_Late_Antiquity_Beli_Manastir-Popova_zemlja
Croatia_Late_Antiquity_Beli_Manastir-Popova-zemlja_(Paleo-Balkan_Profile)_(n=1),Croatia_Late_Antiquity_Beli_Manastir-Popova-zemlja
Croatia_Late_Antiquity_Hvar_Radosevic_(BA-IA_Southern_Balkan_Profile)_(n=2),Croatia_Late_Antiquity_Hvar_Radosevic
Croatia_Late_Antiquity_Hvar_Radosevic_(Central_Med_Profile)_(n=4),Croatia_Late_Antiquity_Hvar_Radosevic
Croatia_Late_Antiquity_Hvar_Radosevic_(East_Med_Profile)_(n=11),Croatia_Late_Antiquity_Hvar_Radosevic
Croatia_Late_Antiquity_Hvar_Radosevic_(East_Med-Anatolian_Profile)_(n=1),Croatia_Late_Antiquity_Hvar_Radosevic
Croatia_Late_Antiquity_Hvar_Radosevic_(Levantine_Profile)_(n=1),Croatia_Late_Antiquity_Hvar_Radosevic
Croatia_Late_Antiquity_Hvar_Radosevic_(North_African-Mixed_Profile)_(n=1),Croatia_Late_Antiquity_Hvar_Radosevic
Croatia_Late_Antiquity_Hvar_Radosevic_(Paleo-Balkan_Profile)_(n=1),Croatia_Late_Antiquity_Hvar_Radosevic
Croatia_Late_Antiquity_Scitarjevo_(North_Adriatic_Profile)_(n=1),Croatia_Late_Antiquity_Scitarjevo
Croatia_Late_Antiquity_Sisak_(Central_Med_Profile)_(n=1),Croatia_Late_Antiquity_Sisak
Croatia_Late_Antiquity_Sisak_(East_Med_Profile)_(n=1),Croatia_Late_Antiquity_Sisak
Croatia_Late_Antiquity_Sisak_(East_Med/Western_Jewish_Profile)_(n=1),Croatia_Late_Antiquity_Sisak
Croatia_Late_Antiquity_Sisak_(North_Adriatic_Profile)_(n=1),Croatia_Late_Antiquity_Sisak
Croatia_Late_Antiquity_Sisak_(Paleo-Balkan_Profile)_(n=3),Croatia_Late_Antiquity_Sisak
Croatia_Late_Antiquity_Sisak_(Sarmatian-Mixed_Profile)_(n=1),Croatia_Late_Antiquity_Sisak
Croatia_Late_Antiquity_Sisak_(South_Slavic_Profile)_(n=2),Croatia_Late_Antiquity_Sisak
Croatia_Late_Antiquity-Early_Medieval_Gardun_(Central_Med_Profile)_(n=4),Croatia_Late_Antiquity-Early_Medieval_Gardun
Croatia_Late_Antiquity-Early_Medieval_Gardun_(East_Asian-Mixed_Profile)_(n=1),Croatia_Late_Antiquity-Early_Medieval_Gardun
Croatia_Late_Antiquity-Early_Medieval_Mirine-Fulfinum_(Central_Med_Profile)_(n=2),Croatia_Late_Antiquity-Early_Medieval_Mirine-Fulfinum
Croatia_Late_Antiquity-Early_Medieval_Mirine-Fulfinum_(East_Med_Profile)_(n=1),Croatia_Late_Antiquity-Early_Medieval_Mirine-Fulfinum
Croatia_Late_Antiquity-Early_Medieval_Scitarjevo_(Northern_Euro_Profile)_(n=1),Croatia_Late_Antiquity-Early_Medieval_Scitarjevo
Croatia_Late_Antiquity-Early_Medieval_Trogir_(East_Med_Profile)_(n=2),Croatia_Late_Antiquity-Early_Medieval_Trogir
Croatia_Late_Antiquity-Early_Medieval_Velic_(East_Med_Profile)_(n=1),Croatia_Late_Antiquity-Early_Medieval_Velic
Croatia_LBA_Velim-Kosa_(n=1),Croatia_LBA_Velim-Kosa
Croatia_LBA-EIA_Liburnian_Velim-Kosa_(low_res)_(n=1),Croatia_LBA-EIA_Liburnian_Velim-Kosa
Croatia_LIA_La_Tene_Osijek_(n=1),Croatia_LIA_La_Tene_Osijek
Croatia_LIA_Sveti_Kriz_Brdovecki_(n=2),Croatia_LIA_Sveti_Kriz_Brdovecki
Croatia_LIA_Velim-Kosa_(n=2),Croatia_LIA_Velim-Kosa
Croatia_LN_Starcevo_(n=1),Croatia_LN_Starcevo
Croatia_MBA_(n=5),Croatia_MBA
Croatia_MBA_Posusje_(n=1),Croatia_MBA_Posusje
Croatia_MBA_Southern_Danubian_Encrusted_Pottery_(n=7),Croatia_MBA_Southern_Danubian_Encrusted_Pottery
Croatia_Mesolithic_Vela_Spila_(n=1),Croatia_Mesolithic_Vela_Spila
Croatia_MLBA_Bezdanjaca_(n=25),Croatia_MLBA_Bezdanjaca
Croatia_MLBA_Gudnja_(n=1),Croatia_MLBA_Gudnja
Croatia_MLBA_Matkovici_(n=1),Croatia_MLBA_Matkovici
Croatia_MLBA_Musego_(n=3),Croatia_MLBA_Musego
Croatia_MLBA_Velim-Kosa_(n=1),Croatia_MLBA_Velim-Kosa
Croatia_MN_Sopot_(n=26),Croatia_MN_Sopot
Croatia_N_Cardial_(n=3),Croatia_N_Cardial
Croatia_N_Impressa_(n=2),Croatia_N_Impressa
Croatia_Roman_Empire_Trogir_(BA-IA_Southern_Balkan_Profile)_(n=1),Croatia_Roman_Empire_Trogir
Croatia_Roman_Empire_Trogir_(East_Med_Profile)_(n=4),Croatia_Roman_Empire_Trogir
Croatia_Roman_Empire_Trogir_(East_Med-Anatolian_Profile)_(n=1),Croatia_Roman_Empire_Trogir
Croatia_Roman_Empire_Trogir_(Paleo-Balkan_Profile)_(n=2),Croatia_Roman_Empire_Trogir
Croatia_Roman_Empire_Zadar_(BA-IA_Southern_Balkan_Profile)_(n=1),Croatia_Roman_Empire_Zadar
Croatia_Roman_Empire_Zadar_(Central_Anatolian_Greek_Profile)_(n=1),Croatia_Roman_Empire_Zadar
Croatia_Roman_Empire_Zadar_(Central_Med_Profile)_(n=3),Croatia_Roman_Empire_Zadar
Croatia_Roman_Empire_Zadar_(North_Adriatic_Profile)_(n=1),Croatia_Roman_Empire_Zadar
Croatia_Roman_Empire-Late_Antiquity_Osijek_(Balto-Slavic_Profile)_(n=1),Croatia_Roman_Empire-Late_Antiquity_Osijek
Croatia_Roman_Empire-Late_Antiquity_Osijek_(East_Med-Anatolian_Profile)_(n=1),Croatia_Roman_Empire-Late_Antiquity_Osijek
Croatia_Roman_Empire-Late_Antiquity_Osijek_(Paleo-Balkan_Profile)_(n=5),Croatia_Roman_Empire-Late_Antiquity_Osijek
Croatia_Roman_Empire-Late_Antiquity_Osijek_(Sarmatian-Mixed_Profile)_(n=1),Croatia_Roman_Empire-Late_Antiquity_Osijek
Croatia_Roman_Empire-Late_Antiquity_Trogir_(East_Med_Profile)_(n=1),Croatia_Roman_Empire-Late_Antiquity_Trogir
Croatia_Roman_Empire-Late_Antiquity_Trogir_(Northern_Euro_Profile)_(n=1),Croatia_Roman_Empire-Late_Antiquity_Trogir
Croatia_Roman_Empire-Late_Antiquity_Zadar_(North_Adriatic_Profile)_(n=1),Croatia_Roman_Empire-Late_Antiquity_Zadar
Croatia_Roman_Empire-Late_Antiquity_Zadar_(North_African-Mixed_Profile)_(n=1),Croatia_Roman_Empire-Late_Antiquity_Zadar
Cuba_Archaic_(n=8),Cuba_Archaic
Cuba_Archaic-Ceramic_(n=17),Cuba_Archaic-Ceramic
Cuba_Ceramic_(n=32),Cuba_Ceramic
Curacao_Ceramic_(n=4),Curacao_Ceramic
Czechia_Bell_Beaker_Early_(n=3),Czechia_Bell_Beaker_Early
Czechia_Bell_Beaker_Late_(n=49),Czechia_Bell_Beaker_Late
Czechia_Bell_Beaker_Late_o1_(n=3),Czechia_Bell_Beaker_Late
Czechia_Bell_Beaker_Late_o2_(n=1),Czechia_Bell_Beaker_Late
Czechia_CA_(n=4),Czechia_CA
Czechia_CA_Baden_(n=2),Czechia_CA_Baden
Czechia_CA_o_(n=1),Czechia_CA
Czechia_CA_Rivnac_(n=9),Czechia_CA_Rivnac
Czechia_Corded_Ware_Early_(n=16),Czechia_Corded_Ware_Early
Czechia_Corded_Ware_Early_o1_(Very_High_Steppe_Profile)_(n=6),Czechia_Corded_Ware_Early
Czechia_Corded_Ware_Early_o2_(Low_Steppe_Profile)_(n=1),Czechia_Corded_Ware_Early
Czechia_Corded_Ware_Early_o3_(No_Steppe_Profile)_(n=2),Czechia_Corded_Ware_Early
Czechia_Corded_Ware_Late_(n=21),Czechia_Corded_Ware_Late
Czechia_Corded_Ware_Late_o1_(Low_Steppe/High_WHG_Profile)_(n=1),Czechia_Corded_Ware_Late
Czechia_Corded_Ware_Late_o2_(Low_Steppe_Profile)_(n=1),Czechia_Corded_Ware_Late
Czechia_Early_Medieval_Breclav-Libiva_(Germanic_Profile)_(n=1),Czechia_Early_Medieval_Breclav-Libiva
Czechia_Early_Medieval_Breclav-Libiva_(Paleo-Balkan_Profile)_(n=1),Czechia_Early_Medieval_Breclav-Libiva
Czechia_Early_Medieval_Breclav-Libiva_(Slavic_Profile)_(n=1),Czechia_Early_Medieval_Breclav-Libiva
Czechia_Early_Medieval_Early_Slav_Brandysek_(Balto-Slavic_Profile)_(n=1),Czechia_Early_Medieval_Early_Slav_Brandysek
Czechia_Early_Medieval_Early_Slav_Brandysek_(Central_Euro_Slavic_Profile)_(n=1),Czechia_Early_Medieval_Early_Slav_Brandysek
Czechia_Early_Medieval_Early_Slav_Pohansko_(n=7),Czechia_Early_Medieval_Early_Slav_Pohansko
Czechia_Early_Medieval_Early_Slav_Pohansko_o_(n=2),Czechia_Early_Medieval_Early_Slav_Pohansko
Czechia_EBA_Unetice_(n=30),Czechia_EBA_Unetice
Czechia_EBA_Unetice_Classic_(n=74),Czechia_EBA_Unetice_Classic
Czechia_EBA_Unetice_Classic_o1_(Carpathia_BA_Profile)_(n=1),Czechia_EBA_Unetice_Classic
Czechia_EBA_Unetice_Classic_o2_(Baltic_BA_Profile)_(n=1),Czechia_EBA_Unetice_Classic
Czechia_EBA_Unetice_Classic_o3_(EEF-Rich_Profile)_(n=2),Czechia_EBA_Unetice_Classic
Czechia_EBA_Unetice_o_(n=1),Czechia_EBA_Unetice
Czechia_EBA_Unetice_Pre-Classic_(n=44),Czechia_EBA_Unetice_Pre-Classic
Czechia_EIA_Hallstatt_Bylany_(n=6),Czechia_EIA_Hallstatt_Bylany
Czechia_EIA_Hallstatt_Bylany_o1_(n=1),Czechia_EIA_Hallstatt_Bylany
Czechia_EIA_Hallstatt_Bylany_o2_(n=2),Czechia_EIA_Hallstatt_Bylany
Czechia_EIA_Hallstatt_Bylany_o3_(low_res)_(n=1),Czechia_EIA_Hallstatt_Bylany
Czechia_EIA_Hallstatt_Bylany_o4_(low_res)_(n=1),Czechia_EIA_Hallstatt_Bylany
Czechia_EN_LBK_(n=4),Czechia_EN_LBK
Czechia_EN_LBK_(low_res)_(n=1),Czechia_EN_LBK
Czechia_EN_LBK_o_(n=3),Czechia_EN_LBK
Czechia_IA_La_Tene_(Intermediate_Profile)_(n=21),Czechia_IA_La_Tene
Czechia_IA_La_Tene_(Intermediate_Profile)_(low_res)_(n=5),Czechia_IA_La_Tene
Czechia_IA_La_Tene_(Northwest_Euro_Profile)_(n=18),Czechia_IA_La_Tene
Czechia_IA_La_Tene_(Northwest_Euro_Profile)_(low_res)_(n=3),Czechia_IA_La_Tene
Czechia_IA_La_Tene_o1_(South_Euro_Profile)_(n=4),Czechia_IA_La_Tene
Czechia_IA_La_Tene_o1_(South_Euro_Profile)_(low_res)_(n=1),Czechia_IA_La_Tene
Czechia_IA_La_Tene_o2_(WHG-Rich_Profile)_(low_res)_(n=2),Czechia_IA_La_Tene
Czechia_IUP_Zlaty_kun_(n=1),Czechia_IUP_Zlaty_kun
Czechia_LBA_Urnfield_Knoviz_(n=23),Czechia_LBA_Urnfield_Knoviz
Czechia_LBA_Urnfield_Knoviz_(low_res)_(n=1),Czechia_LBA_Urnfield_Knoviz
Czechia_LBA_Urnfield_Knoviz_o1_(n=4),Czechia_LBA_Urnfield_Knoviz
Czechia_LBA_Urnfield_Knoviz_o2_(n=3),Czechia_LBA_Urnfield_Knoviz
Czechia_LBA_Urnfield_Knoviz_o3_(n=2),Czechia_LBA_Urnfield_Knoviz
Czechia_LBA_Veterov_(n=1),Czechia_LBA_Veterov
Czechia_LN_Funnelbeaker_(TRB)_(n=2),Czechia_LN_Funnelbeaker_(TRB)
Czechia_LN_Funnelbeaker_(TRB)_Baalberge_(n=6),Czechia_LN_Funnelbeaker_(TRB)_Baalberge
Czechia_LN_Funnelbeaker_(TRB)_Baalberge/Sirem_(n=1),Czechia_LN_Funnelbeaker_(TRB)_Baalberge/Sirem
Czechia_LN_Funnelbeaker_(TRB)_Michelsberg/Baalberge_(n=1),Czechia_LN_Funnelbeaker_(TRB)_Michelsberg/Baalberge
Czechia_LN_Funnelbeaker_(TRB)_Sirem_(n=18),Czechia_LN_Funnelbeaker_(TRB)_Sirem
Czechia_LN_Funnelbeaker_(TRB)_Sirem_o_(n=1),Czechia_LN_Funnelbeaker_(TRB)_Sirem
Czechia_MBA_Tumulus_(n=4),Czechia_MBA_Tumulus
Czechia_MN_(n=2),Czechia_MN
Czechia_MN_Stroked_Pottery_(n=3),Czechia_MN_Stroked_Pottery
Czechia_N_Globular_Amphora_(n=6),Czechia_N_Globular_Amphora
Czechia_Proto-CA_Jordanow_(n=4),Czechia_Proto-CA_Jordanow
Czechia_UP_Gravettian_Vestonice_(n=4),Czechia_UP_Gravettian_Vestonice
Czechia_UP_Gravettian_Vestonice_(low_res)_(n=1),Czechia_UP_Gravettian_Vestonice
Dagestan_EBA_Kura-Araxes_Velikent_(n=1),Dagestan_EBA_Kura-Araxes_Velikent
Dagestan_MBA_Ginchi_(n=3),Dagestan_MBA_Ginchi
Democratic_Republic_of_the_Congo_Kindoki_230BP_(n=2),Democratic_Republic_of_the_Congo_Kindoki_230BP
Democratic_Republic_of_the_Congo_Ngongo_Mbata_220BP_(n=1),Democratic_Republic_of_the_Congo_Ngongo_Mbata_220BP
Denmark_Early_Medieval_Viking_Age_Funen_(Balto-Slavic_Profile)_(n=1),Denmark_Early_Medieval_Viking_Age_Funen
Denmark_Early_Medieval_Viking_Age_Funen_(Continental_Northern_Euro_Profile)_(n=3),Denmark_Early_Medieval_Viking_Age_Funen
Denmark_Early_Medieval_Viking_Age_Funen_(Mixed_Norse-Balto-Slavic_Profile)_(n=2),Denmark_Early_Medieval_Viking_Age_Funen
Denmark_Early_Medieval_Viking_Age_Funen_(Mixed_Northern_Euro_Profile)_(n=1),Denmark_Early_Medieval_Viking_Age_Funen
Denmark_Early_Medieval_Viking_Age_Funen_(Mixed_Northern-Southern_Euro_Profile)_(n=1),Denmark_Early_Medieval_Viking_Age_Funen
Denmark_Early_Medieval_Viking_Age_Funen_(Mixed_Western_Euro_Profile)_(n=4),Denmark_Early_Medieval_Viking_Age_Funen
Denmark_Early_Medieval_Viking_Age_Funen_(Norse_Profile)_(n=7),Denmark_Early_Medieval_Viking_Age_Funen
Denmark_Early_Medieval_Viking_Age_Jutland_(Balto-Slavic_Profile)_(n=1),Denmark_Early_Medieval_Viking_Age_Jutland
Denmark_Early_Medieval_Viking_Age_Jutland_(Continental_Northern_Euro_Profile)_(n=4),Denmark_Early_Medieval_Viking_Age_Jutland
Denmark_Early_Medieval_Viking_Age_Jutland_(Mixed_Northern_Euro_Profile)_(n=2),Denmark_Early_Medieval_Viking_Age_Jutland
Denmark_Early_Medieval_Viking_Age_Jutland_(Mixed_Western_Euro_Profile)_(n=7),Denmark_Early_Medieval_Viking_Age_Jutland
Denmark_Early_Medieval_Viking_Age_Langeland_(Balto-Slavic_Profile)_(n=1),Denmark_Early_Medieval_Viking_Age_Langeland
Denmark_Early_Medieval_Viking_Age_Langeland_(Central_Euro_Slavic_Profile)_(n=2),Denmark_Early_Medieval_Viking_Age_Langeland
Denmark_Early_Medieval_Viking_Age_Langeland_(Continental_Northern_Euro_Profile)_(n=3),Denmark_Early_Medieval_Viking_Age_Langeland
Denmark_Early_Medieval_Viking_Age_Langeland_(Continental_Northern_Euro_Profile)_(low_res)_(n=2),Denmark_Early_Medieval_Viking_Age_Langeland
Denmark_Early_Medieval_Viking_Age_Langeland_(Mixed_Norse-Balto-Slavic_Profile)_(n=3),Denmark_Early_Medieval_Viking_Age_Langeland
Denmark_Early_Medieval_Viking_Age_Langeland_(Mixed_Norse-Balto-Slavic-Finnic_Profile)_(n=1),Denmark_Early_Medieval_Viking_Age_Langeland
Denmark_Early_Medieval_Viking_Age_Langeland_(Mixed_Northern_Euro_Profile)_(n=2),Denmark_Early_Medieval_Viking_Age_Langeland
Denmark_Early_Medieval_Viking_Age_Langeland_(Mixed_Western_Euro_Profile)_(n=4),Denmark_Early_Medieval_Viking_Age_Langeland
Denmark_Early_Medieval_Viking_Age_Langeland_(Mixed_Western_Euro_Profile)_(low_res)_(n=1),Denmark_Early_Medieval_Viking_Age_Langeland
Denmark_Early_Medieval_Viking_Age_Langeland_(Norse_Profile)_(n=4),Denmark_Early_Medieval_Viking_Age_Langeland
Denmark_Early_Medieval_Viking_Age_Zealand_(Continental_Northern_Euro_Profile)_(n=3),Denmark_Early_Medieval_Viking_Age_Zealand
Denmark_Early_Medieval_Viking_Age_Zealand_(Mixed_Northern_Euro_Profile)_(n=3),Denmark_Early_Medieval_Viking_Age_Zealand
Denmark_Early_Medieval_Viking_Age_Zealand_(Mixed_Western_Euro_Profile)_(n=4),Denmark_Early_Medieval_Viking_Age_Zealand
Denmark_Early_Medieval_Viking_Age_Zealand_(Mixed_Western_Euro_Profile)_(low_res)_(n=1),Denmark_Early_Medieval_Viking_Age_Zealand
Denmark_Early_Medieval_Viking_Age_Zealand_(Norse_Profile)_(n=7),Denmark_Early_Medieval_Viking_Age_Zealand
Denmark_Early_Medieval_Viking_Age_Zealand_(Norse_Profile)_(low_res)_(n=1),Denmark_Early_Medieval_Viking_Age_Zealand
Denmark_Early_Modern_Aalborg_(n=10),Denmark_Early_Modern_Aalborg
Denmark_Early_Modern_Aalborg_o_(n=2),Denmark_Early_Modern_Aalborg
Denmark_EBA_Nordic_Bronze_Age_(n=3),Denmark_EBA_Nordic_Bronze_Age
Denmark_EBA_Nordic_Bronze_Age_(low_res)_(n=1),Denmark_EBA_Nordic_Bronze_Age
Denmark_EN_(n=11),Denmark_EN
Denmark_EN_(low_res)_(n=7),Denmark_EN
Denmark_EN-MN_A_(n=3),Denmark_EN-MN_A
Denmark_EN-MN_A_(low_res)_(n=2),Denmark_EN-MN_A
Denmark_High_Medieval_Aalborg_(n=2),Denmark_High_Medieval_Aalborg
Denmark_High_Medieval_Copenhagen_(n=13),Denmark_High_Medieval_Copenhagen
Denmark_High_Medieval_Copenhagen_o_(n=1),Denmark_High_Medieval_Copenhagen
Denmark_High_Medieval_Holbaek_(n=1),Denmark_High_Medieval_Holbaek
Denmark_High_Medieval_Randers_(n=7),Denmark_High_Medieval_Randers
Denmark_High_Medieval_Randers_o1_(Mixed_Western_Euro_Profile)_(n=3),Denmark_High_Medieval_Randers
Denmark_High_Medieval_Randers_o2_(n=1),Denmark_High_Medieval_Randers
Denmark_High_Medieval-Early_Modern_Aalborg_(n=1),Denmark_High_Medieval-Early_Modern_Aalborg
Denmark_High-Late_Medieval_Aalborg_(n=4),Denmark_High-Late_Medieval_Aalborg
Denmark_IA_Jutland_(n=1),Denmark_IA_Jutland
Denmark_IA_Zealand_(n=3),Denmark_IA_Zealand
Denmark_Late_Medieval_Aalborg_(n=3),Denmark_Late_Medieval_Aalborg
Denmark_Late_Medieval_Holbaek_(n=18),Denmark_Late_Medieval_Holbaek
Denmark_Late_Medieval_Randers_(n=10),Denmark_Late_Medieval_Randers
Denmark_Late_Medieval-Early_Modern_Holbaek_(n=2),Denmark_Late_Medieval-Early_Modern_Holbaek
Denmark_Late_Mesolithic-EN_Syltholm_(n=1),Denmark_Late_Mesolithic-EN_Syltholm
Denmark_LBA_Nordic_Bronze_Age_(n=1),Denmark_LBA_Nordic_Bronze_Age
Denmark_LN_(n=10),Denmark_LN
Denmark_LN_(low_res)_(n=2),Denmark_LN
Denmark_LNBA_Zealand_(n=2),Denmark_LNBA_Zealand
Denmark_LNBA_Zealand_o_(n=1),Denmark_LNBA_Zealand
Denmark_MBA_Nordic_Bronze_Age_Zealand_(n=1),Denmark_MBA_Nordic_Bronze_Age_Zealand
Denmark_Mesolithic_Bjornsholm_(n=1),Denmark_Mesolithic_Bjornsholm
Denmark_Mesolithic_Bodal_K_(low_res)_(n=1),Denmark_Mesolithic_Bodal_K
Denmark_Mesolithic_Dragsholm_(n=2),Denmark_Mesolithic_Dragsholm
Denmark_Mesolithic_Dragsholm_(low_res)_(n=1),Denmark_Mesolithic_Dragsholm
Denmark_Mesolithic_Ertebolle_(n=1),Denmark_Mesolithic_Ertebolle
Denmark_Mesolithic_Fannerup_(n=2),Denmark_Mesolithic_Fannerup
Denmark_Mesolithic_Fannerup_(low_res)_(n=1),Denmark_Mesolithic_Fannerup
Denmark_Mesolithic_Henriksholm-Bogebakken_(n=1),Denmark_Mesolithic_Henriksholm-Bogebakken
Denmark_Mesolithic_Henriksholm-Bogebakken_(low_res)_(n=4),Denmark_Mesolithic_Henriksholm-Bogebakken
Denmark_Mesolithic_Koed_(n=2),Denmark_Mesolithic_Koed
Denmark_Mesolithic_Koelbjerg_(n=1),Denmark_Mesolithic_Koelbjerg
Denmark_Mesolithic_Koge_Sonakke_(n=1),Denmark_Mesolithic_Koge_Sonakke
Denmark_Mesolithic_Kongemose_(n=1),Denmark_Mesolithic_Kongemose
Denmark_Mesolithic_Kongemose_Orehoved_Sejlrende_(n=2),Denmark_Mesolithic_Kongemose_Orehoved_Sejlrende
Denmark_Mesolithic_Kongemose_Ronsten_(n=1),Denmark_Mesolithic_Kongemose_Ronsten
Denmark_Mesolithic_Kongemose_Vedbaek_Boldbaner_(n=1),Denmark_Mesolithic_Kongemose_Vedbaek_Boldbaner
Denmark_Mesolithic_Korsor_Nor_(n=2),Denmark_Mesolithic_Korsor_Nor
Denmark_Mesolithic_Lango_Skaldynge_(n=1),Denmark_Mesolithic_Lango_Skaldynge
Denmark_Mesolithic_Nederst_(n=1),Denmark_Mesolithic_Nederst
Denmark_Mesolithic_Norsminde_(n=1),Denmark_Mesolithic_Norsminde
Denmark_Mesolithic_Rodhals_(n=1),Denmark_Mesolithic_Rodhals
Denmark_Mesolithic_Solager_(n=1),Denmark_Mesolithic_Solager
Denmark_Mesolithic_Stroby_Groftemark_(n=1),Denmark_Mesolithic_Stroby_Groftemark
Denmark_Mesolithic_Tudse_Hage_(n=1),Denmark_Mesolithic_Tudse_Hage
Denmark_Mesolithic_Tybrind_Vig_(n=1),Denmark_Mesolithic_Tybrind_Vig
Denmark_MN_A_(n=1),Denmark_MN_A
Denmark_MN_A_(low_res)_(n=2),Denmark_MN_A
Denmark_MN_A_Funnelbeaker_(TRB)_(n=1),Denmark_MN_A_Funnelbeaker_(TRB)
Denmark_MN_A_o_(n=1),Denmark_MN_A
Denmark_MN_A_o_(low_res)_(n=1),Denmark_MN_A
Denmark_MN_A_Pitted_Ware_(n=1),Denmark_MN_A_Pitted_Ware
Denmark_MN_B_(n=1),Denmark_MN_B
Denmark_MN_B_Funnelbeaker_(TRB)_(n=1),Denmark_MN_B_Funnelbeaker_(TRB)
Denmark_Single_Grave_(n=1),Denmark_Single_Grave
Denmark_Single_Grave_(low_res)_(n=2),Denmark_Single_Grave
Denmark_Single_Grave_o_(n=1),Denmark_Single_Grave
Denmark_Single_Grave-LN_(n=1),Denmark_Single_Grave-LN
Dominican_Republic_Archaic_(n=1),Dominican_Republic_Archaic
Dominican_Republic_Ceramic_(n=122),Dominican_Republic_Ceramic
Egypt_Hellenistic-Roman_Empire_Abusir-el_Meleq_(contaminated)_(n=1),Egypt_Hellenistic-Roman_Empire_Abusir-el_Meleq
Egypt_Late_Period_Abusir-el_Meleq_(n=2),Egypt_Late_Period_Abusir-el_Meleq
England_Bell_Beaker_(n=31),England_Bell_Beaker
England_Bell_Beaker_(low_res)_(n=2),England_Bell_Beaker
England_Bell_Beaker_o_(n=3),England_Bell_Beaker
England_Bell_Beaker_o_(low_res)_(n=1),England_Bell_Beaker
England_CA-EBA_(n=32),England_CA-EBA
England_CA-EBA_(low_res)_(n=2),England_CA-EBA
England_CA-EBA_o_(n=1),England_CA-EBA
England_Early_Medieval_Anglian_Hollow_Banks_(n=5),England_Early_Medieval_Anglian_Hollow_Banks
England_Early_Medieval_Anglo-Saxon_Apple_Down_(low_res)_(n=2),England_Early_Medieval_Anglo-Saxon_Apple_Down
England_Early_Medieval_Anglo-Saxon_Barrington_(Brittonic_Profile)_(n=1),England_Early_Medieval_Anglo-Saxon_Barrington
England_Early_Medieval_Anglo-Saxon_Dover_Buckland_(n=2),England_Early_Medieval_Anglo-Saxon_Dover_Buckland
England_Early_Medieval_Anglo-Saxon_Eastry_Updown_(n=4),England_Early_Medieval_Anglo-Saxon_Eastry_Updown
England_Early_Medieval_Anglo-Saxon_Eastry_Updown_o_(Hartani/Sahelian-Mixed_Profile)_(n=1),England_Early_Medieval_Anglo-Saxon_Eastry_Updown
England_Early_Medieval_Anglo-Saxon_Edix_Hill_(n=1),England_Early_Medieval_Anglo-Saxon_Edix_Hill
England_Early_Medieval_Anglo-Saxon_Ely_(n=3),England_Early_Medieval_Anglo-Saxon_Ely
England_Early_Medieval_Anglo-Saxon_Hartlepool_(low_res)_(n=1),England_Early_Medieval_Anglo-Saxon_Hartlepool
England_Early_Medieval_Anglo-Saxon_Hatherdene_Close_(n=12),England_Early_Medieval_Anglo-Saxon_Hatherdene_Close
England_Early_Medieval_Anglo-Saxon_Hatherdene_Close_o_(Brittonic_Profile)_(n=4),England_Early_Medieval_Anglo-Saxon_Hatherdene_Close
England_Early_Medieval_Anglo-Saxon_Hinxton_(n=3),England_Early_Medieval_Anglo-Saxon_Hinxton
England_Early_Medieval_Anglo-Saxon_Lakenheath_(n=2),England_Early_Medieval_Anglo-Saxon_Lakenheath
England_Early_Medieval_Anglo-Saxon_Linton_(n=1),England_Early_Medieval_Anglo-Saxon_Linton
England_Early_Medieval_Anglo-Saxon_Norton_(n=10),England_Early_Medieval_Anglo-Saxon_Norton
England_Early_Medieval_Anglo-Saxon_Norton_(low_res)_(n=1),England_Early_Medieval_Anglo-Saxon_Norton
England_Early_Medieval_Anglo-Saxon_Oakington_(n=1),England_Early_Medieval_Anglo-Saxon_Oakington
England_Early_Medieval_Anglo-Saxon_Oakington_(low_res)_(n=1),England_Early_Medieval_Anglo-Saxon_Oakington
England_Early_Medieval_Anglo-Saxon_Polhill_(n=7),England_Early_Medieval_Anglo-Saxon_Polhill
England_Early_Medieval_Anglo-Saxon_Polhill_(low_res)_(n=2),England_Early_Medieval_Anglo-Saxon_Polhill
England_Early_Medieval_Anglo-Saxon_Ribblesdale_(low_res)_(n=1),England_Early_Medieval_Anglo-Saxon_Ribblesdale
England_Early_Medieval_Anglo-Saxon_Rookery_Hill_(n=7),England_Early_Medieval_Anglo-Saxon_Rookery_Hill
England_Early_Medieval_Anglo-Saxon_Rookery_Hill_(low_res)_(n=1),England_Early_Medieval_Anglo-Saxon_Rookery_Hill
England_Early_Medieval_Anglo-Saxon_Sedgeford_(n=13),England_Early_Medieval_Anglo-Saxon_Sedgeford
England_Early_Medieval_Anglo-Saxon_Sedgeford_(low_res)_(n=3),England_Early_Medieval_Anglo-Saxon_Sedgeford
England_Early_Medieval_Anglo-Saxon_Sedgeford_o_(Mixed_Western_Euro_Profile)_(n=2),England_Early_Medieval_Anglo-Saxon_Sedgeford
England_Early_Medieval_Anglo-Saxon_West_Heslerton_(n=10),England_Early_Medieval_Anglo-Saxon_West_Heslerton
England_Early_Medieval_Anglo-Saxon_West_Heslerton_(low_res)_(n=2),England_Early_Medieval_Anglo-Saxon_West_Heslerton
England_Early_Medieval_Anglo-Saxon_Wolverton_(n=4),England_Early_Medieval_Anglo-Saxon_Wolverton
England_Early_Medieval_Crantock_(Brittonic_Profile)_(n=1),England_Early_Medieval_Crantock
England_Early_Medieval_Crantock_(Brittonic_Profile)_(low_res)_(n=1),England_Early_Medieval_Crantock
England_Early_Medieval_Fox_Holes_Cave_(Brittonic_Profile)_(low_res)_(n=1),England_Early_Medieval_Fox_Holes_Cave
England_Early_Medieval_Viking_Age_Oxford_(Mixed_Norse-Balto-Slavic_Profile)_(n=1),England_Early_Medieval_Viking_Age_Oxford
England_Early_Medieval_Viking_Age_Oxford_(Mixed_Norse-Finnic_Profile)_(n=2),England_Early_Medieval_Viking_Age_Oxford
England_Early_Medieval_Viking_Age_Oxford_(Mixed_Northern_Euro_Profile)_(n=3),England_Early_Medieval_Viking_Age_Oxford
England_Early_Medieval_Viking_Age_Oxford_(Mixed_Western_Euro_Profile)_(n=3),England_Early_Medieval_Viking_Age_Oxford
England_Early_Medieval_Viking_Age_Oxford_(Norse_Profile)_(n=8),England_Early_Medieval_Viking_Age_Oxford
England_Early_Medieval_Viking_Age_Oxford_(Norse_Profile)_(low_res)_(n=1),England_Early_Medieval_Viking_Age_Oxford
England_Early_Medieval_Viking_Age_Ridgeway_Hill_(Brittonic_Profile)_(n=1),England_Early_Medieval_Viking_Age_Ridgeway_Hill
England_Early_Medieval_Viking_Age_Ridgeway_Hill_(Continental_Northern_Euro_Profile)_(n=2),England_Early_Medieval_Viking_Age_Ridgeway_Hill
England_Early_Medieval_Viking_Age_Ridgeway_Hill_(Mixed_Northern_Euro_Profile)_(n=4),England_Early_Medieval_Viking_Age_Ridgeway_Hill
England_Early_Medieval_Viking_Age_Ridgeway_Hill_(Mixed_Western_Euro_Profile)_(n=1),England_Early_Medieval_Viking_Age_Ridgeway_Hill
England_Early_Medieval_Viking_Age_Ridgeway_Hill_(Norse_Profile)_(n=2),England_Early_Medieval_Viking_Age_Ridgeway_Hill
England_Early_Medieval_Widemouth_Bay_(Anglo-Saxon_Profile)_(n=1),England_Early_Medieval_Widemouth_Bay
England_Early_Medieval_Worth_Matravers_(Brittonic_Profile)_(n=5),England_Early_Medieval_Worth_Matravers
England_Early_Medieval_Worth_Matravers_(Brittonic_Profile)_(low_res)_(n=3),England_Early_Medieval_Worth_Matravers
England_Early_Modern_Cambridgeshire_Hemingford_Grey_Quaker_(n=3),England_Early_Modern_Cambridgeshire_Hemingford_Grey_Quaker
England_Early-High_Medieval_Cambridgeshire_Cherry_Hinton_(n=22),England_Early-High_Medieval_Cambridgeshire_Cherry_Hinton
England_EBA_(n=3),England_EBA
England_EBA_(low_res)_(n=1),England_EBA
England_EIA_(n=32),England_EIA
England_EIA_(low_res)_(n=4),England_EIA
England_EIA_o1_(n=1),England_EIA
England_EIA_o2_(low_res)_(n=1),England_EIA
England_EMBA_(n=1),England_EMBA
England_EN_(n=3),England_EN
England_High_Medieval_Cambridgeshire_Hospital_of_St._John_(n=1),England_High_Medieval_Cambridgeshire_Hospital_of_St._John
England_High_Medieval_Lincoln_(n=1),England_High_Medieval_Lincoln
England_High_Medieval_Lincoln_(low_res)_(n=1),England_High_Medieval_Lincoln
England_High_Medieval_Tzarfati_Jew_Norwich_(n=6),England_High_Medieval_Tzarfati_Jew_Norwich
England_High_Medieval-Early_Modern_Cambridgeshire_Clopton_(n=3),England_High_Medieval-Early_Modern_Cambridgeshire_Clopton
England_High-Late_Medieval_Cambridgeshire_All_Saints_(n=9),England_High-Late_Medieval_Cambridgeshire_All_Saints
England_High-Late_Medieval_Cambridgeshire_Hospital_of_St._John_(n=36),England_High-Late_Medieval_Cambridgeshire_Hospital_of_St._John
England_IA_(n=8),England_IA
England_IA_(low_res)_(n=3),England_IA
England_Late_Antiquity_(n=10),England_Late_Antiquity
England_Late_Antiquity_(low_res)_(n=4),England_Late_Antiquity
England_Late_Antiquity-Early_Medieval_Anglo-Saxon_Apple_Down_(low_res)_(n=2),England_Late_Antiquity-Early_Medieval_Anglo-Saxon_Apple_Down
England_Late_Antiquity-Early_Medieval_Anglo-Saxon_Dover_Buckland_(n=56),England_Late_Antiquity-Early_Medieval_Anglo-Saxon_Dover_Buckland
England_Late_Antiquity-Early_Medieval_Anglo-Saxon_Dover_Buckland_(low_res)_(n=5),England_Late_Antiquity-Early_Medieval_Anglo-Saxon_Dover_Buckland
England_Late_Antiquity-Early_Medieval_Anglo-Saxon_Dover_Buckland_(low_res)_o_(n=1),England_Late_Antiquity-Early_Medieval_Anglo-Saxon_Dover_Buckland
England_Late_Antiquity-Early_Medieval_Anglo-Saxon_Dover_Buckland_o1_(Brittonic_Profile)_(n=2),England_Late_Antiquity-Early_Medieval_Anglo-Saxon_Dover_Buckland
England_Late_Antiquity-Early_Medieval_Anglo-Saxon_Dover_Buckland_o2_(Mixed_Western_Euro_Profile)_(n=4),England_Late_Antiquity-Early_Medieval_Anglo-Saxon_Dover_Buckland
England_Late_Antiquity-Early_Medieval_Anglo-Saxon_Dover_Hill_(low_res)_(n=1),England_Late_Antiquity-Early_Medieval_Anglo-Saxon_Dover_Hill
England_Late_Antiquity-Early_Medieval_Anglo-Saxon_Ely_(n=3),England_Late_Antiquity-Early_Medieval_Anglo-Saxon_Ely
England_Late_Antiquity-Early_Medieval_Anglo-Saxon_Hatherdene_Close_(n=2),England_Late_Antiquity-Early_Medieval_Anglo-Saxon_Hatherdene_Close
England_Late_Antiquity-Early_Medieval_Anglo-Saxon_Lakenheath_(n=13),England_Late_Antiquity-Early_Medieval_Anglo-Saxon_Lakenheath
England_Late_Antiquity-Early_Medieval_Anglo-Saxon_Oakington_(n=20),England_Late_Antiquity-Early_Medieval_Anglo-Saxon_Oakington
England_Late_Antiquity-Early_Medieval_Anglo-Saxon_Oakington_(low_res)_(n=7),England_Late_Antiquity-Early_Medieval_Anglo-Saxon_Oakington
England_Late_Antiquity-Early_Medieval_Anglo-Saxon_West_Heslerton_(n=26),England_Late_Antiquity-Early_Medieval_Anglo-Saxon_West_Heslerton
England_Late_Antiquity-Early_Medieval_Anglo-Saxon_West_Heslerton_(low_res)_(n=6),England_Late_Antiquity-Early_Medieval_Anglo-Saxon_West_Heslerton
England_Late_Antiquity-Early_Medieval_Anglo-Saxon_West_Heslerton_o1_(Brittonic_Profile)_(n=1),England_Late_Antiquity-Early_Medieval_Anglo-Saxon_West_Heslerton
England_Late_Antiquity-Early_Medieval_Anglo-Saxon_West_Heslerton_o2_(Mixed_Western_Euro_Profile)_(n=1),England_Late_Antiquity-Early_Medieval_Anglo-Saxon_West_Heslerton
England_Late_Antiquity-Early_Medieval_Slonk_Hill_(Mixed_Northern_Euro_Profile)_(n=1),England_Late_Antiquity-Early_Medieval_Slonk_Hill
England_Late_Antiquity-Early_Medieval_Winterbourne_Kingston_(n=3),England_Late_Antiquity-Early_Medieval_Winterbourne_Kingston
England_Late_Antiquity-Early_Medieval_Winterbourne_Kingston_(low_res)_(n=1),England_Late_Antiquity-Early_Medieval_Winterbourne_Kingston
England_Late_Medieval_Cambridgeshire_Bene't_Street_(n=2),England_Late_Medieval_Cambridgeshire_Bene't_Street
England_Late_Medieval_Cambridgeshire_Hospital_of_St._John_(n=1),England_Late_Medieval_Cambridgeshire_Hospital_of_St._John
England_Late_Medieval-Early_Modern_Cambridgeshire_Augustinian_Friary_(n=7),England_Late_Medieval-Early_Modern_Cambridgeshire_Augustinian_Friary
England_Late_Modern_Cambridgeshire_Holy_Trinity_College_(n=6),England_Late_Modern_Cambridgeshire_Holy_Trinity_College
England_Late_Modern_Cambridgeshire_Providence_Calvinistic_Baptist_Chapel_(n=4),England_Late_Modern_Cambridgeshire_Providence_Calvinistic_Baptist_Chapel
England_LBA_(n=12),England_LBA
England_LBA_(low_res)_(n=2),England_LBA
England_LBA_o_(n=5),England_LBA
England_LIA_(n=23),England_LIA
England_LIA_(low_res)_(n=3),England_LIA
England_LIA_Durotrigian_(n=9),England_LIA_Durotrigian
England_LIA_Durotrigian_o_(n=1),England_LIA_Durotrigian
England_LIA_East_Yorkshire_(n=6),England_LIA_East_Yorkshire
England_LIA_Gallic_Warrior_(n=1),England_LIA_Gallic_Warrior
England_LIA_o_(n=1),England_LIA
England_LIA-Roman_Empire_(n=6),England_LIA-Roman_Empire
England_LIA-Roman_Empire_Durotrigian_(n=26),England_LIA-Roman_Empire_Durotrigian
England_LIA-Roman_Empire_Durotrigian_(low_res)_(n=4),England_LIA-Roman_Empire_Durotrigian
England_MBA_(n=28),England_MBA
England_MBA_o1_(n=1),England_MBA
England_MBA_o2_(n=1),England_MBA
England_Mesolithic_Aveline's_Hole_(low_res)_(n=2),England_Mesolithic_Aveline's_Hole
England_Mesolithic_Gough's_Cave_(Cheddar_Man)_(n=1),England_Mesolithic_Gough's_Cave_(Cheddar_Man)
England_Mesolithic_Kendrick's_Cave_(n=1),England_Mesolithic_Kendrick's_Cave
England_Mesolithic_Kent's_Cavern_(low_res)_(n=1),England_Mesolithic_Kent's_Cavern
England_MIA_(n=86),England_MIA
England_MIA_(low_res)_(n=5),England_MIA
England_MIA_East_Yorkshire_(n=5),England_MIA_East_Yorkshire
England_MIA_o_(n=1),England_MIA
England_MIA-LIA_(n=64),England_MIA-LIA
England_MIA-LIA_(low_res)_(n=9),England_MIA-LIA
England_MIA-LIA_East_Yorkshire_(n=34),England_MIA-LIA_East_Yorkshire
England_MIA-LIA_East_Yorkshire_(low_res)_(n=1),England_MIA-LIA_East_Yorkshire
England_N_(n=18),England_N
England_N_(low_res)_(n=3),England_N
England_N_Hazleton_North_(n=21),England_N_Hazleton_North
England_N_Megalithic_(n=9),England_N_Megalithic
England_N_Megalithic_(low_res)_(n=2),England_N_Megalithic
England_N_Trumpington_(n=3),England_N_Trumpington
England_Roman_Empire_(Transcaucasian_Profile)_(n=1),England_Roman_Empire
England_Roman_Empire-Late_Antiquity_(n=17),England_Roman_Empire-Late_Antiquity
England_Roman_Empire-Late_Antiquity_(low_res)_(n=4),England_Roman_Empire-Late_Antiquity
England_Roman_Empire-Late_Antiquity_o_(n=1),England_Roman_Empire-Late_Antiquity
England_UP_Magdalenian_Gough's_Cave_(n=1),England_UP_Magdalenian_Gough's_Cave
Estonia_BA_(n=10),Estonia_BA
Estonia_Corded_Ware_(n=6),Estonia_Corded_Ware
Estonia_Corded_Ware_o_(low_res)_(n=1),Estonia_Corded_Ware
Estonia_Early_Medieval_Viking_Age_Saaremaa_(Mixed_Norse-Balto-Slavic-Finnic_Profile)_(n=1),Estonia_Early_Medieval_Viking_Age_Saaremaa
Estonia_Early_Medieval_Viking_Age_Saaremaa_(Mixed_Norse-Finnic_Profile)_(n=22),Estonia_Early_Medieval_Viking_Age_Saaremaa
Estonia_Early_Medieval_Viking_Age_Saaremaa_(Mixed_Norse-Finnic_Profile)_(low_res)_(n=2),Estonia_Early_Medieval_Viking_Age_Saaremaa
Estonia_Early_Medieval_Viking_Age_Saaremaa_(Norse_Profile)_(n=9),Estonia_Early_Medieval_Viking_Age_Saaremaa
Estonia_Early_Modern_(low_res)_(n=1),Estonia_Early_Modern
Estonia_EMN_Narva_(n=2),Estonia_EMN_Narva
Estonia_High_Medieval_(low_res)_(n=2),Estonia_High_Medieval
Estonia_IA_(n=6),Estonia_IA
Estonia_Late_Medieval_(low_res)_(n=3),Estonia_Late_Medieval
Estonia_Late_Medieval_(low_res)_o_(n=1),Estonia_Late_Medieval
Estonia_MN_Comb_Ceramic_(n=2),Estonia_MN_Comb_Ceramic
Estonia_MN_Comb_Ceramic_(low_res)_(n=1),Estonia_MN_Comb_Ceramic
Ethiopia_LSA_Mota_4500BP_(n=1),Ethiopia_LSA_Mota_4500BP
Faroes_Early_Medieval_Viking_Age_(low_res)_(n=1),Faroes_Early_Medieval_Viking_Age
Faroes_High_Medieval_(n=11),Faroes_High_Medieval
Faroes_High_Medieval_(low_res)_(n=4),Faroes_High_Medieval
Finland_Early_Modern_Porvoo_(n=1),Finland_Early_Modern_Porvoo
Finland_IA_Levanluhta_(n=4),Finland_IA_Levanluhta
Finland_IA_Levanluhta_(low_res)_(n=1),Finland_IA_Levanluhta
Finland_IA_Levanluhta_o_(n=1),Finland_IA_Levanluhta
Finland_Late_Medieval-Early_Modern_Turku_(n=1),Finland_Late_Medieval-Early_Modern_Turku
France_Bell_Beaker_Grand_Est_(n=5),France_Bell_Beaker_Grand_Est
France_Bell_Beaker_Grand_Est_(Low_Steppe_Profile)_(n=1),France_Bell_Beaker_Grand_Est
France_Bell_Beaker_Hauts-de-France_(n=1),France_Bell_Beaker_Hauts-de-France
France_Bell_Beaker_Ile-de-France_(n=1),France_Bell_Beaker_Ile-de-France
France_Bell_Beaker_Occitanie_(n=1),France_Bell_Beaker_Occitanie
France_Bell_Beaker_Occitanie_(No_Steppe_Profile)_(n=1),France_Bell_Beaker_Occitanie
France_Bell_Beaker_Provence_(n=7),France_Bell_Beaker_Provence
France_Bell_Beaker_Provence_(No_Steppe_Profile)_(n=1),France_Bell_Beaker_Provence
France_Bell_Beaker_Rhone-Alpes_(Low_Steppe_Profile)_(n=1),France_Bell_Beaker_Rhone-Alpes
France_Early_Medieval_Merovingian_Chemere_(Mixed_Western_Euro_Profile)_(n=2),France_Early_Medieval_Merovingian_Chemere
France_Early_Modern_Battle_of_Le_Mans_Vendeen_Soldier_French_(n=1),France_Early_Modern_Battle_of_Le_Mans_Vendeen_Soldier_French
France_Early_Modern_Battle_of_Le_Mans_Vendeen_Soldier_French_(low_res)_(n=1),France_Early_Modern_Battle_of_Le_Mans_Vendeen_Soldier_French
France_Early_Modern_Lariey-Puy-Saint-Pierre_(West_Med_Profile)_(n=1),France_Early_Modern_Lariey-Puy-Saint-Pierre
France_Early_Modern_Lariey-Puy-Saint-Pierre_(West_Med_Profile)_(low_res)_(n=1),France_Early_Modern_Lariey-Puy-Saint-Pierre
France_Early_Modern_Paris_(n=1),France_Early_Modern_Paris
France_Early-High_Medieval_Chausse_Saint-Pierre_(Alpine_Profile)_(n=1),France_Early-High_Medieval_Chausse_Saint-Pierre
France_EBA_Brittany_(n=1),France_EBA_Brittany
France_EBA_Brittany_(low_res)_(n=1),France_EBA_Brittany
France_EBA_Grand_Est_(n=8),France_EBA_Grand_Est
France_EBA_Occitanie_(n=3),France_EBA_Occitanie
France_EMBA_Occitanie_(n=2),France_EMBA_Occitanie
France_EN_Early_Cardial_Pendimoun_(n=2),France_EN_Early_Cardial_Pendimoun
France_EN_Early_Cardial_Pendimoun_o_(n=1),France_EN_Early_Cardial_Pendimoun
France_EN_LBK_Grand_Est_(n=2),France_EN_LBK_Grand_Est
France_EN_LBK_Grand_Est_o_(n=1),France_EN_LBK_Grand_Est
France_EN_LBK_Hauts-de-France_(low_res)_(n=1),France_EN_LBK_Hauts-de-France
France_EN_Villeneuve-Saint-Germain_Ile-de-France_(n=1),France_EN_Villeneuve-Saint-Germain_Ile-de-France
France_ENMN_Les_Breguieres_(n=5),France_ENMN_Les_Breguieres
France_FN_Brittany_(Steppe-Mixed_Profile)_(n=1),France_FN_Brittany
France_FN_Grand_Est_(n=1),France_FN_Grand_Est
France_FN_Grand_Est_(Steppe-Mixed_Profile)_(n=1),France_FN_Grand_Est
France_IA1_Hallstatt_C-Early_La_Tene_Grand_Est_(n=5),France_IA1_Hallstatt_C-Early_La_Tene_Grand_Est
France_IA1_Hallstatt_C-Early_La_Tene_Grand_Est_(low_res)_(n=1),France_IA1_Hallstatt_C-Early_La_Tene_Grand_Est
France_IA1_Hallstatt_D_Hauts-de-France_(low_res)_(n=1),France_IA1_Hallstatt_D_Hauts-de-France
France_IA1_Hallstatt_D_Occitanie_(low_res)_(n=2),France_IA1_Hallstatt_D_Occitanie
France_IA1_Hallstatt_D-Early_La_Tene_Grand_Est_(n=6),France_IA1_Hallstatt_D-Early_La_Tene_Grand_Est
France_IA1_Hallstatt_D-Early_La_Tene_Grand_Est_(low_res)_(n=2),France_IA1_Hallstatt_D-Early_La_Tene_Grand_Est
France_IA1_Hallstatt_D-Early_La_Tene_Occitanie_(low_res)_(n=1),France_IA1_Hallstatt_D-Early_La_Tene_Occitanie
France_IA1_Hallstatt_Grand_Est_(n=3),France_IA1_Hallstatt_Grand_Est
France_IA1_Hallstatt_Grand_Est_(low_res)_(n=4),France_IA1_Hallstatt_Grand_Est
France_IA2_La_Tene_Bourgogne-Franche-Comte_(Intermediate_Profile)_(n=2),France_IA2_La_Tene_Bourgogne-Franche-Comte
France_IA2_La_Tene_Bourgogne-Franche-Comte_(Intermediate_Profile)_(low_res)_(n=1),France_IA2_La_Tene_Bourgogne-Franche-Comte
France_IA2_La_Tene_Grand_Est_(Intermediate_Profile)_(n=8),France_IA2_La_Tene_Grand_Est
France_IA2_La_Tene_Grand_Est_(Intermediate_Profile)_(low_res)_(n=5),France_IA2_La_Tene_Grand_Est
France_IA2_La_Tene_Grand_Est_(Northwest_Euro_Profile)_(n=7),France_IA2_La_Tene_Grand_Est
France_IA2_La_Tene_Grand_Est_(Northwest_Euro_Profile)_(low_res)_(n=1),France_IA2_La_Tene_Grand_Est
France_IA2_La_Tene_Grand_Est_(South_Euro_Profile)_(n=1),France_IA2_La_Tene_Grand_Est
France_IA2_La_Tene_Grand_Est_(South_Euro_Profile)_(low_res)_(n=1),France_IA2_La_Tene_Grand_Est
France_IA2_La_Tene_Hauts-de-France_(Intermediate_Profile)_(n=3),France_IA2_La_Tene_Hauts-de-France
France_IA2_La_Tene_Hauts-de-France_(Intermediate_Profile)_(low_res)_(n=4),France_IA2_La_Tene_Hauts-de-France
France_IA2_La_Tene_Hauts-de-France_(Northwest_Euro_Profile)_(n=2),France_IA2_La_Tene_Hauts-de-France
France_IA2_La_Tene_Hauts-de-France_(Northwest_Euro_Profile)_(low_res)_(n=1),France_IA2_La_Tene_Hauts-de-France
France_IA2_La_Tene_Normandy_(Northwest_Euro_Profile)_(low_res)_(n=3),France_IA2_La_Tene_Normandy
France_IA2_La_Tene_Occitanie_(Intermediate_Profile)_(low_res)_(n=1),France_IA2_La_Tene_Occitanie
France_IA2_La_Tene_Occitanie_(Northwest_Euro_Profile)_(n=2),France_IA2_La_Tene_Occitanie
France_IA2_La_Tene_Occitanie_(South_Euro_Profile)_(low_res)_(n=10),France_IA2_La_Tene_Occitanie
France_IA2_Provence_Celto-Ligurian_(n=5),France_IA2_Provence_Celto-Ligurian
France_Late_Antiquity_Sarrebourg_(Crimean_Greek_Profile)_(n=1),France_Late_Antiquity_Sarrebourg
France_Late_Antiquity_Sarrebourg_(Gallic_Profile)_(n=1),France_Late_Antiquity_Sarrebourg
France_Late_Antiquity_Sarrebourg_(Northwest_Euro_Profile)_(n=1),France_Late_Antiquity_Sarrebourg
France_Late_Antiquity_Sarrebourg_(Sarmatian-Mixed_Profile)_(n=2),France_Late_Antiquity_Sarrebourg
France_Late_Antiquity_Vendeuil-Caply_(Northwest_Euro_Profile)_(n=1),France_Late_Antiquity_Vendeuil-Caply
France_Late_Antiquity-Early_Medieval_Chausse_Saint-Pierre_(North_African_Profile)_(n=1),France_Late_Antiquity-Early_Medieval_Chausse_Saint-Pierre
France_Late_Antiquity-Early_Medieval_Metz_(Alpine_Profile)_(n=1),France_Late_Antiquity-Early_Medieval_Metz
France_Late_Antiquity-Early_Medieval_Metz_(Gallic_Profile)_(n=2),France_Late_Antiquity-Early_Medieval_Metz
France_Late_Antiquity-Early_Medieval_Saint-Lupien_(Mixed_Western_Euro_Profile)_(n=1),France_Late_Antiquity-Early_Medieval_Saint-Lupien
France_Late_Antiquity-Early_Medieval_Saint-Lupien_(Vasconic_Profile)_(n=1),France_Late_Antiquity-Early_Medieval_Saint-Lupien
France_Late_Medieval_Metz_(Northwest_Euro_Profile)_(n=2),France_Late_Medieval_Metz
France_LBA_Grand_Est_(n=1),France_LBA_Grand_Est
France_LBA_Grand_Est_(low_res)_(n=2),France_LBA_Grand_Est
France_LBA_Occitanie_(n=2),France_LBA_Occitanie
France_LN_Breviandes_les_Pointes_et_les_Grevottes_(n=5),France_LN_Breviandes_les_Pointes_et_les_Grevottes
France_LN_Breviandes_les_Pointes_et_les_Grevottes_(High_Steppe-Mixed_Profile)_(n=2),France_LN_Breviandes_les_Pointes_et_les_Grevottes
France_LN_Breviandes_les_Pointes_et_les_Grevottes_(Low_Steppe-Mixed_Profile)_(n=1),France_LN_Breviandes_les_Pointes_et_les_Grevottes
France_LN_Ferrieres_Aven_de_la_Boucle_(n=24),France_LN_Ferrieres_Aven_de_la_Boucle
France_LN_Ferrieres_Aven_de_la_Boucle_o_(n=2),France_LN_Ferrieres_Aven_de_la_Boucle
France_LN_Ferrieres_Mas_Rouge_(n=1),France_LN_Ferrieres_Mas_Rouge
France_LN_Megalithic_(n=6),France_LN_Megalithic
France_LN_Moussey_(n=1),France_LN_Moussey
France_LN-EBA_Dolmen_des_Fades_(n=3),France_LN-EBA_Dolmen_des_Fades
France_LN-EBA_Grotte_Mandrin_(n=2),France_LN-EBA_Grotte_Mandrin
France_LN-EBA_Veraza_La_Clape_(n=10),France_LN-EBA_Veraza_La_Clape
France_MBA_Aven_de_la_Boucle_(n=1),France_MBA_Aven_de_la_Boucle
France_MBA_Grotte_Mandrin_(low_res)_(n=1),France_MBA_Grotte_Mandrin
France_MBA_La_Clape_(n=1),France_MBA_La_Clape
France_Medieval_Brittany_(n=1),France_Medieval_Brittany
France_Mesolithic_Champigny_(n=1),France_Mesolithic_Champigny
France_Mesolithic_Cuiry-les-Chaudardes_(low_res)_(n=1),France_Mesolithic_Cuiry-les-Chaudardes
France_Mesolithic_Farman_(n=1),France_Mesolithic_Farman
France_Mesolithic_Hoedic_(n=5),France_Mesolithic_Hoedic
France_Mesolithic_Maisons-Alfort_(n=1),France_Mesolithic_Maisons-Alfort
France_Mesolithic_Nouvelle-Aquitaine_(n=3),France_Mesolithic_Nouvelle-Aquitaine
France_Mesolithic_Ranchot_(n=1),France_Mesolithic_Ranchot
France_Mesolithic_Rochedane_(n=1),France_Mesolithic_Rochedane
France_Mesolithic_Teviec_(n=3),France_Mesolithic_Teviec
France_MLN_Clos_de_Roque_(n=3),France_MLN_Clos_de_Roque
France_MLN_Fleury-sur-Orne_(low_res)_(n=1),France_MLN_Fleury-sur-Orne
France_MLN_Mont-Aime_(n=7),France_MLN_Mont-Aime
France_MLN_Mont-Aime_(low_res)_(n=1),France_MLN_Mont-Aime
France_MLN_Mont-Aime_o_(n=1),France_MLN_Mont-Aime
France_MLN_Mont-Aime_o_(low_res)_(n=1),France_MLN_Mont-Aime
France_MN_Chasseen_Aven_de_la_Boucle_(n=1),France_MN_Chasseen_Aven_de_la_Boucle
France_MN_Chasseen_Champ_du_Poste_(n=3),France_MN_Chasseen_Champ_du_Poste
France_MN_Chasseen_Le_Cres_(n=3),France_MN_Chasseen_Le_Cres
France_MN_Chasseen-LN_Ferrieres_Aven_de_la_Boucle_(n=1),France_MN_Chasseen-LN_Ferrieres_Aven_de_la_Boucle
France_MN_Epicardial-Early_Chasseen_Grotte_Gazel_(n=2),France_MN_Epicardial-Early_Chasseen_Grotte_Gazel
France_MN_Fleury-sur-Orne_(n=10),France_MN_Fleury-sur-Orne
"France_MN_Gurgy_""les_Noisats""_(n=91)","France_MN_Gurgy_""les_Noisats"""
France_MN_Lingolsheim_(n=3),France_MN_Lingolsheim
France_MN_Obernai_(n=11),France_MN_Obernai
France_MN_Prisse-la-Charriere_(n=2),France_MN_Prisse-la-Charriere
France_MN1_Cerny_Grand_Est_(n=1),France_MN1_Cerny_Grand_Est
France_MN1_Cerny_Ile-de-France_(n=1),France_MN1_Cerny_Ile-de-France
France_MN1_Grossgartach_Grand_Est_(n=3),France_MN1_Grossgartach_Grand_Est
France_MN1_Grossgartach_Grand_Est_(low_res)_(n=1),France_MN1_Grossgartach_Grand_Est
France_MN2_BORS-Michelsberg_Grand_Est_(n=3),France_MN2_BORS-Michelsberg_Grand_Est
France_MN2_Grand_Est_(n=1),France_MN2_Grand_Est
France_MN2_Michelsberg_Hauts-de-France_(n=2),France_MN2_Michelsberg_Hauts-de-France
France_MN2_Noyen_Grand_Est_(n=1),France_MN2_Noyen_Grand_Est
France_Roman_Empire-Late_Antiquity_Sarrebourg_(Alpine_Profile)_(n=1),France_Roman_Empire-Late_Antiquity_Sarrebourg
France_Roman_Empire-Late_Antiquity_Sarrebourg_(Central_Med_Profile)_(n=1),France_Roman_Empire-Late_Antiquity_Sarrebourg
France_Roman_Empire-Late_Antiquity_Sarrebourg_(Iberian_Profile)_(n=1),France_Roman_Empire-Late_Antiquity_Sarrebourg
France_Roman_Empire-Late_Antiquity_Sarrebourg_(North_Adriatic_Profile)_(n=1),France_Roman_Empire-Late_Antiquity_Sarrebourg
France_Roman_Empire-Late_Antiquity_Sarrebourg_(Western_Euro_Profile)_(n=3),France_Roman_Empire-Late_Antiquity_Sarrebourg
France_UP_Gravettian_Fournol_(n=1),France_UP_Gravettian_Fournol
France_UP_Gravettian_Ormesson_(n=1),France_UP_Gravettian_Ormesson
France_UP_Magdalenian_La_Marche_(low_res)_(n=1),France_UP_Magdalenian_La_Marche
France_UP_Magdalenian_Rigney_(low_res)_(n=1),France_UP_Magdalenian_Rigney
French_Polynesia_150BP_(n=1),French_Polynesia_150BP
Gaziantep_EBA_Tilbasar_(n=1),Gaziantep_EBA_Tilbasar
Gaziantep_High_Medieval_(Armenian_Profile)_(n=6),Gaziantep_High_Medieval
Georgia_EBA_Kura-Araxes_Doghlauri_(n=1),Georgia_EBA_Kura-Araxes_Doghlauri
Georgia_EBA_Kura-Araxes_Dzedzvebi_(n=1),Georgia_EBA_Kura-Araxes_Dzedzvebi
Georgia_LBA_Didnauri_(low_res)_(n=1),Georgia_LBA_Didnauri
Georgia_LBA_Nazarlebi_(n=1),Georgia_LBA_Nazarlebi
Georgia_LN_Shulaveri-Shomutepe_(n=3),Georgia_LN_Shulaveri-Shomutepe
Georgia_Mesolithic_Trialetian_Kotias_Klde_(CHG)_(n=1),Georgia_Mesolithic_Trialetian_Kotias_Klde_(CHG)
Georgia_UP_Dzudzuana_(n=1),Georgia_UP_Dzudzuana
Georgia_UP_Kotias_Klde_(n=1),Georgia_UP_Kotias_Klde
Georgia_UP_Satsurblia_(CHG)_(n=1),Georgia_UP_Satsurblia_(CHG)
Germany_BA_Tollense_(Female_Outlier)_(n=1),Germany_BA_Tollense_(Female_Outlier)
Germany_BA_Tollense_(I2a_Group)_(n=5),Germany_BA_Tollense_(I2a_Group)
Germany_BA_Tollense_(R1a_Outlier)_(n=1),Germany_BA_Tollense_(R1a_Outlier)
Germany_BA_Tollense_(R1b_Group)_(n=5),Germany_BA_Tollense_(R1b_Group)
Germany_BA_Tollense_(R1b_Group)_o_(n=1),Germany_BA_Tollense_(R1b_Group)
Germany_Bell_Beaker_Bavaria_(n=30),Germany_Bell_Beaker_Bavaria
Germany_Bell_Beaker_Bavaria_Lech_Valley_(n=3),Germany_Bell_Beaker_Bavaria_Lech_Valley
Germany_Bell_Beaker_Bavaria_Lech_Valley_o_(n=1),Germany_Bell_Beaker_Bavaria_Lech_Valley
Germany_Bell_Beaker_Bavaria_o_(n=1),Germany_Bell_Beaker_Bavaria
Germany_Bell_Beaker_Rhineland-Palatinate_Rhine-Main_(n=1),Germany_Bell_Beaker_Rhineland-Palatinate_Rhine-Main
Germany_Bell_Beaker_Saxony-Anhalt_Mittelelbe-Saale_(n=8),Germany_Bell_Beaker_Saxony-Anhalt_Mittelelbe-Saale
Germany_Bell_Beaker_Saxony-Anhalt_Mittelelbe-Saale_(contaminated)_(n=1),Germany_Bell_Beaker_Saxony-Anhalt_Mittelelbe-Saale
Germany_Corded_Ware_(n=12),Germany_Corded_Ware
Germany_Corded_Ware_o_(n=1),Germany_Corded_Ware
Germany_Early_Medieval_Alemannic_Niederstotzingen_(n=4),Germany_Early_Medieval_Alemannic_Niederstotzingen
Germany_Early_Medieval_Alemannic_Niederstotzingen_(low_res)_(n=2),Germany_Early_Medieval_Alemannic_Niederstotzingen
Germany_Early_Medieval_Alemannic_Niederstotzingen_(North_Adriatic_Profile)_(n=2),Germany_Early_Medieval_Alemannic_Niederstotzingen
Germany_Early_Medieval_Altenerding-Klettham_(East_Asian-Mixed_Profile)_(n=1),Germany_Early_Medieval_Altenerding-Klettham
Germany_Early_Medieval_Baiuvaric_Altenerding-Klettham_(Alpine_Profile)_(low_res)_(n=1),Germany_Early_Medieval_Baiuvaric_Altenerding-Klettham
Germany_Early_Medieval_Baiuvaric_Altenerding-Klettham_(Central_Euro_Profile)_(low_res)_(n=1),Germany_Early_Medieval_Baiuvaric_Altenerding-Klettham
Germany_Early_Medieval_Baiuvaric_Altenerding-Klettham_(Northern_Euro_Profile)_(low_res)_(n=6),Germany_Early_Medieval_Baiuvaric_Altenerding-Klettham
Germany_Early_Medieval_Baiuvaric_Straubing-Bajuwarenstrasse_(North_Adriatic_Profile)_(low_res)_(n=1),Germany_Early_Medieval_Baiuvaric_Straubing-Bajuwarenstrasse
Germany_Early_Medieval_Baiuvaric_Straubing-Bajuwarenstrasse_(Northern_Euro_Profile)_(low_res)_(n=3),Germany_Early_Medieval_Baiuvaric_Straubing-Bajuwarenstrasse
Germany_Early_Medieval_Barbing-Irlmauth_(low_res)_(n=1),Germany_Early_Medieval_Barbing-Irlmauth
Germany_Early_Medieval_Drantum_(n=16),Germany_Early_Medieval_Drantum
Germany_Early_Medieval_Dunum_(n=8),Germany_Early_Medieval_Dunum
Germany_Early_Medieval_Dunum_(low_res)_(n=2),Germany_Early_Medieval_Dunum
Germany_Early_Medieval_Hannover-Anderten_(n=8),Germany_Early_Medieval_Hannover-Anderten
Germany_Early_Medieval_Hannover-Anderten_o_(Mixed_Western_Euro_Profile)_(n=4),Germany_Early_Medieval_Hannover-Anderten
Germany_Early_Medieval_Hannover-Anderten_o_(Mixed_Western_Euro_Profile)_(low_res)_(n=2),Germany_Early_Medieval_Hannover-Anderten
Germany_Early_Medieval_Liebenau_(low_res)_(n=1),Germany_Early_Medieval_Liebenau
Germany_Early_Medieval_Merovingian_Lauchheim_(Alpine_Profile)_(low_res)_(n=4),Germany_Early_Medieval_Merovingian_Lauchheim
Germany_Early_Medieval_Merovingian_Lauchheim_(Central_Med_Profile)_(n=1),Germany_Early_Medieval_Merovingian_Lauchheim
Germany_Early_Medieval_Merovingian_Lauchheim_(Paleo-Balkan_Profile)_(n=1),Germany_Early_Medieval_Merovingian_Lauchheim
Germany_Early_Medieval_Schortens_(n=3),Germany_Early_Medieval_Schortens
Germany_Early_Medieval_Straubing-Bajuwarenstrasse_(BA-IA_Southern_Balkan_Profile)_(low_res)_(n=1),Germany_Early_Medieval_Straubing-Bajuwarenstrasse
Germany_Early_Medieval_Straubing-Bajuwarenstrasse_(East_Asian-Mixed_Profile)_(low_res)_(n=1),Germany_Early_Medieval_Straubing-Bajuwarenstrasse
Germany_Early_Medieval_Straubing-Bajuwarenstrasse_(Mixed_Northern-Southern_Euro_Profile)_(n=1),Germany_Early_Medieval_Straubing-Bajuwarenstrasse
Germany_Early_Medieval_Straubing-Bajuwarenstrasse_(Northern_Euro_Profile)_(n=2),Germany_Early_Medieval_Straubing-Bajuwarenstrasse
Germany_Early_Medieval_Zetel_(low_res)_(n=1),Germany_Early_Medieval_Zetel
Germany_Early_Modern_Dresden_Frauenkirche_(German_Saxony)_(n=1),Germany_Early_Modern_Dresden_Frauenkirche_(German_Saxony)
Germany_Early_Modern_Ellwangen_(n=3),Germany_Early_Modern_Ellwangen
Germany_EBA_Lech_Valley_(Intermediate_Profile)_(n=15),Germany_EBA_Lech_Valley
Germany_EBA_Lech_Valley_(Northern_Profile)_(n=7),Germany_EBA_Lech_Valley
Germany_EBA_Lech_Valley_(Northern_Profile)_o_(n=1),Germany_EBA_Lech_Valley
Germany_EBA_Lech_Valley_(West_Med_Profile)_(n=1),Germany_EBA_Lech_Valley
Germany_EBA_Singen_(n=13),Germany_EBA_Singen
Germany_EBA_Unetice_(n=49),Germany_EBA_Unetice
Germany_EIA_Hallstatt_D_Asperg-Grafenbuehl_(n=3),Germany_EIA_Hallstatt_D_Asperg-Grafenbuehl
Germany_EIA_Hallstatt_D_Eberdingen-Hochdorf_(n=3),Germany_EIA_Hallstatt_D_Eberdingen-Hochdorf
Germany_EIA_Hallstatt_D_Eberdingen-Hochdorf_(low_res)_(n=1),Germany_EIA_Hallstatt_D_Eberdingen-Hochdorf
Germany_EIA_Hallstatt_D_Heuneburg_(n=2),Germany_EIA_Hallstatt_D_Heuneburg
Germany_EIA_Hallstatt_D_Magdalenenberg_(n=9),Germany_EIA_Hallstatt_D_Magdalenenberg
Germany_EIA_Hallstatt_D_Magdalenenberg_o_(West_Med_Profile)_(n=2),Germany_EIA_Hallstatt_D_Magdalenenberg
Germany_EIA_Hallstatt_D_Romerhugel_(n=3),Germany_EIA_Hallstatt_D_Romerhugel
Germany_EIA_Singen_(n=1),Germany_EIA_Singen
Germany_EN_Halberstadt-Sonntagsfeld_(n=1),Germany_EN_Halberstadt-Sonntagsfeld
Germany_EN_LBK_Derenburg-Meerenstieg_(n=28),Germany_EN_LBK_Derenburg-Meerenstieg
Germany_EN_LBK_Dillingen-Steinheim_(n=2),Germany_EN_LBK_Dillingen-Steinheim
Germany_EN_LBK_Essenbach-Ammerbreite_(n=1),Germany_EN_LBK_Essenbach-Ammerbreite
Germany_EN_LBK_Halberstadt_(n=21),Germany_EN_LBK_Halberstadt
Germany_EN_LBK_Herxheim_(n=7),Germany_EN_LBK_Herxheim
Germany_EN_LBK_Karsdorf_(n=2),Germany_EN_LBK_Karsdorf
Germany_EN_LBK_Karsdorf_(low_res)_(n=1),Germany_EN_LBK_Karsdorf
Germany_EN_LBK_Schwetzingen_(n=5),Germany_EN_LBK_Schwetzingen
Germany_EN_LBK_Stuttgart-Muhlhausen_(n=22),Germany_EN_LBK_Stuttgart-Muhlhausen
Germany_EN_LBK_Unterwiederstedt_(n=1),Germany_EN_LBK_Unterwiederstedt
Germany_EUP_Lincombian-Ranisian-Jerzmanowician_Ihlsenhohle_(n=7),Germany_EUP_Lincombian-Ranisian-Jerzmanowician_Ihlsenhohle
Germany_EUP_Lincombian-Ranisian-Jerzmanowician_Ihlsenhohle_o_(n=2),Germany_EUP_Lincombian-Ranisian-Jerzmanowician_Ihlsenhohle
Germany_FN_Anselfingen_(n=1),Germany_FN_Anselfingen
Germany_High_Medieval_Petersberg_Kleiner_Madron_(n=1),Germany_High_Medieval_Petersberg_Kleiner_Madron
Germany_High_Medieval_Rathausmarkt_(n=8),Germany_High_Medieval_Rathausmarkt
Germany_High_Medieval_Rathausmarkt_(low_res)_(n=3),Germany_High_Medieval_Rathausmarkt
Germany_High_Medieval_Rathausmarkt_o_(Mixed_Western_Euro_Profile)_(n=3),Germany_High_Medieval_Rathausmarkt
Germany_High_Medieval_Rathausmarkt_o_(Mixed_Western_Euro_Profile)_(low_res)_(n=1),Germany_High_Medieval_Rathausmarkt
Germany_High-Late_Medieval_Krakauer_Berg_(Balto-Slavic_Profile)_(n=9),Germany_High-Late_Medieval_Krakauer_Berg
Germany_High-Late_Medieval_Krakauer_Berg_(Mixed_Balto-Slavic-Germanic_Profile)_(n=2),Germany_High-Late_Medieval_Krakauer_Berg
Germany_Late_Antiquity_Freiham-Nord_Roman_Soldier_(n=1),Germany_Late_Antiquity_Freiham-Nord_Roman_Soldier
Germany_Late_Antiquity_Haven_(n=4),Germany_Late_Antiquity_Haven
Germany_Late_Antiquity_Haven_(low_res)_(n=4),Germany_Late_Antiquity_Haven
Germany_Late_Antiquity_Issendorf_(low_res)_(n=1),Germany_Late_Antiquity_Issendorf
Germany_Late_Antiquity-Early_Medieval_Alemannic-Frankish_Burgweinting_(low_res)_(n=1),Germany_Late_Antiquity-Early_Medieval_Alemannic-Frankish_Burgweinting
Germany_Late_Antiquity-Early_Medieval_Alt-Inden_(East_Med_Profile)_(n=1),Germany_Late_Antiquity-Early_Medieval_Alt-Inden
Germany_Late_Antiquity-Early_Medieval_Alt-Inden_(Iberian_Profile)_(low_res)_(n=1),Germany_Late_Antiquity-Early_Medieval_Alt-Inden
Germany_Late_Antiquity-Early_Medieval_Alt-Inden_(Mixed_Northern_Euro_Profile)_(n=3),Germany_Late_Antiquity-Early_Medieval_Alt-Inden
Germany_Late_Antiquity-Early_Medieval_Alt-Inden_(Mixed_Northern_Euro_Profile)_(low_res)_(n=1),Germany_Late_Antiquity-Early_Medieval_Alt-Inden
Germany_Late_Antiquity-Early_Medieval_Alt-Inden_(Mixed_Northern-Southern_Euro_Profile)_(n=2),Germany_Late_Antiquity-Early_Medieval_Alt-Inden
Germany_Late_Antiquity-Early_Medieval_Alt-Inden_(Mixed_Western_Euro_Profile)_(n=5),Germany_Late_Antiquity-Early_Medieval_Alt-Inden
Germany_Late_Antiquity-Early_Medieval_Alt-Inden_(North_Adriatic_Profile)_(n=1),Germany_Late_Antiquity-Early_Medieval_Alt-Inden
Germany_Late_Antiquity-Early_Medieval_Alt-Inden_(Paleo-Balkan_Profile)_(low_res)_(n=1),Germany_Late_Antiquity-Early_Medieval_Alt-Inden
Germany_Late_Antiquity-Early_Medieval_Alt-Inden_(Sarmatian-Mixed_Profile)_(n=1),Germany_Late_Antiquity-Early_Medieval_Alt-Inden
Germany_Late_Antiquity-Early_Medieval_Alt-Inden_(West_Med_Profile)_(n=1),Germany_Late_Antiquity-Early_Medieval_Alt-Inden
Germany_Late_Antiquity-Early_Medieval_Alteglofsheim_(Central_Med_Profile)_(low_res)_(n=1),Germany_Late_Antiquity-Early_Medieval_Alteglofsheim
Germany_Late_Antiquity-Early_Medieval_Baiuvaric_Altheim_(n=3),Germany_Late_Antiquity-Early_Medieval_Baiuvaric_Altheim
Germany_Late_Antiquity-Early_Medieval_Barbing-Irlmauth_(low_res)_(n=1),Germany_Late_Antiquity-Early_Medieval_Barbing-Irlmauth
Germany_Late_Antiquity-Early_Medieval_Burgweinting_(low_res)_(n=1),Germany_Late_Antiquity-Early_Medieval_Burgweinting
Germany_Late_Antiquity-Early_Medieval_Hassleben_(Central_Euro_Slavic_Profile)_(n=1),Germany_Late_Antiquity-Early_Medieval_Hassleben
Germany_Late_Antiquity-Early_Medieval_Hassleben_(West_Med_Profile)_(n=1),Germany_Late_Antiquity-Early_Medieval_Hassleben
Germany_Late_Antiquity-Early_Medieval_Hiddestorf_(n=5),Germany_Late_Antiquity-Early_Medieval_Hiddestorf
Germany_Late_Antiquity-Early_Medieval_Issendorf_(n=1),Germany_Late_Antiquity-Early_Medieval_Issendorf
Germany_Late_Antiquity-Early_Medieval_Straubing-Bajuwarenstrasse_(East_Asian-Mixed_Profile)_(n=1),Germany_Late_Antiquity-Early_Medieval_Straubing-Bajuwarenstrasse
Germany_Late_Antiquity-Early_Medieval_Straubing-Bajuwarenstrasse_(East_Asian-Mixed_Profile)_(low_res)_(n=1),Germany_Late_Antiquity-Early_Medieval_Straubing-Bajuwarenstrasse
Germany_Late_Antiquity-Early_Medieval_Straubing-Bajuwarenstrasse_(Northern_Euro_Profile)_(low_res)_(n=1),Germany_Late_Antiquity-Early_Medieval_Straubing-Bajuwarenstrasse
Germany_Late_Medieval_Ashkenazi_Jew_Erfurt_(Eastern_Profile)_(n=8),Germany_Late_Medieval_Ashkenazi_Jew_Erfurt
Germany_Late_Medieval_Ashkenazi_Jew_Erfurt_(Mixed_Western-Eastern_Profile)_(n=4),Germany_Late_Medieval_Ashkenazi_Jew_Erfurt
Germany_Late_Medieval_Ashkenazi_Jew_Erfurt_(Mixed_Western-Eastern_Profile)_(low_res)_(n=1),Germany_Late_Medieval_Ashkenazi_Jew_Erfurt
Germany_Late_Medieval_Ashkenazi_Jew_Erfurt_(Western_Profile)_(n=11),Germany_Late_Medieval_Ashkenazi_Jew_Erfurt
Germany_Late_Medieval_Lubeck_(n=5),Germany_Late_Medieval_Lubeck
Germany_Late_Medieval-Early_Modern_Ellwangen_(n=3),Germany_Late_Medieval-Early_Modern_Ellwangen
Germany_LBA_Halberstadt_(n=1),Germany_LBA_Halberstadt
Germany_LIA_La_Tene_Alte_Burg_(n=1),Germany_LIA_La_Tene_Alte_Burg
Germany_LIA-Early_Medieval_Hassleben_(Mixed_Western_Euro_Profile)_(n=3),Germany_LIA-Early_Medieval_Hassleben
Germany_LIA-Early_Medieval_Hassleben_(Northern_Euro_Profile)_(low_res)_(n=1),Germany_LIA-Early_Medieval_Hassleben
Germany_LIA-Early_Medieval_Hassleben_(West_Med_Profile)_(n=1),Germany_LIA-Early_Medieval_Hassleben
Germany_LN_Alberstedt_(n=1),Germany_LN_Alberstedt
Germany_LN_Benzigerode_Heimburg_(n=2),Germany_LN_Benzigerode_Heimburg
Germany_LN_Karsdorf_(n=1),Germany_LN_Karsdorf
Germany_LN_Ostorf_(n=2),Germany_LN_Ostorf
Germany_LN_Ostorf_o_(n=1),Germany_LN_Ostorf
Germany_LN_Wartberg_(n=33),Germany_LN_Wartberg
Germany_LN_Wartberg_o1_(n=4),Germany_LN_Wartberg
Germany_LN_Wartberg_o2_(n=1),Germany_LN_Wartberg
Germany_LN_Weyhe_Dreye_(n=1),Germany_LN_Weyhe_Dreye
Germany_MBA_Lech_Valley_(n=2),Germany_MBA_Lech_Valley
Germany_MBA_Tumulus_(low_res)_(n=1),Germany_MBA_Tumulus
Germany_Mesolithic_Bad_Durrenberg_(n=1),Germany_Mesolithic_Bad_Durrenberg
Germany_Mesolithic_Bockstein_(low_res)_(n=1),Germany_Mesolithic_Bockstein
Germany_Mesolithic_Bottendorf_(low_res)_(n=1),Germany_Mesolithic_Bottendorf
Germany_Mesolithic_Criewen_(n=1),Germany_Mesolithic_Criewen
Germany_Mesolithic_Drigge_(n=1),Germany_Mesolithic_Drigge
Germany_Mesolithic_Falkenstein_(n=1),Germany_Mesolithic_Falkenstein
Germany_Mesolithic_Gross_Fredenwalde_(n=6),Germany_Mesolithic_Gross_Fredenwalde
Germany_Mesolithic_Tangermunde_(n=1),Germany_Mesolithic_Tangermunde
Germany_Mesolithic_Urdhohle_(n=1),Germany_Mesolithic_Urdhohle
Germany_MN_A_Funnelbeaker_(TRB)_(n=1),Germany_MN_A_Funnelbeaker_(TRB)
Germany_MN_Baalberge_(n=2),Germany_MN_Baalberge
Germany_MN_Baalberge_(low_res)_(n=2),Germany_MN_Baalberge
Germany_MN_Blatterhohle_(n=2),Germany_MN_Blatterhohle
Germany_MN_Blatterhohle_o1_(low_res)_(n=1),Germany_MN_Blatterhohle
Germany_MN_Blatterhohle_o2_(n=1),Germany_MN_Blatterhohle
Germany_MN_Erwitte-Schmerlecke_(low_res)_(n=1),Germany_MN_Erwitte-Schmerlecke
Germany_MN_Esperstedt_(n=1),Germany_MN_Esperstedt
Germany_MN_Salzmuende_(low_res)_(n=1),Germany_MN_Salzmuende
Germany_UP_Late_Magdalenian-Federmesser_Oberkassel_(n=2),Germany_UP_Late_Magdalenian-Federmesser_Oberkassel
Germany_UP_Magdalenian_Brillenhohle_(low_res)_(n=1),Germany_UP_Magdalenian_Brillenhohle
Germany_UP_Magdalenian_Burkardtshohle_(low_res)_(n=1),Germany_UP_Magdalenian_Burkardtshohle
Germany_UP_Magdalenian_Hohle_Fels_(low_res)_(n=2),Germany_UP_Magdalenian_Hohle_Fels
Gorno-Altai_EBA_Afanasievo_(n=21),Gorno-Altai_EBA_Afanasievo
Gorno-Altai_IA_Sary-Bel_(n=1),Gorno-Altai_IA_Sary-Bel
Gorno-Altai_IA_Verh-Uimon_(n=2),Gorno-Altai_IA_Verh-Uimon
Great_Andamanese_100BP_(n=1),Great_Andamanese_100BP
Greece_Archaic_Phocis_(n=1),Greece_Archaic_Phocis
Greece_EBA_Cycladic_Koufonisi_(n=2),Greece_EBA_Cycladic_Koufonisi
Greece_EBA_Early_Helladic_Lazarides_(n=1),Greece_EBA_Early_Helladic_Lazarides
Greece_EBA_Early_Helladic_Manika_(n=1),Greece_EBA_Early_Helladic_Manika
Greece_EBA_Early_Helladic_Nea_Styra_(Anatolian_BA_Profile)_(n=3),Greece_EBA_Early_Helladic_Nea_Styra
Greece_EBA_Early_Helladic_Nea_Styra_(Helladic_EBA_Profile)_(n=2),Greece_EBA_Early_Helladic_Nea_Styra
Greece_EBA_Early_Helladic_Perachora_(n=4),Greece_EBA_Early_Helladic_Perachora
Greece_EBA_Early_Helladic_Perachora_(low_res)_(n=1),Greece_EBA_Early_Helladic_Perachora
Greece_EBA_Early_Helladic_Sarakenos_(n=1),Greece_EBA_Early_Helladic_Sarakenos
Greece_EBA_Minoan_Petras_(n=1),Greece_EBA_Minoan_Petras
Greece_EBA_Thessaly_Theopetra_(n=1),Greece_EBA_Thessaly_Theopetra
Greece_EIA_Argolid_(n=1),Greece_EIA_Argolid
Greece_EIA_Messenia_(n=1),Greece_EIA_Messenia
Greece_EMBA_Minoan_Hagios_Charalambos_(n=30),Greece_EMBA_Minoan_Hagios_Charalambos
Greece_EMBA_Minoan_Hagios_Charalambos_(low_res)_(n=1),Greece_EMBA_Minoan_Hagios_Charalambos
Greece_Late_Antiquity_Vranas_Marathon_(n=1),Greece_Late_Antiquity_Vranas_Marathon
Greece_Late_Modern_Crete_Adele_(n=16),Greece_Late_Modern_Crete_Adele
Greece_LBA_Achaea_Mygdalia_(Steppe-Rich_Profile)_(n=6),Greece_LBA_Achaea_Mygdalia
Greece_LBA_Achaea_Mygdalia_o_(BA-IA_Southern_Balkan_Profile)_(n=1),Greece_LBA_Achaea_Mygdalia
Greece_LBA_Crete_Chania_(Steppe-Rich_Profile)_(n=2),Greece_LBA_Crete_Chania
Greece_LBA_Crete_Krousonas_(Steppe-Rich_Profile)_(n=2),Greece_LBA_Crete_Krousonas
Greece_LBA_Minoan_Aposelemis_(n=3),Greece_LBA_Minoan_Aposelemis
Greece_LBA_Mycenaean_Aegina_(n=4),Greece_LBA_Mycenaean_Aegina
Greece_LBA_Mycenaean_Argolid_(n=5),Greece_LBA_Mycenaean_Argolid
Greece_LBA_Mycenaean_Attica_(n=4),Greece_LBA_Mycenaean_Attica
Greece_LBA_Mycenaean_Corinthia_(n=6),Greece_LBA_Mycenaean_Corinthia
Greece_LBA_Mycenaean_Corinthia_o_(noisy)_(n=1),Greece_LBA_Mycenaean_Corinthia_o_(noisy)
Greece_LBA_Mycenaean_Cyclades_(n=4),Greece_LBA_Mycenaean_Cyclades
Greece_LBA_Mycenaean_Messenia_(n=7),Greece_LBA_Mycenaean_Messenia
Greece_LBA_Mycenaean_Messenia_(low_res)_(n=2),Greece_LBA_Mycenaean_Messenia
Greece_LBA_Mycenaean_Phocis_(n=4),Greece_LBA_Mycenaean_Phocis
Greece_LBA_Mycenaean_Phocis_(low_res)_(n=1),Greece_LBA_Mycenaean_Phocis
Greece_LBA_Mycenaean_Salamis_(n=1),Greece_LBA_Mycenaean_Salamis
Greece_LBA_Mycenaean/Minoan_LBA_Chania_(Anatolian_BA_Profile)_(n=1),Greece_LBA_Mycenaean/Minoan_LBA_Chania
Greece_LBA_Mycenaean/Minoan_LBA_Chania_(East_Med_Profile)_(n=1),Greece_LBA_Mycenaean/Minoan_LBA_Chania
Greece_LBA_Mycenaean/Minoan_LBA_Chania_(East_Med-Anatolian_Profile)_(n=1),Greece_LBA_Mycenaean/Minoan_LBA_Chania
Greece_LBA_Mycenaean/Minoan_LBA_Chania_(Minoan_Profile)_(n=8),Greece_LBA_Mycenaean/Minoan_LBA_Chania
Greece_LBA_Mycenaean/Minoan_LBA_Chania_(Mycenaean_Profile)_(n=10),Greece_LBA_Mycenaean/Minoan_LBA_Chania
Greece_LBA_Mycenaean/Minoan_LBA_Chania_(Mycenaean_Profile)_(low_res)_(n=1),Greece_LBA_Mycenaean/Minoan_LBA_Chania
Greece_MBA_Macedonia_Logkas_(n=2),Greece_MBA_Macedonia_Logkas
Greece_MBA_Minoan_Odigitria_(low_res)_(n=3),Greece_MBA_Minoan_Odigitria
Greece_MBA_Minoan_Zakros_(n=1),Greece_MBA_Minoan_Zakros
Greece_MLBA_Minoan_Chania_(Mycenaean_Profile)_(n=1),Greece_MLBA_Minoan_Chania
Greece_N_Crete_Aposelemis_(n=5),Greece_N_Crete_Aposelemis
Greece_N_Macedonia_(n=4),Greece_N_Macedonia
Greece_N_Macedonia_(low_res)_(n=1),Greece_N_Macedonia
Greece_N_Peloponnese_Diros_(n=4),Greece_N_Peloponnese_Diros
Greece_N_Peloponnese_Diros_o_(n=1),Greece_N_Peloponnese_Diros
Greece_N_Peloponnese_Franchthi_(n=1),Greece_N_Peloponnese_Franchthi
Greenland_Early_Medieval_Viking_Age_Western_Settlement_(Early_Norse)_(Norse_Profile)_(low_res)_(n=1),Greenland_Early_Medieval_Viking_Age_Western_Settlement_(Early_Norse)
Greenland_Early-High_Medieval_Viking_Age_Eastern_Settlement_(Early_Norse)_(Mixed_Gaelic-Norse_Profile)_(n=7),Greenland_Early-High_Medieval_Viking_Age_Eastern_Settlement_(Early_Norse)
Greenland_Early-High_Medieval_Viking_Age_Eastern_Settlement_(Early_Norse)_(Mixed_Gaelic-Norse_Profile)_(low_res)_(n=2),Greenland_Early-High_Medieval_Viking_Age_Eastern_Settlement_(Early_Norse)
Greenland_Early-High_Medieval_Viking_Age_Eastern_Settlement_(Early_Norse)_(Mixed_Western_Euro_Profile)_(low_res)_(n=1),Greenland_Early-High_Medieval_Viking_Age_Eastern_Settlement_(Early_Norse)
Greenland_Early-High_Medieval_Viking_Age_Eastern_Settlement_(Early_Norse)_(Norse_Profile)_(n=1),Greenland_Early-High_Medieval_Viking_Age_Eastern_Settlement_(Early_Norse)
Greenland_Early-High_Medieval_Viking_Age_Eastern_Settlement_(Late_Norse)_(Mixed_Gaelic-Norse_Profile)_(n=1),Greenland_Early-High_Medieval_Viking_Age_Eastern_Settlement_(Late_Norse)
Greenland_Early-High_Medieval_Viking_Age_Western_Settlement_(Late_Norse)_(Mixed_Gaelic-Norse_Profile)_(low_res)_(n=1),Greenland_Early-High_Medieval_Viking_Age_Western_Settlement_(Late_Norse)
Greenland_High_Medieval_Viking_Age_Western_Settlement_(Late_Norse)_(Norse_Profile)_(low_res)_(n=1),Greenland_High_Medieval_Viking_Age_Western_Settlement_(Late_Norse)
Greenland_Paleo-Eskimo_Saqqaq_(n=1),Greenland_Paleo-Eskimo_Saqqaq
Guadeloupe_Ceramic_(n=4),Guadeloupe_Ceramic
Guam_Latte_Haputo_(n=3),Guam_Latte_Haputo
Guam_Latte_Naton_(n=61),Guam_Latte_Naton
Guam_Unai_Late_Naton_(n=1),Guam_Unai_Late_Naton
Guam_Unai_Late_Ritidian_(n=1),Guam_Unai_Late_Ritidian
Guam_Unai_Naton_(n=2),Guam_Unai_Naton
Haiti_Ceramic_(n=2),Haiti_Ceramic
Hatay_ECA_Tell_Kurdu_(n=4),Hatay_ECA_Tell_Kurdu
Hatay_LBA_Alalakh_(n=6),Hatay_LBA_Alalakh
Hatay_MBA_Alalakh_(n=22),Hatay_MBA_Alalakh
Hatay_MCA_Tell_Kurdu_(n=1),Hatay_MCA_Tell_Kurdu
Hatay_MLBA_Alalakh_(n=8),Hatay_MLBA_Alalakh
Hatay_MLBA_Alalakh_o_(n=1),Hatay_MLBA_Alalakh
Hungary_BA_Szolad_(n=1),Hungary_BA_Szolad
Hungary_Bell_Beaker_(n=7),Hungary_Bell_Beaker
Hungary_Bell_Beaker_(No_Steppe_Profile)_(n=1),Hungary_Bell_Beaker
Hungary_Bell_Beaker_o1_(n=1),Hungary_Bell_Beaker
Hungary_Bell_Beaker_o2_(n=1),Hungary_Bell_Beaker
Hungary_Bell_Beaker_o3_(n=1),Hungary_Bell_Beaker
Hungary_CA_Balaton_Lasinja_(n=4),Hungary_CA_Balaton_Lasinja
Hungary_CA_Csongrad_(Eneolithic_Piedmont_Steppe_Profile)_(n=1),Hungary_CA_Csongrad
Hungary_Early_Medieval_Avar_Period_(BA-IA_Southern_Balkan_Profile)_(n=1),Hungary_Early_Medieval_Avar_Period
Hungary_Early_Medieval_Avar_Period_(Central_Med_Profile)_(n=9),Hungary_Early_Medieval_Avar_Period
Hungary_Early_Medieval_Avar_Period_(East_Asian-Mixed_Profile)_(n=12),Hungary_Early_Medieval_Avar_Period
Hungary_Early_Medieval_Avar_Period_(East_Asian-Mixed_Profile)_o1_(n=4),Hungary_Early_Medieval_Avar_Period
Hungary_Early_Medieval_Avar_Period_(East_Asian-Mixed_Profile)_o2_(n=2),Hungary_Early_Medieval_Avar_Period
Hungary_Early_Medieval_Avar_Period_(Paleo-Balkan_Profile)_(n=1),Hungary_Early_Medieval_Avar_Period
Hungary_Early_Medieval_Avar_Period_(South_Balkan_Profile)_(n=2),Hungary_Early_Medieval_Avar_Period
Hungary_Early_Medieval_Avar_Period_Early_(Alpine_Profile)_(n=1),Hungary_Early_Medieval_Avar_Period_Early
Hungary_Early_Medieval_Avar_Period_Early_(Avar_Profile)_(n=27),Hungary_Early_Medieval_Avar_Period_Early
Hungary_Early_Medieval_Avar_Period_Early_(BA-IA_Southern_Balkan_Profile)_(n=5),Hungary_Early_Medieval_Avar_Period_Early
Hungary_Early_Medieval_Avar_Period_Early_(Balto-Slavic_Profile)_(n=3),Hungary_Early_Medieval_Avar_Period_Early
Hungary_Early_Medieval_Avar_Period_Early_(Central_Euro_Profile)_(n=3),Hungary_Early_Medieval_Avar_Period_Early
Hungary_Early_Medieval_Avar_Period_Early_(Central_Euro_Slavic_Profile)_(n=2),Hungary_Early_Medieval_Avar_Period_Early
Hungary_Early_Medieval_Avar_Period_Early_(Central_Med_Profile)_(n=3),Hungary_Early_Medieval_Avar_Period_Early
Hungary_Early_Medieval_Avar_Period_Early_(East_Asian-Mixed_Profile)_(n=66),Hungary_Early_Medieval_Avar_Period_Early
Hungary_Early_Medieval_Avar_Period_Early_(East_Asian-Mixed_Profile)_o1_(n=12),Hungary_Early_Medieval_Avar_Period_Early
Hungary_Early_Medieval_Avar_Period_Early_(East_Asian-Mixed_Profile)_o3_(n=3),Hungary_Early_Medieval_Avar_Period_Early
Hungary_Early_Medieval_Avar_Period_Early_(Hither-BA-IA_Southern_Balkan_Profile)_(low_res)_(n=1),Hungary_Early_Medieval_Avar_Period_Early
Hungary_Early_Medieval_Avar_Period_Early_(Northern_Euro_Profile)_(n=1),Hungary_Early_Medieval_Avar_Period_Early
Hungary_Early_Medieval_Avar_Period_Early_(Paleo-Balkan_Profile)_(n=4),Hungary_Early_Medieval_Avar_Period_Early
Hungary_Early_Medieval_Avar_Period_Early_(South_Balkan_Profile)_(n=2),Hungary_Early_Medieval_Avar_Period_Early
Hungary_Early_Medieval_Avar_Period_Early_(South_Slavic_Profile)_(n=1),Hungary_Early_Medieval_Avar_Period_Early
Hungary_Early_Medieval_Avar_Period_Early/Middle_(Balto-Slavic_Profile)_(n=1),Hungary_Early_Medieval_Avar_Period_Early/Middle
Hungary_Early_Medieval_Avar_Period_Early/Middle_(Central_Med_Profile)_(n=4),Hungary_Early_Medieval_Avar_Period_Early/Middle
Hungary_Early_Medieval_Avar_Period_Early/Middle_(East_Asian-Mixed_Profile)_(n=13),Hungary_Early_Medieval_Avar_Period_Early/Middle
Hungary_Early_Medieval_Avar_Period_Early/Middle_(North_Adriatic_Profile)_(n=1),Hungary_Early_Medieval_Avar_Period_Early/Middle
Hungary_Early_Medieval_Avar_Period_Early/Middle_(South_Slavic_Profile)_(n=2),Hungary_Early_Medieval_Avar_Period_Early/Middle
Hungary_Early_Medieval_Avar_Period_Late_(Avar_Profile)_(n=3),Hungary_Early_Medieval_Avar_Period_Late
Hungary_Early_Medieval_Avar_Period_Late_(Central_Euro_Profile)_(n=3),Hungary_Early_Medieval_Avar_Period_Late
Hungary_Early_Medieval_Avar_Period_Late_(Central_Euro_Slavic_Profile)_(n=1),Hungary_Early_Medieval_Avar_Period_Late
Hungary_Early_Medieval_Avar_Period_Late_(Central_Med_Profile)_(n=15),Hungary_Early_Medieval_Avar_Period_Late
Hungary_Early_Medieval_Avar_Period_Late_(East_Asian-Mixed_Profile)_(n=111),Hungary_Early_Medieval_Avar_Period_Late
Hungary_Early_Medieval_Avar_Period_Late_(East_Asian-Mixed_Profile)_o1_(n=18),Hungary_Early_Medieval_Avar_Period_Late
Hungary_Early_Medieval_Avar_Period_Late_(East_Asian-Mixed_Profile)_o2_(n=12),Hungary_Early_Medieval_Avar_Period_Late
Hungary_Early_Medieval_Avar_Period_Late_(East_Asian-Mixed_Profile)_o3_(n=8),Hungary_Early_Medieval_Avar_Period_Late
Hungary_Early_Medieval_Avar_Period_Late_(East_Med_Profile)_(n=2),Hungary_Early_Medieval_Avar_Period_Late
Hungary_Early_Medieval_Avar_Period_Late_(Mixed_Western_Euro_Profile)_(n=1),Hungary_Early_Medieval_Avar_Period_Late
Hungary_Early_Medieval_Avar_Period_Late_(North_Adriatic_Profile)_(n=5),Hungary_Early_Medieval_Avar_Period_Late
Hungary_Early_Medieval_Avar_Period_Late_(South_Balkan_Profile)_(n=7),Hungary_Early_Medieval_Avar_Period_Late
Hungary_Early_Medieval_Avar_Period_Late_(South_Slavic_Profile)_(n=2),Hungary_Early_Medieval_Avar_Period_Late
Hungary_Early_Medieval_Avar_Period_Late_(Steppe_Iranic_Profile)_(low_res)_(n=1),Hungary_Early_Medieval_Avar_Period_Late
Hungary_Early_Medieval_Avar_Period_Middle_(Alpine_Profile)_(n=7),Hungary_Early_Medieval_Avar_Period_Middle
Hungary_Early_Medieval_Avar_Period_Middle_(Avar_Profile)_(n=2),Hungary_Early_Medieval_Avar_Period_Middle
Hungary_Early_Medieval_Avar_Period_Middle_(BA-IA_Southern_Balkan_Profile)_(n=1),Hungary_Early_Medieval_Avar_Period_Middle
Hungary_Early_Medieval_Avar_Period_Middle_(Central_Euro_Profile)_(n=1),Hungary_Early_Medieval_Avar_Period_Middle
Hungary_Early_Medieval_Avar_Period_Middle_(Central_Med_Profile)_(n=7),Hungary_Early_Medieval_Avar_Period_Middle
Hungary_Early_Medieval_Avar_Period_Middle_(East_Asian-Mixed_Profile)_(n=52),Hungary_Early_Medieval_Avar_Period_Middle
Hungary_Early_Medieval_Avar_Period_Middle_(East_Asian-Mixed_Profile)_o1_(n=8),Hungary_Early_Medieval_Avar_Period_Middle
Hungary_Early_Medieval_Avar_Period_Middle_(East_Asian-Mixed_Profile)_o2_(n=2),Hungary_Early_Medieval_Avar_Period_Middle
Hungary_Early_Medieval_Avar_Period_Middle_(East_Asian-Mixed_Profile)_o3_(n=1),Hungary_Early_Medieval_Avar_Period_Middle
Hungary_Early_Medieval_Avar_Period_Middle_(East_Asian-Mixed_Profile)_o4_(n=1),Hungary_Early_Medieval_Avar_Period_Middle
Hungary_Early_Medieval_Avar_Period_Middle_(North_Adriatic_Profile)_(n=1),Hungary_Early_Medieval_Avar_Period_Middle
Hungary_Early_Medieval_Avar_Period_Middle_(Paleo-Balkan_Profile)_(n=1),Hungary_Early_Medieval_Avar_Period_Middle
Hungary_Early_Medieval_Avar_Period_Middle_(South_Balkan_Profile)_(n=1),Hungary_Early_Medieval_Avar_Period_Middle
Hungary_Early_Medieval_Avar_Period_Middle_(South_Slavic_Profile)_(n=3),Hungary_Early_Medieval_Avar_Period_Middle
Hungary_Early_Medieval_Avar_Period_Middle/Late_(Avar_Profile)_(n=9),Hungary_Early_Medieval_Avar_Period_Middle/Late
Hungary_Early_Medieval_Avar_Period_Middle/Late_(Central_Euro_Slavic_Profile)_(n=1),Hungary_Early_Medieval_Avar_Period_Middle/Late
Hungary_Early_Medieval_Avar_Period_Middle/Late_(East_Asian-Mixed_Profile)_(n=39),Hungary_Early_Medieval_Avar_Period_Middle/Late
Hungary_Early_Medieval_Avar_Period_Middle/Late_(East_Asian-Mixed_Profile)_o1_(n=5),Hungary_Early_Medieval_Avar_Period_Middle/Late
Hungary_Early_Medieval_Avar_Period_Middle/Late_(East_Asian-Mixed_Profile)_o2_(n=3),Hungary_Early_Medieval_Avar_Period_Middle/Late
Hungary_Early_Medieval_Avar_Period_Middle/Late_(East_Asian-Mixed_Profile)_o3_(n=4),Hungary_Early_Medieval_Avar_Period_Middle/Late
Hungary_Early_Medieval_Avar_Period_Middle/Late_(East_Med_Profile)_(n=1),Hungary_Early_Medieval_Avar_Period_Middle/Late
Hungary_Early_Medieval_Avar_Period_Middle/Late_(South_Balkan_Profile)_(n=1),Hungary_Early_Medieval_Avar_Period_Middle/Late
Hungary_Early_Medieval_Avar_Period_Middle/Late_(South_Slavic_Profile)_(n=2),Hungary_Early_Medieval_Avar_Period_Middle/Late
Hungary_Early_Medieval_Carolingian_Period_(Balto-Slavic_Profile)_(n=1),Hungary_Early_Medieval_Carolingian_Period
Hungary_Early_Medieval_Carolingian_Period_(Central_Euro_Profile)_(n=1),Hungary_Early_Medieval_Carolingian_Period
Hungary_Early_Medieval_Carolingian_Period_(Central_Euro_Slavic_Profile)_(n=8),Hungary_Early_Medieval_Carolingian_Period
Hungary_Early_Medieval_Carolingian_Period_(Early_Magyar_Profile)_(n=1),Hungary_Early_Medieval_Carolingian_Period
Hungary_Early_Medieval_Carolingian_Period_(East_Asian-Mixed_Profile)_(n=1),Hungary_Early_Medieval_Carolingian_Period
Hungary_Early_Medieval_Carolingian_Period_(East_Asian-Mixed_Profile)_o_(n=1),Hungary_Early_Medieval_Carolingian_Period
Hungary_Early_Medieval_Carolingian_Period_(South_Slavic_Profile)_(n=1),Hungary_Early_Medieval_Carolingian_Period
Hungary_Early_Medieval_Conqueror_Period_(Alan-Mixed_Profile)_(n=1),Hungary_Early_Medieval_Conqueror_Period
Hungary_Early_Medieval_Conqueror_Period_(Alpine_Profile)_(n=3),Hungary_Early_Medieval_Conqueror_Period
Hungary_Early_Medieval_Conqueror_Period_(BA-IA_Southern_Balkan_Profile)_(n=1),Hungary_Early_Medieval_Conqueror_Period
Hungary_Early_Medieval_Conqueror_Period_(Carpathian_Basin_Profile)_(n=1),Hungary_Early_Medieval_Conqueror_Period
Hungary_Early_Medieval_Conqueror_Period_(Central_Euro_Profile)_(n=16),Hungary_Early_Medieval_Conqueror_Period
Hungary_Early_Medieval_Conqueror_Period_(Central_Euro_Slavic_Profile)_(n=10),Hungary_Early_Medieval_Conqueror_Period
Hungary_Early_Medieval_Conqueror_Period_(Central_Med_Profile)_(n=1),Hungary_Early_Medieval_Conqueror_Period
Hungary_Early_Medieval_Conqueror_Period_(Early_Magyar_Profile)_(n=10),Hungary_Early_Medieval_Conqueror_Period
Hungary_Early_Medieval_Conqueror_Period_(Early_Magyar-Mixed_Profile)_(n=2),Hungary_Early_Medieval_Conqueror_Period
Hungary_Early_Medieval_Conqueror_Period_(Early_Magyar-Mixed_Profile)_o1_(n=1),Hungary_Early_Medieval_Conqueror_Period
Hungary_Early_Medieval_Conqueror_Period_(Early_Magyar-Mixed_Profile)_o2_(n=4),Hungary_Early_Medieval_Conqueror_Period
Hungary_Early_Medieval_Conqueror_Period_(Early_Magyar-Mixed_Profile)_o3_(n=1),Hungary_Early_Medieval_Conqueror_Period
Hungary_Early_Medieval_Conqueror_Period_(East_Asian-Mixed_Profile)_(n=18),Hungary_Early_Medieval_Conqueror_Period
Hungary_Early_Medieval_Conqueror_Period_(East_Asian-Mixed_Profile)_o1_(n=3),Hungary_Early_Medieval_Conqueror_Period
Hungary_Early_Medieval_Conqueror_Period_(East_Asian-Mixed_Profile)_o2_(n=9),Hungary_Early_Medieval_Conqueror_Period
Hungary_Early_Medieval_Conqueror_Period_(East_Asian-Mixed_Profile)_o3_(n=11),Hungary_Early_Medieval_Conqueror_Period
Hungary_Early_Medieval_Conqueror_Period_(North_Adriatic_Profile)_(n=3),Hungary_Early_Medieval_Conqueror_Period
Hungary_Early_Medieval_Conqueror_Period_(Northern_Euro_Profile)_(n=2),Hungary_Early_Medieval_Conqueror_Period
Hungary_Early_Medieval_Conqueror_Period_(Paleo-Balkan_Profile)_(n=2),Hungary_Early_Medieval_Conqueror_Period
Hungary_Early_Medieval_Conqueror_Period_(Slavic_Profile)_(n=3),Hungary_Early_Medieval_Conqueror_Period
Hungary_Early_Medieval_Conqueror_Period_(South_Slavic_Profile)_(n=9),Hungary_Early_Medieval_Conqueror_Period
Hungary_Early_Medieval_Conqueror_Period_(Western_Euro_Profile)_(n=8),Hungary_Early_Medieval_Conqueror_Period
Hungary_Early_Medieval_Lombard_Period_(BA-IA_Southern_Balkan_Profile)_(n=1),Hungary_Early_Medieval_Lombard_Period
Hungary_Early_Medieval_Lombard_Period_(Central_Euro_Profile)_(n=5),Hungary_Early_Medieval_Lombard_Period
Hungary_Early_Medieval_Lombard_Period_(Central_Med_Profile)_(n=3),Hungary_Early_Medieval_Lombard_Period
Hungary_Early_Medieval_Lombard_Period_(Central_Med_Profile)_(low_res)_(n=1),Hungary_Early_Medieval_Lombard_Period
Hungary_Early_Medieval_Lombard_Period_(East_Asian-Mixed_Profile)_(n=1),Hungary_Early_Medieval_Lombard_Period
Hungary_Early_Medieval_Lombard_Period_(East_Med_Profile)_(n=1),Hungary_Early_Medieval_Lombard_Period
Hungary_Early_Medieval_Lombard_Period_(Mixed_Western_Euro_Profile)_(low_res)_(n=1),Hungary_Early_Medieval_Lombard_Period
Hungary_Early_Medieval_Lombard_Period_(North_Adriatic_Profile)_(n=2),Hungary_Early_Medieval_Lombard_Period
Hungary_Early_Medieval_Lombard_Period_(Northern_Euro_Profile)_(n=11),Hungary_Early_Medieval_Lombard_Period
Hungary_Early_Medieval_Lombard_Period_(Northern_Euro_Profile)_(low_res)_(n=6),Hungary_Early_Medieval_Lombard_Period
Hungary_Early-High_Medieval_Conqueror-Early_Arpadian_Period_(Central_Euro_Profile)_(n=5),Hungary_Early-High_Medieval_Conqueror-Early_Arpadian_Period
Hungary_Early-High_Medieval_Conqueror-Early_Arpadian_Period_(Central_Euro_Slavic_Profile)_(n=4),Hungary_Early-High_Medieval_Conqueror-Early_Arpadian_Period
Hungary_Early-High_Medieval_Conqueror-Early_Arpadian_Period_(East_Asian-Mixed_Profile)_(n=4),Hungary_Early-High_Medieval_Conqueror-Early_Arpadian_Period
Hungary_Early-High_Medieval_Conqueror-Early_Arpadian_Period_(North_Adriatic_Profile)_(n=2),Hungary_Early-High_Medieval_Conqueror-Early_Arpadian_Period
Hungary_Early-High_Medieval_Conqueror-Early_Arpadian_Period_(South_Slavic_Profile)_(n=1),Hungary_Early-High_Medieval_Conqueror-Early_Arpadian_Period
Hungary_Early-High_Medieval_Conqueror-Early_Arpadian_Period_(West_Med_Profile)_(n=2),Hungary_Early-High_Medieval_Conqueror-Early_Arpadian_Period
Hungary_Early-High_Medieval_Conqueror-Early_Arpadian_Period_(Western_Euro_Profile)_(n=1),Hungary_Early-High_Medieval_Conqueror-Early_Arpadian_Period
Hungary_EBA_Mako_(n=1),Hungary_EBA_Mako
Hungary_EBA_Maros_(n=2),Hungary_EBA_Maros
Hungary_EBA_Protonagyrev_(n=3),Hungary_EBA_Protonagyrev
Hungary_EBA_Yamnaya_(n=6),Hungary_EBA_Yamnaya
Hungary_EBA_Yamnaya_o1_(n=4),Hungary_EBA_Yamnaya
Hungary_EBA_Yamnaya_o2_(n=1),Hungary_EBA_Yamnaya
Hungary_ECA_Tiszapolgar_(n=4),Hungary_ECA_Tiszapolgar
Hungary_ECA_Tiszapolgar_(contaminated)_(n=1),Hungary_ECA_Tiszapolgar
Hungary_EIA_Hallstatt_C2-D1_(n=1),Hungary_EIA_Hallstatt_C2-D1
Hungary_EIA_Hallstatt_D1_(n=1),Hungary_EIA_Hallstatt_D1
Hungary_EIA_Mezocsat_(n=6),Hungary_EIA_Mezocsat
Hungary_EIA_Mezocsat_o1_(n=1),Hungary_EIA_Mezocsat
Hungary_EIA_Mezocsat_o2_(n=1),Hungary_EIA_Mezocsat
Hungary_EMBA_Hatvan/Otomani-Fuzesabony_(n=1),Hungary_EMBA_Hatvan/Otomani-Fuzesabony
Hungary_EN_Koros_(n=9),Hungary_EN_Koros
Hungary_EN_Koros_(contaminated)_(n=1),Hungary_EN_Koros
Hungary_EN_Koros_(low_res)_(n=2),Hungary_EN_Koros
Hungary_EN_Koros_o_(n=1),Hungary_EN_Koros
Hungary_EN_Starcevo_(n=7),Hungary_EN_Starcevo
Hungary_High_Medieval_Arpadian_Period_(Carpathian_Basin_Profile)_(n=2),Hungary_High_Medieval_Arpadian_Period
Hungary_High_Medieval_Arpadian_Period_(Central_Euro_Profile)_(n=1),Hungary_High_Medieval_Arpadian_Period
Hungary_High_Medieval_Arpadian_Period_(Central_Euro_Slavic_Profile)_(n=3),Hungary_High_Medieval_Arpadian_Period
Hungary_High_Medieval_Arpadian_Period_(East_Asian-Mixed_Profile)_(n=3),Hungary_High_Medieval_Arpadian_Period
Hungary_High_Medieval_Arpadian_Period_(Northwestern_Euro_Profile)_(n=1),Hungary_High_Medieval_Arpadian_Period
Hungary_High_Medieval_Arpadian_Period_Early_(Carpathian_Basin_Profile)_(n=4),Hungary_High_Medieval_Arpadian_Period_Early
Hungary_High_Medieval_Arpadian_Period_Early_(Central_Euro_Profile)_(n=6),Hungary_High_Medieval_Arpadian_Period_Early
Hungary_High_Medieval_Arpadian_Period_Early_(Central_Euro_Slavic_Profile)_(n=1),Hungary_High_Medieval_Arpadian_Period_Early
Hungary_High_Medieval_Arpadian_Period_Early_(East_Asian-Mixed_Profile)_(n=6),Hungary_High_Medieval_Arpadian_Period_Early
Hungary_High_Medieval_Arpadian_Period_Early_(East_Asian-Mixed_Profile)_o_(n=7),Hungary_High_Medieval_Arpadian_Period_Early
Hungary_High_Medieval_Arpadian_Period_Early_(Mixed_Western_Euro_Profile)_(n=1),Hungary_High_Medieval_Arpadian_Period_Early
Hungary_High_Medieval_Arpadian_Period_Early_(North_Adriatic_Profile)_(n=1),Hungary_High_Medieval_Arpadian_Period_Early
Hungary_High_Medieval_Arpadian_Period_Early_(Slavic_Profile)_(n=1),Hungary_High_Medieval_Arpadian_Period_Early
Hungary_High_Medieval_Arpadian_Period_Early_(Western_Euro_Profile)_(n=1),Hungary_High_Medieval_Arpadian_Period_Early
Hungary_High_Medieval_Arpadian_Period_Late_(Carpathian_Basin_Profile)_(n=1),Hungary_High_Medieval_Arpadian_Period_Late
Hungary_High_Medieval_Arpadian_Period_Late_(Central_Euro_Profile)_(n=1),Hungary_High_Medieval_Arpadian_Period_Late
Hungary_High_Medieval_Arpadian_Period_Late_(Central_Euro_Slavic_Profile)_(n=1),Hungary_High_Medieval_Arpadian_Period_Late
Hungary_High_Medieval_Arpadian_Period_Late_(East_Asian-Mixed_Profile)_(n=4),Hungary_High_Medieval_Arpadian_Period_Late
Hungary_IA_La_Tene_(Balto-Slavic_Profile)_(n=5),Hungary_IA_La_Tene
Hungary_IA_La_Tene_(Intermediate_Profile)_(n=15),Hungary_IA_La_Tene
Hungary_IA_La_Tene_(Intermediate_Profile)_(low_res)_(n=2),Hungary_IA_La_Tene
Hungary_IA_La_Tene_(Northwest_Euro_Profile)_(n=3),Hungary_IA_La_Tene
Hungary_IA_La_Tene_(Northwest_Euro_Profile)_(low_res)_(n=1),Hungary_IA_La_Tene
Hungary_IA_La_Tene_(South_Euro_Profile)_(n=12),Hungary_IA_La_Tene
Hungary_IA_La_Tene_(South_Euro_Profile)_o_(n=2),Hungary_IA_La_Tene
Hungary_IA_Scythian_Kesznyeten-Szeruskert_(Central_Euro_BA-IA_Profile)_(n=4),Hungary_IA_Scythian_Kesznyeten-Szeruskert
Hungary_IA_Scythian_Kesznyeten-Szeruskert_(Central_Euro_Profile)_(n=4),Hungary_IA_Scythian_Kesznyeten-Szeruskert
Hungary_IA_Scythian_Kesznyeten-Szeruskert_(High_Steppe_Profile)_(n=1),Hungary_IA_Scythian_Kesznyeten-Szeruskert
Hungary_IA_Scythian_Kesznyeten-Szeruskert_(Hither-Balto-Slavic_Profile)_(n=1),Hungary_IA_Scythian_Kesznyeten-Szeruskert
Hungary_IA_Scythian_Kesznyeten-Szeruskert_(West_Med_Profile)_(n=1),Hungary_IA_Scythian_Kesznyeten-Szeruskert
Hungary_IA_Scythian_Nogradkovesd-Viztarozo_(Hither-Balto-Slavic_Profile)_(n=1),Hungary_IA_Scythian_Nogradkovesd-Viztarozo
Hungary_IA_Scythian_Sandorfalva_(Central_Euro_BA-IA_Profile)_(n=1),Hungary_IA_Scythian_Sandorfalva
Hungary_IA_Scythian_Sandorfalva_(Central_Euro_Profile)_(n=1),Hungary_IA_Scythian_Sandorfalva
Hungary_IA_Scythian_Sandorfalva_(North_Balkan_Profile)_(n=1),Hungary_IA_Scythian_Sandorfalva
Hungary_IA_Scythian_Sandorfalva_(Paleo-Balkan_Profile)_(n=1),Hungary_IA_Scythian_Sandorfalva
Hungary_IA_Scythian_Tiszaszolos-Czalanyszeg_(Central_Euro_BA-IA_Profile)_(n=1),Hungary_IA_Scythian_Tiszaszolos-Czalanyszeg
Hungary_IA_Srem_(n=1),Hungary_IA_Srem
Hungary_Late_Antiquity_Hun_(BA-IA_Southern_Balkan_Profile)_(n=2),Hungary_Late_Antiquity_Hun
Hungary_Late_Antiquity_Hun_(Central_Euro_Profile)_(n=4),Hungary_Late_Antiquity_Hun
Hungary_Late_Antiquity_Hun_(East_Med_Profile)_(n=1),Hungary_Late_Antiquity_Hun
Hungary_Late_Antiquity_Hun_(Hun_Elite_Profile)_(n=1),Hungary_Late_Antiquity_Hun
Hungary_Late_Antiquity_Hun_(Hun-Mixed_Profile)_(n=2),Hungary_Late_Antiquity_Hun
Hungary_Late_Antiquity_Hun_(Mixed_Northern_Euro_Profile)_(n=1),Hungary_Late_Antiquity_Hun
Hungary_Late_Antiquity_Hun_(North_Adriatic_Profile)_(n=1),Hungary_Late_Antiquity_Hun
Hungary_Late_Antiquity_Hun_(North_African-Mixed_Profile)_(n=1),Hungary_Late_Antiquity_Hun
Hungary_Late_Antiquity_Hun_(North_Balkan/Central_Euro_Slavic_Profile)_(n=1),Hungary_Late_Antiquity_Hun
Hungary_Late_Antiquity_Hun_(North_Balkan/South_Slavic_Profile)_(n=1),Hungary_Late_Antiquity_Hun
Hungary_Late_Antiquity_Hun_(Northern_Euro_Profile)_(n=1),Hungary_Late_Antiquity_Hun
Hungary_Late_Antiquity_Hun_(Northwest_Euro_Profile)_(n=1),Hungary_Late_Antiquity_Hun
Hungary_Late_Antiquity_Hun_(Sarmatian_Profile)_(n=1),Hungary_Late_Antiquity_Hun
Hungary_Late_Antiquity_Hun_(Sarmatian-Mixed_Profile)_(n=3),Hungary_Late_Antiquity_Hun
Hungary_Late_Antiquity_Hun_Elite_(n=1),Hungary_Late_Antiquity_Hun_Elite
Hungary_Late_Antiquity_Ostrogoth_(BA-IA_Southern_Balkan_Profile)_(n=3),Hungary_Late_Antiquity_Ostrogoth
Hungary_Late_Antiquity_Ostrogoth_(Central_Med_Profile)_(n=1),Hungary_Late_Antiquity_Ostrogoth
Hungary_Late_Antiquity_Ostrogoth_(East_Med_Profile)_(n=1),Hungary_Late_Antiquity_Ostrogoth
Hungary_Late_Antiquity_Ostrogoth_(Hun-Mixed_Profile)_(n=1),Hungary_Late_Antiquity_Ostrogoth
Hungary_Late_Antiquity_Ostrogoth_(North_Adriatic_Profile)_(n=1),Hungary_Late_Antiquity_Ostrogoth
Hungary_Late_Antiquity_Ostrogoth_(Northwest_Euro_Profile)_(n=14),Hungary_Late_Antiquity_Ostrogoth
Hungary_Late_Antiquity_Ostrogoth_(Paleo-Balkan_Profile)_(n=2),Hungary_Late_Antiquity_Ostrogoth
Hungary_Late_Antiquity_Ostrogoth_(Western_Euro_Profile)_(n=1),Hungary_Late_Antiquity_Ostrogoth
Hungary_Late_Antiquity_Sarmatian_(Alpine_Profile)_(n=2),Hungary_Late_Antiquity_Sarmatian
Hungary_Late_Antiquity_Sarmatian_(Carpathian_Basin_Profile)_(n=2),Hungary_Late_Antiquity_Sarmatian
Hungary_Late_Antiquity_Sarmatian_(Central_Euro_Profile)_(n=3),Hungary_Late_Antiquity_Sarmatian
Hungary_Late_Antiquity_Sarmatian_(Central_Euro_Slavic_Profile)_(n=1),Hungary_Late_Antiquity_Sarmatian
Hungary_Late_Antiquity_Sarmatian_(Central_Med_Profile)_(n=1),Hungary_Late_Antiquity_Sarmatian
Hungary_Late_Antiquity_Sarmatian_(Northern_Euro_Profile)_(n=1),Hungary_Late_Antiquity_Sarmatian
Hungary_Late_Antiquity_Sarmatian_(Paleo-Balkan_Profile)_(n=1),Hungary_Late_Antiquity_Sarmatian
Hungary_Late_Antiquity_Sarmatian_(Sarmatian-Mixed_Profile)_(n=23),Hungary_Late_Antiquity_Sarmatian
Hungary_Late_Antiquity_Sarmatian_(South_Balkan_Profile)_(n=6),Hungary_Late_Antiquity_Sarmatian
Hungary_Late_Antiquity_Sarmatian_(South_Slavic_Profile)_(n=7),Hungary_Late_Antiquity_Sarmatian
Hungary_Late_Antiquity_Sarmatian-Medieval_Avar_(South_Slavic_Profile)_(n=2),Hungary_Late_Antiquity_Sarmatian-Medieval_Avar
Hungary_Late_Antiquity_Sarmatian/Hun_(BA-IA_Southern_Balkan_Profile)_(n=1),Hungary_Late_Antiquity_Sarmatian/Hun
Hungary_Late_Antiquity_Sarmatian/Hun_(Balto-Slavic_Profile)_(n=1),Hungary_Late_Antiquity_Sarmatian/Hun
Hungary_Late_Antiquity_Sarmatian/Hun_(Carpathian_Basin_Profile)_(low_res)_(n=1),Hungary_Late_Antiquity_Sarmatian/Hun
Hungary_Late_Antiquity_Sarmatian/Hun_(Central_Euro_Slavic_Profile)_(n=1),Hungary_Late_Antiquity_Sarmatian/Hun
Hungary_Late_Antiquity_Sarmatian/Hun_(Central_Med_Profile)_(n=2),Hungary_Late_Antiquity_Sarmatian/Hun
Hungary_Late_Antiquity_Sarmatian/Hun_(Sarmatian-Mixed_Profile)_(n=6),Hungary_Late_Antiquity_Sarmatian/Hun
Hungary_Late_Antiquity_Sarmatian/Hun_(South_Balkan_Profile)_(n=1),Hungary_Late_Antiquity_Sarmatian/Hun
Hungary_Late_Antiquity_Sarmatian/Hun_(South_Slavic_Profile)_(n=2),Hungary_Late_Antiquity_Sarmatian/Hun
Hungary_Late_Antiquity-Early_Medieval_Gepid_(BA-IA_Southern_Balkan_Profile)_(n=1),Hungary_Late_Antiquity-Early_Medieval_Gepid
Hungary_Late_Antiquity-Early_Medieval_Gepid_(Central_Euro_Profile)_(n=1),Hungary_Late_Antiquity-Early_Medieval_Gepid
Hungary_Late_Antiquity-Early_Medieval_Gepid_(Central_Euro_Slavic_Profile)_(n=1),Hungary_Late_Antiquity-Early_Medieval_Gepid
Hungary_Late_Antiquity-Early_Medieval_Gepid_(Central_Med_Profile)_(n=1),Hungary_Late_Antiquity-Early_Medieval_Gepid
Hungary_Late_Antiquity-Early_Medieval_Gepid_(East_Asian-Mixed_Profile)_(n=1),Hungary_Late_Antiquity-Early_Medieval_Gepid
Hungary_Late_Antiquity-Early_Medieval_Gepid_(Northern_Euro_Profile)_(n=3),Hungary_Late_Antiquity-Early_Medieval_Gepid
Hungary_Late_Medieval_Angevin_Period_(Carpathian_Basin_Profile)_(n=2),Hungary_Late_Medieval_Angevin_Period
Hungary_Late_Medieval_Angevin_Period_(Central_Euro_Slavic_Profile)_(n=2),Hungary_Late_Medieval_Angevin_Period
Hungary_Late_Medieval_Angevin_Period_(East_Asian-Mixed_Profile)_(n=1),Hungary_Late_Medieval_Angevin_Period
Hungary_Late_Medieval_Angevin_Period_(Northwest_Euro_Profile)_(n=1),Hungary_Late_Medieval_Angevin_Period
Hungary_Late_Medieval_Hunyadi_Period_(Central_Euro_Slavic_Profile)_(n=1),Hungary_Late_Medieval_Hunyadi_Period
Hungary_Late_Medieval_Sigismund-Hunyadi_Period_(Balto-Slavic_Profile)_(n=1),Hungary_Late_Medieval_Sigismund-Hunyadi_Period
Hungary_Late_Medieval_Sigismund-Hunyadi_Period_(Carpathian_Basin_Profile)_(n=2),Hungary_Late_Medieval_Sigismund-Hunyadi_Period
Hungary_Late_Medieval_Sigismund-Hunyadi_Period_(Central_Euro_Profile)_(n=1),Hungary_Late_Medieval_Sigismund-Hunyadi_Period
Hungary_LBA_Urnfield_(n=5),Hungary_LBA_Urnfield
Hungary_LBA_Urnfield_Gava_(n=1),Hungary_LBA_Urnfield_Gava
Hungary_LBA_Urnfield_o1_(n=1),Hungary_LBA_Urnfield
Hungary_LBA_Urnfield_o2_(n=1),Hungary_LBA_Urnfield
Hungary_LCA_(n=3),Hungary_LCA
Hungary_LCA_Baden_(n=9),Hungary_LCA_Baden
Hungary_LCA_Protoboleraz_(n=4),Hungary_LCA_Protoboleraz
Hungary_LN_Lengyel_(n=10),Hungary_LN_Lengyel
Hungary_LN_Sopot_(n=2),Hungary_LN_Sopot
Hungary_LN_Tisza_(n=7),Hungary_LN_Tisza
Hungary_LN_Tisza_(low_res)_(n=4),Hungary_LN_Tisza
Hungary_MBA_Fuzesabony_(n=3),Hungary_MBA_Fuzesabony
Hungary_MBA_Kisapostag/Early_Encrusted_Pottery_(n=7),Hungary_MBA_Kisapostag/Early_Encrusted_Pottery
Hungary_MBA_Kisapostag/Early_Encrusted_Pottery_o_(n=1),Hungary_MBA_Kisapostag/Early_Encrusted_Pottery
Hungary_MBA_Vatya_(n=3),Hungary_MBA_Vatya
Hungary_MBA_Vatya_o1_(n=1),Hungary_MBA_Vatya
Hungary_MBA_Vatya_o2_(n=1),Hungary_MBA_Vatya
Hungary_MCA_Hunyadihalom_(n=1),Hungary_MCA_Hunyadihalom
Hungary_MN_ALPc_(n=52),Hungary_MN_ALPc
Hungary_MN_ALPc_Esztar_(n=3),Hungary_MN_ALPc_Esztar
Hungary_MN_ALPc_I_(n=1),Hungary_MN_ALPc_I
Hungary_MN_ALPc_III_(n=2),Hungary_MN_ALPc_III
Hungary_MN_ALPc_o1_(n=6),Hungary_MN_ALPc
Hungary_MN_ALPc_o2_(n=3),Hungary_MN_ALPc
Hungary_MN_ALPc_Szakalhat_(n=5),Hungary_MN_ALPc_Szakalhat
Hungary_MN_ALPc_Szatmar_(n=2),Hungary_MN_ALPc_Szatmar
Hungary_MN_ALPc_Tiszadob_(n=5),Hungary_MN_ALPc_Tiszadob
Hungary_MN_Bukk_(n=1),Hungary_MN_Bukk
Hungary_MN_LBK_(n=7),Hungary_MN_LBK
Hungary_MN_Vinca_(n=4),Hungary_MN_Vinca
Iberia_Andalusia_CA_(n=13),Iberia_Andalusia_CA
Iberia_Andalusia_Early_Medieval_(n=7),Iberia_Andalusia_Early_Medieval
Iberia_Andalusia_Early_Modern_(low_res)_(n=2),Iberia_Andalusia_Early_Modern
Iberia_Andalusia_Early_Modern_(SSA-Mixed_Profile)_(n=1),Iberia_Andalusia_Early_Modern
Iberia_Andalusia_EBA_(n=3),Iberia_Andalusia_EBA
Iberia_Andalusia_EBA_(North_African-Mixed_Profile)_(n=1),Iberia_Andalusia_EBA
Iberia_Andalusia_EIA_Tartessian_(n=1),Iberia_Andalusia_EIA_Tartessian
Iberia_Andalusia_EN_(n=1),Iberia_Andalusia_EN
Iberia_Andalusia_High_Medieval_(n=2),Iberia_Andalusia_High_Medieval
Iberia_Andalusia_High_Medieval_(low_res)_(n=1),Iberia_Andalusia_High_Medieval
Iberia_Andalusia_High_Medieval_o_(SSA-Mixed_Profile)_(n=1),Iberia_Andalusia_High_Medieval
Iberia_Andalusia_Late_Antiquity_(n=3),Iberia_Andalusia_Late_Antiquity
Iberia_Andalusia_Late_Antiquity-Early_Medieval_Visigoth_(low_res)_(n=4),Iberia_Andalusia_Late_Antiquity-Early_Medieval_Visigoth
Iberia_Andalusia_Late_Medieval_(n=5),Iberia_Andalusia_Late_Medieval
Iberia_Andalusia_Mesolithic_(n=1),Iberia_Andalusia_Mesolithic
Iberia_Andalusia_MLN_(n=5),Iberia_Andalusia_MLN
Iberia_Andalusia_UP_Solutrean_Cueva_del_Malalmuerzo_(n=1),Iberia_Andalusia_UP_Solutrean_Cueva_del_Malalmuerzo
Iberia_Aragon_EN_(n=7),Iberia_Aragon_EN
Iberia_Aragon_MLN_(n=2),Iberia_Aragon_MLN
Iberia_Asturias_CA_(Intermediate_Profile)_(n=2),Iberia_Asturias_CA
Iberia_Asturias_CA_(Northern_Profile)_(n=1),Iberia_Asturias_CA
Iberia_Asturias_LBA_(n=1),Iberia_Asturias_LBA
Iberia_Asturias_LBA_(low_res)_(n=2),Iberia_Asturias_LBA
Iberia_Asturias_MBA_(n=1),Iberia_Asturias_MBA
Iberia_Asturias_Mesolithic_Canes_(n=1),Iberia_Asturias_Mesolithic_Canes
Iberia_Asturias_Mesolithic_El_Mazo_(n=2),Iberia_Asturias_Mesolithic_El_Mazo
Iberia_Asturias_Mesolithic_El_Toral_(n=1),Iberia_Asturias_Mesolithic_El_Toral
Iberia_Asturias_Mesolithic_Hou_Amieva_(n=2),Iberia_Asturias_Mesolithic_Hou_Amieva
Iberia_Cantabria_EBA_(low_res)_(n=1),Iberia_Cantabria_EBA
Iberia_Cantabria_UP_Magdalenian_El_Miron_(n=1),Iberia_Cantabria_UP_Magdalenian_El_Miron
Iberia_Castile_and_Leon_Bell_Beaker_(n=2),Iberia_Castile_and_Leon_Bell_Beaker
Iberia_Castile_and_Leon_Bell_Beaker_(No_Steppe_Profile)_(n=3),Iberia_Castile_and_Leon_Bell_Beaker
Iberia_Castile_and_Leon_CA_(n=17),Iberia_Castile_and_Leon_CA
Iberia_Castile_and_Leon_CA_(Intermediate_Profile)_(n=1),Iberia_Castile_and_Leon_CA
Iberia_Castile_and_Leon_CA_(Northern_Profile)_(n=1),Iberia_Castile_and_Leon_CA
Iberia_Castile_and_Leon_Early_Medieval_(Ibero-Romance_Profile)_(n=4),Iberia_Castile_and_Leon_Early_Medieval
Iberia_Castile_and_Leon_Early_Medieval_(Vasconic_Profile)_(n=10),Iberia_Castile_and_Leon_Early_Medieval
Iberia_Castile_and_Leon_Early-High_Medieval_(Ibero-Romance_Profile)_(n=9),Iberia_Castile_and_Leon_Early-High_Medieval
Iberia_Castile_and_Leon_Early-High_Medieval_(Vasconic_Profile)_(n=3),Iberia_Castile_and_Leon_Early-High_Medieval
Iberia_Castile_and_Leon_EBA_(n=4),Iberia_Castile_and_Leon_EBA
Iberia_Castile_and_Leon_EN_(n=3),Iberia_Castile_and_Leon_EN
Iberia_Castile_and_Leon_High_Medieval_(Vasconic_Profile)_(n=1),Iberia_Castile_and_Leon_High_Medieval
Iberia_Castile_and_Leon_LIA_Cantabri_(n=2),Iberia_Castile_and_Leon_LIA_Cantabri
Iberia_Castile_and_Leon_LIA_Cantabri_(low_res)_(n=2),Iberia_Castile_and_Leon_LIA_Cantabri
Iberia_Castile_and_Leon_MBA_(n=3),Iberia_Castile_and_Leon_MBA
Iberia_Castile_and_Leon_Mesolithic_La_Brana_(n=1),Iberia_Castile_and_Leon_Mesolithic_La_Brana
Iberia_Castile_and_Leon_MLN_(n=4),Iberia_Castile_and_Leon_MLN
Iberia_Castilla-La_Mancha_CA_(n=1),Iberia_Castilla-La_Mancha_CA
Iberia_Castilla-La_Mancha_EBA_(n=1),Iberia_Castilla-La_Mancha_EBA
Iberia_Catalonia_Bell_Beaker_(No_Steppe_Profile)_(n=1),Iberia_Catalonia_Bell_Beaker
Iberia_Catalonia_CA_(n=1),Iberia_Catalonia_CA
Iberia_Catalonia_Classical_Empuries_(n=1),Iberia_Catalonia_Classical_Empuries
Iberia_Catalonia_Early_Medieval_(n=4),Iberia_Catalonia_Early_Medieval
Iberia_Catalonia_Early_Medieval_Empuries_(low_res)_(n=1),Iberia_Catalonia_Early_Medieval_Empuries
Iberia_Catalonia_Early_Medieval_Visigoth_(n=6),Iberia_Catalonia_Early_Medieval_Visigoth
Iberia_Catalonia_Early_Medieval_Visigoth_(low_res)_(n=1),Iberia_Catalonia_Early_Medieval_Visigoth
Iberia_Catalonia_Early_Modern_Barcelona_Reapers'_War_Spanish_Soldier_(Basque_Profile)_(n=1),Iberia_Catalonia_Early_Modern_Barcelona_Reapers'_War_Spanish_Soldier
Iberia_Catalonia_Early_Modern_Barcelona_Reapers'_War_Spanish_Soldier_(Spanish_Profile)_(n=1),Iberia_Catalonia_Early_Modern_Barcelona_Reapers'_War_Spanish_Soldier
Iberia_Catalonia_EBA_(n=10),Iberia_Catalonia_EBA
Iberia_Catalonia_EBA_o_(n=1),Iberia_Catalonia_EBA
Iberia_Catalonia_Hellenistic_Empuries_(Catalonia_IA_Profile)_(n=1),Iberia_Catalonia_Hellenistic_Empuries
Iberia_Catalonia_Hellenistic_Empuries_(Classical_Greek_Profile)_(n=1),Iberia_Catalonia_Hellenistic_Empuries
Iberia_Catalonia_Hellenistic_Empuries_(Insular_West_Med_Profile)_(low_res)_(n=1),Iberia_Catalonia_Hellenistic_Empuries
Iberia_Catalonia_Hellenistic_Empuries_(Northern_Euro_Profile)_(n=1),Iberia_Catalonia_Hellenistic_Empuries
Iberia_Catalonia_High_Medieval_(n=3),Iberia_Catalonia_High_Medieval
Iberia_Catalonia_High_Medieval_(low_res)_(n=1),Iberia_Catalonia_High_Medieval
Iberia_Catalonia_IA_(n=7),Iberia_Catalonia_IA
Iberia_Catalonia_IA_(low_res)_(n=2),Iberia_Catalonia_IA
Iberia_Catalonia_IA_o_(low_res)_(n=1),Iberia_Catalonia_IA
Iberia_Catalonia_IA-Classical_Empuries_(Catalonia_IA_Profile)_(n=1),Iberia_Catalonia_IA-Classical_Empuries
Iberia_Catalonia_IA-Classical_Empuries_(Classical_Greek_Profile)_(n=1),Iberia_Catalonia_IA-Classical_Empuries
Iberia_Catalonia_Late_Medieval_(n=1),Iberia_Catalonia_Late_Medieval
Iberia_Catalonia_MLN_(n=9),Iberia_Catalonia_MLN
Iberia_Catalonia_Roman_Empire_Empuries_(Catalonia_IA_Profile)_(n=1),Iberia_Catalonia_Roman_Empire_Empuries
Iberia_Catalonia_Roman_Empire_Empuries_(Catalonia_IA_Profile)_(low_res)_(n=1),Iberia_Catalonia_Roman_Empire_Empuries
Iberia_Catalonia_Roman_Empire_Empuries_(Southern_Iberian_Profile)_(low_res)_(n=1),Iberia_Catalonia_Roman_Empire_Empuries
Iberia_Catalonia_Roman_Empire_Empuries_(West_Med_Profile)_(low_res)_(n=1),Iberia_Catalonia_Roman_Empire_Empuries
Iberia_Catalonia_Roman_Empire-Late_Antiquity_Empuries_(Catalonia_IA_Profile)_(low_res)_(n=1),Iberia_Catalonia_Roman_Empire-Late_Antiquity_Empuries
Iberia_Catalonia_UP_Azilian_(n=1),Iberia_Catalonia_UP_Azilian
Iberia_Catalonia_UP_Gravettian_Serinya_(n=1),Iberia_Catalonia_UP_Gravettian_Serinya
Iberia_Catalonia_UP_Gravettian_Serinya_(low_res)_(n=1),Iberia_Catalonia_UP_Gravettian_Serinya
Iberia_Galicia_Early_Medieval_(n=1),Iberia_Galicia_Early_Medieval
Iberia_Galicia_Mesolithic_(n=1),Iberia_Galicia_Mesolithic
Iberia_Gibraltar_EBA_(n=2),Iberia_Gibraltar_EBA
Iberia_Gibraltar_EN_(n=1),Iberia_Gibraltar_EN
Iberia_La_Rioja_BA_(n=1),Iberia_La_Rioja_BA
Iberia_La_Rioja_EBA_(n=3),Iberia_La_Rioja_EBA
Iberia_Madrid_Bell_Beaker_(n=4),Iberia_Madrid_Bell_Beaker
Iberia_Madrid_Bell_Beaker_(No_Steppe_Profile)_(n=4),Iberia_Madrid_Bell_Beaker
Iberia_Madrid_CA_(n=6),Iberia_Madrid_CA
Iberia_Madrid_CA_(North_African_Profile)_(n=1),Iberia_Madrid_CA
Iberia_Madrid_EBA_(n=1),Iberia_Madrid_EBA
Iberia_Murcia_CA_(n=6),Iberia_Murcia_CA
Iberia_Murcia_EBA_Argaric_Early_Almoloya_(n=39),Iberia_Murcia_EBA_Argaric_Early_Almoloya
Iberia_Murcia_EBA_Argaric_Early_Bastida_(n=5),Iberia_Murcia_EBA_Argaric_Early_Bastida
Iberia_Murcia_EBA_Argaric_Late_Almoloya_(n=20),Iberia_Murcia_EBA_Argaric_Late_Almoloya
Iberia_Murcia_EBA_Argaric_Late_Bastida_(n=3),Iberia_Murcia_EBA_Argaric_Late_Bastida
Iberia_Murcia_EBA_Argaric_Late_Cerro_del_Morron_(n=3),Iberia_Murcia_EBA_Argaric_Late_Cerro_del_Morron
Iberia_Murcia_EBA_Argaric_Late_Zapateria_(n=1),Iberia_Murcia_EBA_Argaric_Late_Zapateria
Iberia_Murcia_EBA_Proto-Argaric_Molinos_del_Papel_(n=2),Iberia_Murcia_EBA_Proto-Argaric_Molinos_del_Papel
Iberia_Navarre_EIA_(n=2),Iberia_Navarre_EIA
Iberia_Navarre_EIA_(low_res)_(n=1),Iberia_Navarre_EIA
Iberia_Pais_Vasco_CA_(n=11),Iberia_Pais_Vasco_CA
Iberia_Pais_Vasco_CA_(low_res)_(n=5),Iberia_Pais_Vasco_CA
Iberia_Pais_Vasco_EBA_(n=3),Iberia_Pais_Vasco_EBA
Iberia_Pais_Vasco_IA_Celtiberian_(n=3),Iberia_Pais_Vasco_IA_Celtiberian
Iberia_Pais_Vasco_LBA_(n=1),Iberia_Pais_Vasco_LBA
Iberia_Pais_Vasco_MBA_(n=1),Iberia_Pais_Vasco_MBA
Iberia_Pais_Vasco_MBA_(low_res)_(n=1),Iberia_Pais_Vasco_MBA
Iberia_Pais_Vasco_MLN_(n=10),Iberia_Pais_Vasco_MLN
Iberia_Portugal_Bell_Beaker_(No_Steppe_Profile)_(n=3),Iberia_Portugal_Bell_Beaker
Iberia_Portugal_CA_(n=12),Iberia_Portugal_CA
Iberia_Portugal_Early_Medieval_Monte_da_Nora_(n=3),Iberia_Portugal_Early_Medieval_Monte_da_Nora
Iberia_Portugal_EN_Cardial_(low_res)_(n=2),Iberia_Portugal_EN_Cardial
Iberia_Portugal_Late_Antiquity_Conimbriga_(n=2),Iberia_Portugal_Late_Antiquity_Conimbriga
Iberia_Portugal_Late_Antiquity_Miroico_(n=2),Iberia_Portugal_Late_Antiquity_Miroico
Iberia_Portugal_Late_Antiquity-Early_Medieval_Miroico_(n=4),Iberia_Portugal_Late_Antiquity-Early_Medieval_Miroico
Iberia_Portugal_Late_Antiquity-Early_Medieval_Miroico_o_(n=2),Iberia_Portugal_Late_Antiquity-Early_Medieval_Miroico
Iberia_Portugal_LNCA_(n=3),Iberia_Portugal_LNCA
Iberia_Portugal_LNCA_(low_res)_(n=2),Iberia_Portugal_LNCA
Iberia_Portugal_MBA_(n=4),Iberia_Portugal_MBA
Iberia_Portugal_Mesolithic_(n=1),Iberia_Portugal_Mesolithic
Iberia_Portugal_MN_(n=4),Iberia_Portugal_MN
Iberia_Valencia_CA_(n=16),Iberia_Valencia_CA
Iberia_Valencia_EBA_(n=7),Iberia_Valencia_EBA
Iberia_Valencia_EN_(n=2),Iberia_Valencia_EN
Iberia_Valencia_High_Medieval_(n=2),Iberia_Valencia_High_Medieval
Iberia_Valencia_High_Medieval_(North_African-Mixed_Profile)_(low_res)_(n=1),Iberia_Valencia_High_Medieval
Iberia_Valencia_IA_(n=3),Iberia_Valencia_IA
Iberia_Valencia_Late_Medieval_(n=3),Iberia_Valencia_Late_Medieval
Iberia_Valencia_Late_Medieval_(low_res)_(n=1),Iberia_Valencia_Late_Medieval
Iberia_Valencia_LBA_(n=5),Iberia_Valencia_LBA
Iberia_Valencia_Mesolithic_Casa_Corona_(n=2),Iberia_Valencia_Mesolithic_Casa_Corona
Iberia_Valencia_Mesolithic_Santa_Maira_(n=1),Iberia_Valencia_Mesolithic_Santa_Maira
Iberia_Valencia_MLN_(n=10),Iberia_Valencia_MLN
Iceland_Early_Medieval_Viking_Age_(Gaelic_Profile)_(n=2),Iceland_Early_Medieval_Viking_Age
Iceland_Early_Medieval_Viking_Age_(Gaelic_Profile)_(low_res)_(n=1),Iceland_Early_Medieval_Viking_Age
Iceland_Early_Medieval_Viking_Age_(Mixed_Gaelic-Norse_Profile)_(n=14),Iceland_Early_Medieval_Viking_Age
Iceland_Early_Medieval_Viking_Age_(Mixed_Gaelic-Norse_Profile)_(low_res)_(n=1),Iceland_Early_Medieval_Viking_Age
Iceland_Early_Medieval_Viking_Age_(Mixed_Norse-Finnic_Profile)_(low_res)_(n=1),Iceland_Early_Medieval_Viking_Age
Iceland_Early_Medieval_Viking_Age_(Norse_Profile)_(n=3),Iceland_Early_Medieval_Viking_Age
Iceland_Early_Medieval_Viking_Age_(Norse_Profile)_(low_res)_(n=1),Iceland_Early_Medieval_Viking_Age
Iceland_Early_Modern_(low_res)_(n=1),Iceland_Early_Modern
Iceland_Early-High_Medieval_Viking_Age_Hofstadir_(n=11),Iceland_Early-High_Medieval_Viking_Age_Hofstadir
Iceland_Early-High_Medieval_Viking_Age_Hofstadir_(low_res)_(n=2),Iceland_Early-High_Medieval_Viking_Age_Hofstadir
Iceland_High_Medieval_(n=1),Iceland_High_Medieval
Iceland_Late_Medieval_(n=1),Iceland_Late_Medieval
India_Uttarakhand_Early_Medieval_Roopkund_c.800CE_(South_Asian_Profile)_(n=21),India_Uttarakhand_Early_Medieval_Roopkund_c.800CE
India_Uttarakhand_Late_Modern_Roopkund_(Aegean_Greek_Profile)_(n=8),India_Uttarakhand_Late_Modern_Roopkund
India_Uttarakhand_Late_Modern_Roopkund_(Balkan_Greek_Profile)_(n=2),India_Uttarakhand_Late_Modern_Roopkund
India_Uttarakhand_Late_Modern_Roopkund_(Central_Anatolian_Greek_Profile)_(n=1),India_Uttarakhand_Late_Modern_Roopkund
India_Uttarakhand_Late_Modern_Roopkund_(Southeast_Asian_Profile)_(n=1),India_Uttarakhand_Late_Modern_Roopkund
Indonesia_Flores_LIA_Liang_Toge_(n=1),Indonesia_Flores_LIA_Liang_Toge
Indonesia_Flores_N-Proto-Metallic_Liang_Bua_(n=1),Indonesia_Flores_N-Proto-Metallic_Liang_Bua
Indonesia_Kayoa_N_Gua_Uattamdi_(n=1),Indonesia_Kayoa_N_Gua_Uattamdi
Indonesia_Komodo_High_Medieval_Majapahit_Ntodo_Leseh_(n=1),Indonesia_Komodo_High_Medieval_Majapahit_Ntodo_Leseh
Indonesia_Morotai_EBA_Aru_Manara_(n=4),Indonesia_Morotai_EBA_Aru_Manara
Indonesia_Morotai_EBA_Aru_Manara_o_(n=1),Indonesia_Morotai_EBA_Aru_Manara
Indonesia_Morotai_N-EBA_Tanjung_Pinang_(n=4),Indonesia_Morotai_N-EBA_Tanjung_Pinang
Indonesia_Pantar_Late_Medieval_Majapahit_Jareng_Bori_(n=1),Indonesia_Pantar_Late_Medieval_Majapahit_Jareng_Bori
Indonesia_Sulawesi_Early-Late_Modern_Topogaro_(n=2),Indonesia_Sulawesi_Early-Late_Modern_Topogaro
Indonesia_Sulawesi_Toalean_Leang_Panninge_(n=1),Indonesia_Sulawesi_Toalean_Leang_Panninge
Indonesia_Sumatra_LNBA-IA_Loyang_Ujung_(n=1),Indonesia_Sumatra_LNBA-IA_Loyang_Ujung
Ingushetia_MBA_Arkhon-Kudakhurt_(n=1),Ingushetia_MBA_Arkhon-Kudakhurt
Iran_CA_Hajji_Firuz_(n=4),Iran_CA_Hajji_Firuz
Iran_CA_Seh_Gabi_(n=5),Iran_CA_Seh_Gabi
Iran_CA_Tepe_Hissar_(n=2),Iran_CA_Tepe_Hissar
Iran_EBA_Ghal-e_Ben_(n=2),Iran_EBA_Ghal-e_Ben
Iran_EBA_Hajji_Firuz_(n=1),Iran_EBA_Hajji_Firuz
Iran_EBA_Shahr-i-Sokhta_(n=6),Iran_EBA_Shahr-i-Sokhta
Iran_EBA_Shahr-i-Sokhta_(IVC_Profile)_(n=5),Iran_EBA_Shahr-i-Sokhta
Iran_EBA_Tepe_Hissar_(n=8),Iran_EBA_Tepe_Hissar
Iran_IA_Dinkha_Tepe_(Iranian_Plateau_Profile)_(n=4),Iran_IA_Dinkha_Tepe
Iran_IA_Dinkha_Tepe_(Mesopotamian_BA_Profile)_(n=1),Iran_IA_Dinkha_Tepe
Iran_IA_Dinkha_Tepe_(Mesopotamian/Armenian_Highland_Profile)_(n=1),Iran_IA_Dinkha_Tepe
Iran_IA_Hajji_Firuz_(Iranian_Plateau_Profile)_(n=1),Iran_IA_Hajji_Firuz
Iran_IA_Hasanlu_(Iranian_Plateau_Profile)_(n=8),Iran_IA_Hasanlu
Iran_IA_Hasanlu_(Irano-Mesopotamian_Profile)_(n=6),Iran_IA_Hasanlu
Iran_IA_Hasanlu_(Mesopotamian/Armenian_Highland_Profile)_(n=4),Iran_IA_Hasanlu
Iran_LBA_Dinkha_Tepe_(Iranian_Plateau_Profile)_(n=2),Iran_LBA_Dinkha_Tepe
Iran_LBA_Hasanlu_(Iranian_Plateau_Profile)_(n=1),Iran_LBA_Hasanlu
Iran_LBA_Hasanlu_(Mesopotamian/Armenian_Highland_Profile)_(n=1),Iran_LBA_Hasanlu
Iran_LCA-EBA_Shah_Tepe_(n=9),Iran_LCA-EBA_Shah_Tepe
Iran_LN_Seh_Gabi_(n=1),Iran_LN_Seh_Gabi
Iran_MBA_Dinkha_Tepe_(Iranian_Plateau_Profile)_(n=1),Iran_MBA_Dinkha_Tepe
Iran_MBA_Dinkha_Tepe_(Mesopotamian_BA_Profile)_(n=4),Iran_MBA_Dinkha_Tepe
Iran_MBA_Hasanlu_(Irano-Mesopotamian_Profile)_(n=1),Iran_MBA_Hasanlu
Iran_MBA_Tepe_Hissar_(n=1),Iran_MBA_Tepe_Hissar
Iran_MBA-IA_Dinkha_Tepe_(Iranian_Plateau_Profile)_(n=1),Iran_MBA-IA_Dinkha_Tepe
Iran_Medieval_Ganj_Dareh_(n=1),Iran_Medieval_Ganj_Dareh
Iran_Mesolithic_Belt_Cave_(low_res)_(n=1),Iran_Mesolithic_Belt_Cave
Iran_Mesolithic_Hotu_(n=1),Iran_Mesolithic_Hotu
Iran_N_Ganj_Dareh_(n=7),Iran_N_Ganj_Dareh
Iran_N_Ganj_Dareh_o_(n=1),Iran_N_Ganj_Dareh
Iran_N_Tepe_Abdul_Hosein_(n=3),Iran_N_Tepe_Abdul_Hosein
Iran_N_Tepe_Guran_(n=2),Iran_N_Tepe_Guran
Iran_N_Wezmeh_Cave_(n=1),Iran_N_Wezmeh_Cave
Ireland_Early_Medieval_Viking_Age_Ballyhanna_(Insular_Celtic_Profile)_(n=1),Ireland_Early_Medieval_Viking_Age_Ballyhanna
Ireland_Early_Medieval_Viking_Age_Dublin_(Insular_Celtic_Profile)_(n=1),Ireland_Early_Medieval_Viking_Age_Dublin
Ireland_Early_Medieval_Viking_Age_Dublin_(Norse_Profile)_(n=1),Ireland_Early_Medieval_Viking_Age_Dublin
Ireland_Early_Medieval_Viking_Age_Dublin_(Norse_Profile)_(low_res)_(n=1),Ireland_Early_Medieval_Viking_Age_Dublin
Ireland_Early_Medieval_Viking_Age_Eyrephort_(Norse_Profile)_(n=1),Ireland_Early_Medieval_Viking_Age_Eyrephort
Ireland_Early-High_Medieval_Kilteasheen_(n=29),Ireland_Early-High_Medieval_Kilteasheen
Ireland_Early-High_Medieval_Kilteasheen_(low_res)_(n=3),Ireland_Early-High_Medieval_Kilteasheen
Ireland_Early-High_Medieval_Kilteasheen_o_(Mixed_Western_Euro_Profile)_(n=1),Ireland_Early-High_Medieval_Kilteasheen
Ireland_EBA_(n=2),Ireland_EBA
Ireland_EN_(n=4),Ireland_EN
Ireland_ENMN_(n=5),Ireland_ENMN
Ireland_High_Medieval_Ballyhanna_(n=1),Ireland_High_Medieval_Ballyhanna
Ireland_LN_(n=5),Ireland_LN
Ireland_Megalithic_(n=7),Ireland_Megalithic
Ireland_Megalithic_(low_res)_(n=2),Ireland_Megalithic
Ireland_Mesolithic_(n=2),Ireland_Mesolithic
Ireland_MN_(n=27),Ireland_MN
Irkutsk_BA_Anosovo_(n=1),Irkutsk_BA_Anosovo
Irkutsk_BA_Podostrozhnoe_(n=1),Irkutsk_BA_Podostrozhnoe
Irkutsk_BA_Shishkino_(n=1),Irkutsk_BA_Shishkino
Irkutsk_BA_Silinskij_(n=1),Irkutsk_BA_Silinskij
Irkutsk_BA_Ust-Dolgoe_(n=1),Irkutsk_BA_Ust-Dolgoe
Irkutsk_BA_Zvjozdochka_(n=1),Irkutsk_BA_Zvjozdochka
Irkutsk_EBA_Glazkovo_(n=1),Irkutsk_EBA_Glazkovo
Irkutsk_EBA_Kurma_(n=3),Irkutsk_EBA_Kurma
Irkutsk_EBA_Shamanka_(n=7),Irkutsk_EBA_Shamanka
Irkutsk_EBA_Shumilikha_(n=8),Irkutsk_EBA_Shumilikha
Irkutsk_EBA_Sukhaja_Pad'_Buret'_(n=1),Irkutsk_EBA_Sukhaja_Pad'_Buret'
Irkutsk_EBA_Ust-Ida_(n=4),Irkutsk_EBA_Ust-Ida
Irkutsk_EN_Angara_(n=1),Irkutsk_EN_Angara
Irkutsk_EN_Iushino_(n=1),Irkutsk_EN_Iushino
Irkutsk_EN_Kitoi_Sosnovyi_Mys_(n=2),Irkutsk_EN_Kitoi_Sosnovyi_Mys
Irkutsk_EN_Lokomotiv_(n=1),Irkutsk_EN_Lokomotiv
Irkutsk_EN_Popovskij_(n=1),Irkutsk_EN_Popovskij
Irkutsk_EN_Shumilikha_(n=1),Irkutsk_EN_Shumilikha
Irkutsk_ENMN_Kachug_(n=1),Irkutsk_ENMN_Kachug
Irkutsk_ENMN_Lokomotiv_(n=4),Irkutsk_ENMN_Lokomotiv
Irkutsk_ENMN_Shamanka_(n=10),Irkutsk_ENMN_Shamanka
Irkutsk_ENMN_Stepno-Baltaiskii_(n=1),Irkutsk_ENMN_Stepno-Baltaiskii
Irkutsk_Late_Medieval_Ust-Belaya_(n=1),Irkutsk_Late_Medieval_Ust-Belaya
Irkutsk_Late_Medieval_Ust-Belaya_(low_res)_(n=1),Irkutsk_Late_Medieval_Ust-Belaya
Irkutsk_Late_Medieval_Zarubino_(n=1),Irkutsk_Late_Medieval_Zarubino
Irkutsk_LN_Shumilikha_(n=2),Irkutsk_LN_Shumilikha
Irkutsk_LN_Ust-Ida_(n=4),Irkutsk_LN_Ust-Ida
Irkutsk_LN-EBA_Zapleskino_(n=2),Irkutsk_LN-EBA_Zapleskino
Irkutsk_LNBA_Glazkovo_(n=2),Irkutsk_LNBA_Glazkovo
Irkutsk_LNBA_Glazkovo_o_(n=1),Irkutsk_LNBA_Glazkovo
Irkutsk_LNBA_Kachug_(n=1),Irkutsk_LNBA_Kachug
Irkutsk_LNBA_Khaptsagai_(n=5),Irkutsk_LNBA_Khaptsagai
Irkutsk_LNBA_Khaptsagai_o_(n=1),Irkutsk_LNBA_Khaptsagai
Irkutsk_LNBA_Makrushino_(n=1),Irkutsk_LNBA_Makrushino
Irkutsk_LNBA_Zhigalovo_(n=1),Irkutsk_LNBA_Zhigalovo
Irkutsk_MN_Shumilikha_(n=1),Irkutsk_MN_Shumilikha
Irkutsk_MN_Shumilikha_o_(n=1),Irkutsk_MN_Shumilikha
Irkutsk_N_Chastaja_Padi_(n=1),Irkutsk_N_Chastaja_Padi
Irkutsk_N_Gorodische_(n=1),Irkutsk_N_Gorodische
Irkutsk_N_Kirpichnyj_Saraj_(n=1),Irkutsk_N_Kirpichnyj_Saraj
Irkutsk_N_Korkino_(n=1),Irkutsk_N_Korkino
Irkutsk_N_Makarovo_(n=1),Irkutsk_N_Makarovo
Irkutsk_N_Sosnovyi_Mys_(n=1),Irkutsk_N_Sosnovyi_Mys
Irkutsk_N-EBA_Mys_Uyuga_(n=1),Irkutsk_N-EBA_Mys_Uyuga
Irkutsk_N-EBA_Sokhter_(n=1),Irkutsk_N-EBA_Sokhter
Irkutsk_UP_Mal'ta'-Buret'_(n=1),Irkutsk_UP_Mal'ta'-Buret'
Isle_of_Man_Early_Medieval_Viking_Age_(Norse_Profile)_(n=1),Isle_of_Man_Early_Medieval_Viking_Age
Isle_of_Man_EBA_(low_res)_(n=1),Isle_of_Man_EBA
Israel_CA_Peki'in_(n=20),Israel_CA_Peki'in
Israel_Epipaleolithic_Natufian_(n=2),Israel_Epipaleolithic_Natufian
Israel_IA_Abel_Beth_Maacah_(n=1),Israel_IA_Abel_Beth_Maacah
Israel_IA_Megiddo_(n=1),Israel_IA_Megiddo
Israel_IAI_Philistine_Ashkelon_(Anatolian_BA_Profile)_(n=1),Israel_IAI_Philistine_Ashkelon
Israel_IAI_Philistine_Ashkelon_(Levantine_Profile)_(n=1),Israel_IAI_Philistine_Ashkelon
Israel_IAI_Philistine_Ashkelon_(Mixed_East_Med/Near_East_Profile)_(n=1),Israel_IAI_Philistine_Ashkelon
Israel_IAI_Philistine_Ashkelon_(Mycenaean_Profile)_(n=1),Israel_IAI_Philistine_Ashkelon
Israel_IAII_Philistine_Ashkelon_(n=3),Israel_IAII_Philistine_Ashkelon
Israel_IBA_Megiddo_(n=1),Israel_IBA_Megiddo
Israel_Late_Medieval-Early_Modern_Tell_el-Hesi_(n=1),Israel_Late_Medieval-Early_Modern_Tell_el-Hesi
Israel_Late_Medieval-Early_Modern_Tell_el-Hesi_(low_res)_(n=1),Israel_Late_Medieval-Early_Modern_Tell_el-Hesi
Israel_LBA_Ashkelon_(n=3),Israel_LBA_Ashkelon
Israel_LBA_Hazor_(n=1),Israel_LBA_Hazor
Israel_LBA_Megiddo_(n=8),Israel_LBA_Megiddo
Israel_LBA_Tel_Shaddud_(n=1),Israel_LBA_Tel_Shaddud
Israel_MBA_Hazor_(n=2),Israel_MBA_Hazor
Israel_MBA_Megiddo_(n=7),Israel_MBA_Megiddo
Israel_MBA_Yehud_(n=1),Israel_MBA_Yehud
Israel_MBA_Yehud_(low_res)_(n=1),Israel_MBA_Yehud
Israel_MLBA_Megiddo_(n=6),Israel_MLBA_Megiddo
Israel_MLBA_Megiddo_(low_res)_(n=2),Israel_MLBA_Megiddo
Israel_MLBA_Megiddo_o1_(n=2),Israel_MLBA_Megiddo
Israel_MLBA_Megiddo_o2_(n=1),Israel_MLBA_Megiddo
Israel_N_PPNB_(n=1),Israel_N_PPNB
Israel_N_PPNB_(low_res)_(n=1),Israel_N_PPNB
Italy_Abruzzo_CA_Grotta_Continenza_(n=2),Italy_Abruzzo_CA_Grotta_Continenza
Italy_Abruzzo_LBA_Proto-Villanovan_(n=1),Italy_Abruzzo_LBA_Proto-Villanovan
Italy_Abruzzo_Mesolithic_Grotta_Continenza_(n=3),Italy_Abruzzo_Mesolithic_Grotta_Continenza
Italy_Abruzzo_N_Grotta_Continenza_(n=5),Italy_Abruzzo_N_Grotta_Continenza
Italy_Abruzzo_N_Grotta_Continenza_o_(n=1),Italy_Abruzzo_N_Grotta_Continenza
Italy_Alto_Adige_CA_Ora/Auer_(n=1),Italy_Alto_Adige_CA_Ora/Auer
Italy_Alto_Adige_Late_Antiquity-Early_Medieval_Burgusio_(n=18),Italy_Alto_Adige_Late_Antiquity-Early_Medieval_Burgusio
Italy_Alto_Adige_MN_(low_res)_(n=1),Italy_Alto_Adige_MN
Italy_Apulia_BA_Grotta_delle_Mura_(n=1),Italy_Apulia_BA_Grotta_delle_Mura
Italy_Apulia_CA_Grotta_Nisco_(n=1),Italy_Apulia_CA_Grotta_Nisco
Italy_Apulia_High_Medieval_Foggia_(East_Med_Profile)_(n=4),Italy_Apulia_High_Medieval_Foggia
Italy_Apulia_High_Medieval_Foggia_(North_Balkans_Profile)_(n=1),Italy_Apulia_High_Medieval_Foggia
Italy_Apulia_High_Medieval_Ordona_(East_Med_Profile)_(n=1),Italy_Apulia_High_Medieval_Ordona
Italy_Apulia_IA_Messapic_Daunian_Ordona_(n=1),Italy_Apulia_IA_Messapic_Daunian_Ordona
Italy_Apulia_IA_Messapic_Daunian_Ordona_(low_res)_(n=3),Italy_Apulia_IA_Messapic_Daunian_Ordona
Italy_Apulia_IA_Messapic_Daunian_Salapia_(low_res)_(n=1),Italy_Apulia_IA_Messapic_Daunian_Salapia
Italy_Apulia_IA_Messapic_Daunian_San_Giovanni_Rotondo_(low_res)_(n=1),Italy_Apulia_IA_Messapic_Daunian_San_Giovanni_Rotondo
Italy_Apulia_UP_Epigravettian_Grotta_delle_Mura_(n=1),Italy_Apulia_UP_Epigravettian_Grotta_delle_Mura
Italy_Apulia_UP_Gravettian_Ostuni_(n=1),Italy_Apulia_UP_Gravettian_Ostuni
Italy_Apulia_UP_Gravettian_Paglicci_(n=1),Italy_Apulia_UP_Gravettian_Paglicci
Italy_Basilicata_Early_Medieval_Venosa_(East_Med_Profile)_(n=8),Italy_Basilicata_Early_Medieval_Venosa
Italy_Basilicata_Early_Medieval_Venosa_(East_Med_Profile)_(low_res)_(n=1),Italy_Basilicata_Early_Medieval_Venosa
Italy_Calabria_N_Grotta_di_Pietra_Sant'Angelo_(n=1),Italy_Calabria_N_Grotta_di_Pietra_Sant'Angelo
Italy_Campania_CA_Gaudo_(low_res)_(n=1),Italy_Campania_CA_Gaudo
Italy_Campania_Roman_Empire_Pompeii_(East_Med_Profile)_(low_res)_(n=1),Italy_Campania_Roman_Empire_Pompeii
Italy_Campania_Roman_Empire_Pompeii_(East_Med-Anatolian_Profile)_(n=2),Italy_Campania_Roman_Empire_Pompeii
Italy_Campania_Roman_Empire_Pompeii_(East_Med-Anatolian_Profile)_(low_res)_(n=1),Italy_Campania_Roman_Empire_Pompeii
Italy_Campania_Roman_Empire_Pompeii_(East_Med+Levantine_Profile)_(low_res)_(n=1),Italy_Campania_Roman_Empire_Pompeii
Italy_Campania_Roman_Empire_Pompeii_(Levantine_Profile)_(n=1),Italy_Campania_Roman_Empire_Pompeii
Italy_Emilia_Bell_Beaker_(n=1),Italy_Emilia_Bell_Beaker
Italy_Emilia_Bell_Beaker_(Low_Steppe_Profile)_(n=2),Italy_Emilia_Bell_Beaker
Italy_Friuli_UP_Late_Epigravettian_Pradis_(n=1),Italy_Friuli_UP_Late_Epigravettian_Pradis
Italy_Lazio_BA_Pian_Sultano_(n=3),Italy_Lazio_BA_Pian_Sultano
Italy_Lazio_BA_Pian_Sultano_o_(n=1),Italy_Lazio_BA_Pian_Sultano
Italy_Lazio_BA_Regina_Margherita_(n=2),Italy_Lazio_BA_Regina_Margherita
Italy_Lazio_CA_La_Sassa_(n=2),Italy_Lazio_CA_La_Sassa
Italy_Lazio_CA_Monte_San_Biagio_(n=1),Italy_Lazio_CA_Monte_San_Biagio
Italy_Lazio_Early_Medieval_Rome_(Central_Italian_Profile)_(n=1),Italy_Lazio_Early_Medieval_Rome
Italy_Lazio_Early_Medieval_Tarquinia_(East_Med_Profile)_(n=1),Italy_Lazio_Early_Medieval_Tarquinia
Italy_Lazio_Early_Medieval_Villa_Magna_(East_Med_Profile)_(n=2),Italy_Lazio_Early_Medieval_Villa_Magna
Italy_Lazio_Early_Medieval_Villa_Magna_(Iberian_Profile)_(n=1),Italy_Lazio_Early_Medieval_Villa_Magna
Italy_Lazio_Early_Modern_Renaissance_Tivoli_(n=3),Italy_Lazio_Early_Modern_Renaissance_Tivoli
Italy_Lazio_Early_Modern_Rome_(Mixed_Western_Euro_Profile)_(n=1),Italy_Lazio_Early_Modern_Rome
Italy_Lazio_Early-High_Medieval_Rome_(Central_Italian_Profile)_(n=1),Italy_Lazio_Early-High_Medieval_Rome
Italy_Lazio_Early-High_Medieval_Tarquinia_(Central_Italian_Profile)_(n=1),Italy_Lazio_Early-High_Medieval_Tarquinia
Italy_Lazio_Early-High_Medieval_Tarquinia_(East_Med_Profile)_(n=1),Italy_Lazio_Early-High_Medieval_Tarquinia
Italy_Lazio_Early-Late_Medieval_Rome_(East_Med_Profile)_(n=2),Italy_Lazio_Early-Late_Medieval_Rome
Italy_Lazio_Early-Late_Medieval_Rome_(Western_Euro_Profile)_(n=1),Italy_Lazio_Early-Late_Medieval_Rome
Italy_Lazio_Early-Late_Medieval_Villa_Magna_(East_Med_Profile)_(n=1),Italy_Lazio_Early-Late_Medieval_Villa_Magna
Italy_Lazio_High_Medieval_Tarquinia_(Central_Italian_Profile)_(n=1),Italy_Lazio_High_Medieval_Tarquinia
Italy_Lazio_High_Medieval_Villa_Magna_(Central_Euro_Profile)_(n=1),Italy_Lazio_High_Medieval_Villa_Magna
Italy_Lazio_High_Medieval_Villa_Magna_(East_Med_Profile)_(n=2),Italy_Lazio_High_Medieval_Villa_Magna
Italy_Lazio_IA_Etruscan_Civitavecchia_(n=2),Italy_Lazio_IA_Etruscan_Civitavecchia
Italy_Lazio_IA_Etruscan_Civitavecchia_(Punic_Profile)_(n=1),Italy_Lazio_IA_Etruscan_Civitavecchia
Italy_Lazio_IA_Etruscan_Tarquinia_(n=4),Italy_Lazio_IA_Etruscan_Tarquinia
Italy_Lazio_IA_Etruscan_Tarquinia_(Villanovan)_(Central_Euro_BA-IA_Profile)_(n=1),Italy_Lazio_IA_Etruscan_Tarquinia_(Villanovan)
Italy_Lazio_IA_Etruscan_Tarquinia_(Villanovan)_(North_Balkan_BA-IA_Profile)_(n=1),Italy_Lazio_IA_Etruscan_Tarquinia_(Villanovan)
Italy_Lazio_IA_Etruscan_Tarquinia_o_(North_Balkan_BA-IA_Profile)_(n=2),Italy_Lazio_IA_Etruscan_Tarquinia
Italy_Lazio_IA_Etruscan_Veio_Grotta_Gramiccia_(Villanovan)_(n=1),Italy_Lazio_IA_Etruscan_Veio_Grotta_Gramiccia_(Villanovan)
Italy_Lazio_IA_Etruscan-Roman_Empire_Tarquinia_(Etruscan/Italic_Profile)_(n=3),Italy_Lazio_IA_Etruscan-Roman_Empire_Tarquinia
Italy_Lazio_IA_Etruscan-Roman_Empire_Tarquinia_(North_Adriatic_Profile)_(n=1),Italy_Lazio_IA_Etruscan-Roman_Empire_Tarquinia
Italy_Lazio_IA_Etruscan-Roman_Republic_Tarquinia_(Etruscan/Italic_Profile)_(n=9),Italy_Lazio_IA_Etruscan-Roman_Republic_Tarquinia
Italy_Lazio_IA_Etruscan-Roman_Republic_Tarquinia_(Punic_Profile)_(n=2),Italy_Lazio_IA_Etruscan-Roman_Republic_Tarquinia
Italy_Lazio_IA_Latin_Castel_di_Decima_(n=1),Italy_Lazio_IA_Latin_Castel_di_Decima
Italy_Lazio_IA_Latin/Rutulian_Ardea_(East_Med_Profile)_(n=1),Italy_Lazio_IA_Latin/Rutulian_Ardea
Italy_Lazio_IA_Latin/Rutulian_Ardea_(Italic_Profile)_(n=1),Italy_Lazio_IA_Latin/Rutulian_Ardea
Italy_Lazio_IA_Latin/Volscian_Boville_Ernica_(n=1),Italy_Lazio_IA_Latin/Volscian_Boville_Ernica
Italy_Lazio_Late_Antiquity_Rome_(Alpine_Profile)_(n=1),Italy_Lazio_Late_Antiquity_Rome
Italy_Lazio_Late_Antiquity_Rome_(Central_Italian_Profile)_(n=1),Italy_Lazio_Late_Antiquity_Rome
Italy_Lazio_Late_Antiquity_Rome_(East_Med_Profile)_(n=8),Italy_Lazio_Late_Antiquity_Rome
Italy_Lazio_Late_Antiquity_Rome_(East_Med-Anatolian_Profile)_(n=2),Italy_Lazio_Late_Antiquity_Rome
Italy_Lazio_Late_Antiquity_Rome_(Mixed_Western_Euro_Profile)_(n=1),Italy_Lazio_Late_Antiquity_Rome
Italy_Lazio_Late_Antiquity_Rome_(North_Adriatic_Profile)_(n=1),Italy_Lazio_Late_Antiquity_Rome
Italy_Lazio_Late_Antiquity_Rome_(Northern_Euro_Profile)_(n=1),Italy_Lazio_Late_Antiquity_Rome
Italy_Lazio_Late_Antiquity_Rome_(Sardinian_Profile)_(n=1),Italy_Lazio_Late_Antiquity_Rome
Italy_Lazio_Late_Antiquity_Rome_(West_Med_Profile)_(n=3),Italy_Lazio_Late_Antiquity_Rome
Italy_Lazio_Late_Antiquity_San_Ercolano_(East_Med_Profile)_(n=5),Italy_Lazio_Late_Antiquity_San_Ercolano
Italy_Lazio_Late_Antiquity_Tarquinia_(Central_Med_Profile)_(low_res)_(n=1),Italy_Lazio_Late_Antiquity_Tarquinia
Italy_Lazio_Late_Antiquity_Tarquinia_(East_Med_Profile)_(n=1),Italy_Lazio_Late_Antiquity_Tarquinia
Italy_Lazio_Late_Medieval_Rome_(Alpine_Profile)_(n=1),Italy_Lazio_Late_Medieval_Rome
Italy_Lazio_Late_Medieval_Rome_(Central_Euro_Profile)_(n=2),Italy_Lazio_Late_Medieval_Rome
Italy_Lazio_Late_Medieval_Rome_(Central_Italian_Profile)_(n=1),Italy_Lazio_Late_Medieval_Rome
Italy_Lazio_Late_Medieval_Rome_(East_Med_Profile)_(n=2),Italy_Lazio_Late_Medieval_Rome
Italy_Lazio_Late_Medieval_Rome_(Iberian_Profile)_(n=1),Italy_Lazio_Late_Medieval_Rome
Italy_Lazio_Late_Medieval_Rome_(Mixed_Western_Euro_Profile)_(n=2),Italy_Lazio_Late_Medieval_Rome
Italy_Lazio_Late_Medieval_Rome_(Northern_Euro_Profile)_(n=1),Italy_Lazio_Late_Medieval_Rome
Italy_Lazio_Late_Medieval_Villa_Magna_(East_Med_Profile)_(n=5),Italy_Lazio_Late_Medieval_Villa_Magna
Italy_Lazio_Late_Medieval_Villa_Magna_(North_Italian_Profile)_(n=2),Italy_Lazio_Late_Medieval_Villa_Magna
Italy_Lazio_N_Mora_Cavorso_(low_res)_(n=1),Italy_Lazio_N_Mora_Cavorso
Italy_Lazio_Roman_Empire_Casale_del_Dolce_(East_Med_Profile)_(n=1),Italy_Lazio_Roman_Empire_Casale_del_Dolce
Italy_Lazio_Roman_Empire_Casale_del_Dolce_(East_Med-Anatolian_Profile)_(n=3),Italy_Lazio_Roman_Empire_Casale_del_Dolce
Italy_Lazio_Roman_Empire_Isola_Sacra_(Anatolian_BA_Profile)_(n=2),Italy_Lazio_Roman_Empire_Isola_Sacra
Italy_Lazio_Roman_Empire_Isola_Sacra_(East_Med_Profile)_(n=1),Italy_Lazio_Roman_Empire_Isola_Sacra
Italy_Lazio_Roman_Empire_Isola_Sacra_(East_Med-Anatolian_Profile)_(n=3),Italy_Lazio_Roman_Empire_Isola_Sacra
Italy_Lazio_Roman_Empire_Isola_Sacra_(Iberian_Profile)_(n=1),Italy_Lazio_Roman_Empire_Isola_Sacra
Italy_Lazio_Roman_Empire_Isola_Sacra_(Levantine_Profile)_(n=1),Italy_Lazio_Roman_Empire_Isola_Sacra
Italy_Lazio_Roman_Empire_Isola_Sacra_(Southeast_Anatolian_Profile)_(n=1),Italy_Lazio_Roman_Empire_Isola_Sacra
Italy_Lazio_Roman_Empire_Mazzano_Romano_(East_Med_Profile)_(n=1),Italy_Lazio_Roman_Empire_Mazzano_Romano
Italy_Lazio_Roman_Empire_Mazzano_Romano_(East_Med-Anatolian_Profile)_(n=2),Italy_Lazio_Roman_Empire_Mazzano_Romano
Italy_Lazio_Roman_Empire_Monterotondo_(East_Med_Profile)_(n=2),Italy_Lazio_Roman_Empire_Monterotondo
Italy_Lazio_Roman_Empire_Monterotondo_(Levantine_Profile)_(n=2),Italy_Lazio_Roman_Empire_Monterotondo
Italy_Lazio_Roman_Empire_Monterotondo_(Pontic_Profile)_(n=1),Italy_Lazio_Roman_Empire_Monterotondo
Italy_Lazio_Roman_Empire_Palestrina_Antina_(East_Med_Profile)_(n=1),Italy_Lazio_Roman_Empire_Palestrina_Antina
Italy_Lazio_Roman_Empire_Rome_(Anatolian_BA_Profile)_(n=3),Italy_Lazio_Roman_Empire_Rome
Italy_Lazio_Roman_Empire_Rome_(Central_Italian_Profile)_(n=1),Italy_Lazio_Roman_Empire_Rome
Italy_Lazio_Roman_Empire_Rome_(East_Med_Profile)_(n=8),Italy_Lazio_Roman_Empire_Rome
Italy_Lazio_Roman_Empire_Rome_(East_Med-Anatolian_Profile)_(n=5),Italy_Lazio_Roman_Empire_Rome
Italy_Lazio_Roman_Empire_Rome_(Gallic_Profile)_(n=1),Italy_Lazio_Roman_Empire_Rome
Italy_Lazio_Roman_Empire_Rome_(Levantine_Profile)_(n=1),Italy_Lazio_Roman_Empire_Rome
Italy_Lazio_Roman_Empire_Rome_(Mesopotamian_Profile)_(n=1),Italy_Lazio_Roman_Empire_Rome
Italy_Lazio_Roman_Empire_Rome_(North_African-Mixed_Profile)_(n=2),Italy_Lazio_Roman_Empire_Rome
Italy_Lazio_Roman_Empire_Rome_(Southeast_Anatolian_Profile)_(n=1),Italy_Lazio_Roman_Empire_Rome
Italy_Lazio_Roman_Empire-Late_Antiquity_Isola_Sacra_(Anatolian_BA_Profile)_(n=1),Italy_Lazio_Roman_Empire-Late_Antiquity_Isola_Sacra
Italy_Lazio_Roman_Empire-Late_Antiquity_Isola_Sacra_(East_Anatolian_Profile)_(n=1),Italy_Lazio_Roman_Empire-Late_Antiquity_Isola_Sacra
Italy_Lazio_Roman_Empire-Late_Antiquity_Isola_Sacra_(East_Med_Profile)_(n=1),Italy_Lazio_Roman_Empire-Late_Antiquity_Isola_Sacra
Italy_Lazio_Roman_Empire-Late_Antiquity_Isola_Sacra_(East_Med-Anatolian_Profile)_(n=2),Italy_Lazio_Roman_Empire-Late_Antiquity_Isola_Sacra
Italy_Lazio_Roman_Empire-Late_Antiquity_Isola_Sacra_(East_Med/Western_Jewish_Profile)_(n=1),Italy_Lazio_Roman_Empire-Late_Antiquity_Isola_Sacra
Italy_Lazio_Roman_Empire-Late_Antiquity_Isola_Sacra_(Iberian_Profile)_(n=1),Italy_Lazio_Roman_Empire-Late_Antiquity_Isola_Sacra
Italy_Lazio_Roman_Empire-Late_Antiquity_Isola_Sacra_(North_Adriatic_Profile)_(n=1),Italy_Lazio_Roman_Empire-Late_Antiquity_Isola_Sacra
Italy_Lazio_Roman_Empire-Late_Antiquity_Isola_Sacra_(North_African-Mixed_Profile)_(n=1),Italy_Lazio_Roman_Empire-Late_Antiquity_Isola_Sacra
Italy_Lazio_Roman_Empire-Late_Antiquity_Isola_Sacra_(Sardinian_Profile)_(n=1),Italy_Lazio_Roman_Empire-Late_Antiquity_Isola_Sacra
Italy_Lazio_Roman_Empire-Late_Antiquity_Isola_Sacra_(Syrio-Mesopotamian_Profile)_(n=1),Italy_Lazio_Roman_Empire-Late_Antiquity_Isola_Sacra
Italy_Lazio_Roman_Empire-Late_Antiquity_Rome_(East_Med_Profile)_(n=1),Italy_Lazio_Roman_Empire-Late_Antiquity_Rome
Italy_Lazio_Roman_Empire-Late_Antiquity_Rome_(East_Med-Anatolian_Profile)_(n=1),Italy_Lazio_Roman_Empire-Late_Antiquity_Rome
Italy_Lazio_Roman_Empire-Late_Antiquity_Rome_(Mesopotamian_Profile)_(n=1),Italy_Lazio_Roman_Empire-Late_Antiquity_Rome
Italy_Lazio_Roman_Republic_Palestrina_Colombella_(Italic_Profile)_(n=1),Italy_Lazio_Roman_Republic_Palestrina_Colombella
Italy_Lazio_Roman_Republic_Palestrina_Selciata_(East_Med_Profile)_(n=1),Italy_Lazio_Roman_Republic_Palestrina_Selciata
Italy_Lazio_Roman_Republic_Tarquinia_(Etruscan/Italic_Profile)_(n=5),Italy_Lazio_Roman_Republic_Tarquinia
Italy_Lazio_Roman_Republic_Tarquinia_(Gallic_Profile)_(n=1),Italy_Lazio_Roman_Republic_Tarquinia
Italy_Lazio_Roman_Republic_Tarquinia_(Mesopotamian_Profile)_(n=1),Italy_Lazio_Roman_Republic_Tarquinia
Italy_Lazio_Roman_Republic_Tarquinia_(Northern_Euro_Profile)_(n=1),Italy_Lazio_Roman_Republic_Tarquinia
Italy_Lazio_Roman_Republic-Empire_Tarquinia_(Etruscan/Italic_Profile)_(n=1),Italy_Lazio_Roman_Republic-Empire_Tarquinia
Italy_Lazio_Roman_Republic-Empire_Tarquinia_(Levantine_Profile)_(n=1),Italy_Lazio_Roman_Republic-Empire_Tarquinia
Italy_Liguria_UP_Epigravettian_Arene_Candide_(n=1),Italy_Liguria_UP_Epigravettian_Arene_Candide
Italy_Lombardy_CA_Remedello_(n=2),Italy_Lombardy_CA_Remedello
Italy_Lombardy_EBA_Remedello_(n=1),Italy_Lombardy_EBA_Remedello
Italy_Marche_CA_Fontenoce_(low_res)_(n=1),Italy_Marche_CA_Fontenoce
Italy_Marche_Early_Medieval_(Byzantine)_Pesaro_(Anatolian_BA_Profile)_(n=1),Italy_Marche_Early_Medieval_(Byzantine)_Pesaro
Italy_Marche_Early_Medieval_(Byzantine)_Pesaro_(Central_Med_Profile)_(n=2),Italy_Marche_Early_Medieval_(Byzantine)_Pesaro
Italy_Marche_Early_Medieval_(Byzantine)_Pesaro_(East_Med_Profile)_(n=2),Italy_Marche_Early_Medieval_(Byzantine)_Pesaro
Italy_Marche_Early_Medieval_(Byzantine)_Pesaro_(North_African-Mixed_Profile)_(n=1),Italy_Marche_Early_Medieval_(Byzantine)_Pesaro
Italy_Marche_IA_Picene_Novilara_(n=28),Italy_Marche_IA_Picene_Novilara
Italy_Marche_IA_Picene_Novilara_(low_res)_(n=1),Italy_Marche_IA_Picene_Novilara
Italy_Marche_IA_Picene_Sirolo-Numana_(n=2),Italy_Marche_IA_Picene_Sirolo-Numana
Italy_Marche_N_Maddalena_di_Muccia_(n=1),Italy_Marche_N_Maddalena_di_Muccia
Italy_Marche_N_Ripabianca_di_Monterado_(n=4),Italy_Marche_N_Ripabianca_di_Monterado
Italy_Marche_Roman_Empire_Civitanova_Marche_(East_Med_Profile)_(n=2),Italy_Marche_Roman_Empire_Civitanova_Marche
Italy_Marche_Roman_Empire_Urbino_Bivio_(Corsican_Profile)_(n=1),Italy_Marche_Roman_Empire_Urbino_Bivio
Italy_Marche_Roman_Empire_Urbino_Bivio_(East_Med_Profile)_(n=3),Italy_Marche_Roman_Empire_Urbino_Bivio
Italy_Piedmont_Early_Medieval_Lombard_Period_Collegno_(Alpine_Profile)_(n=4),Italy_Piedmont_Early_Medieval_Lombard_Period_Collegno
Italy_Piedmont_Early_Medieval_Lombard_Period_Collegno_(Central_Med_Profile)_(n=5),Italy_Piedmont_Early_Medieval_Lombard_Period_Collegno
Italy_Piedmont_Early_Medieval_Lombard_Period_Collegno_(East_Med_Profile)_(n=8),Italy_Piedmont_Early_Medieval_Lombard_Period_Collegno
Italy_Piedmont_Early_Medieval_Lombard_Period_Collegno_(North_Adriatic_Profile)_(n=3),Italy_Piedmont_Early_Medieval_Lombard_Period_Collegno
Italy_Piedmont_Early_Medieval_Lombard_Period_Collegno_(Northwest_Euro_Profile)_(n=14),Italy_Piedmont_Early_Medieval_Lombard_Period_Collegno
Italy_Piedmont_Early_Medieval_Lombard_Period_Collegno_(West_Med_Profile)_(n=12),Italy_Piedmont_Early_Medieval_Lombard_Period_Collegno
Italy_Piedmont_Early_Medieval_Lombard_Period_Collegno_(Western_Euro_Profile)_(n=4),Italy_Piedmont_Early_Medieval_Lombard_Period_Collegno
Italy_Piedmont_Early_Medieval_Ostrogoth-Merovingian_Bardonecchia_(West_Med/North_Adriatic_Profile)_(n=8),Italy_Piedmont_Early_Medieval_Ostrogoth-Merovingian_Bardonecchia
Italy_Piedmont_Late_Antiquity-Early_Medieval_Roman-Lombard_Torino_Lavazza_(Central_Euro_Profile)_(n=1),Italy_Piedmont_Late_Antiquity-Early_Medieval_Roman-Lombard_Torino_Lavazza
Italy_Piedmont_Late_Antiquity-Early_Medieval_Roman-Lombard_Torino_Lavazza_(Central_Italian_Profile)_(n=2),Italy_Piedmont_Late_Antiquity-Early_Medieval_Roman-Lombard_Torino_Lavazza
Italy_Piedmont_Late_Antiquity-Early_Medieval_Roman-Lombard_Torino_Lavazza_(Central_Med_Profile)_(n=1),Italy_Piedmont_Late_Antiquity-Early_Medieval_Roman-Lombard_Torino_Lavazza
Italy_Piedmont_Late_Antiquity-Early_Medieval_Roman-Lombard_Torino_Lavazza_(East_Med_Profile)_(n=1),Italy_Piedmont_Late_Antiquity-Early_Medieval_Roman-Lombard_Torino_Lavazza
Italy_Piedmont_Late_Antiquity-Early_Medieval_Roman-Lombard_Torino_Lavazza_(North_Adriatic_Profile)_(n=2),Italy_Piedmont_Late_Antiquity-Early_Medieval_Roman-Lombard_Torino_Lavazza
Italy_Romagna_CA_Gattolino_(n=3),Italy_Romagna_CA_Gattolino
Italy_Trentino_BA_Mezzocorona_(n=1),Italy_Trentino_BA_Mezzocorona
Italy_Trentino_BA_Nogarole_(n=1),Italy_Trentino_BA_Nogarole
Italy_Trentino_BA_Romagnano_(n=2),Italy_Trentino_BA_Romagnano
Italy_Trentino_CA_Mezzocorona_(n=3),Italy_Trentino_CA_Mezzocorona
Italy_Trentino_CA_Moletta_Patone_(n=1),Italy_Trentino_CA_Moletta_Patone
Italy_Trentino_CA_Nogarole_(n=3),Italy_Trentino_CA_Nogarole
Italy_Trentino_CA_Romagnano_(n=2),Italy_Trentino_CA_Romagnano
Italy_Trentino_CA_Solteri_(n=1),Italy_Trentino_CA_Solteri
Italy_Trentino_CA_Unknown_Site_(n=3),Italy_Trentino_CA_Unknown_Site
Italy_Trentino_CA-EBA_Nogarole_(n=2),Italy_Trentino_CA-EBA_Nogarole
Italy_Trentino_CA-EBA_Paludei_di_Volano_(n=2),Italy_Trentino_CA-EBA_Paludei_di_Volano
Italy_Trentino_CA-EBA_Romagnano_(n=4),Italy_Trentino_CA-EBA_Romagnano
Italy_Trentino_CA-EBA_Romagnano_(Steppe-Mixed_Profile)_(n=3),Italy_Trentino_CA-EBA_Romagnano
Italy_Trentino_CA-EBA_Solteri_(n=1),Italy_Trentino_CA-EBA_Solteri
Italy_Trentino_CA-EBA_Unknown_Site_(n=1),Italy_Trentino_CA-EBA_Unknown_Site
Italy_Trentino_CA-EBA_Unknown_Site_(Low_Steppe_Profile)_(n=1),Italy_Trentino_CA-EBA_Unknown_Site
Italy_Trentino_CA-EBA_Unknown_Site_(Moderate_Steppe_Profile)_(n=2),Italy_Trentino_CA-EBA_Unknown_Site
Italy_Trentino_EBA-MBA_Unknown_Site_(n=1),Italy_Trentino_EBA-MBA_Unknown_Site
Italy_Trentino_MBA_Unknown_Site_(n=1),Italy_Trentino_MBA_Unknown_Site
Italy_Trentino_MBA_Unknown_Site_(High_Steppe_Profile)_(n=1),Italy_Trentino_MBA_Unknown_Site
Italy_Trentino_Mesolithic_Madonna_Bianca_(n=1),Italy_Trentino_Mesolithic_Madonna_Bianca
Italy_Trentino_MN_La_Vela_(n=6),Italy_Trentino_MN_La_Vela
Italy_Trentino_MN_Solteri_(n=2),Italy_Trentino_MN_Solteri
Italy_Trentino_MN_Unknown_Site_(n=1),Italy_Trentino_MN_Unknown_Site
Italy_Tuscany_Early_High_Medieval_Chiusi_(East_Med_Profile)_(n=1),Italy_Tuscany_Early_High_Medieval_Chiusi
Italy_Tuscany_Early_Medieval_Chiusi_(Central_Italian_Profile)_(n=1),Italy_Tuscany_Early_Medieval_Chiusi
Italy_Tuscany_Early_Medieval_Poggio_Pelliccia_(Central_Italian_Profile)_(n=1),Italy_Tuscany_Early_Medieval_Poggio_Pelliccia
Italy_Tuscany_Early-High_Medieval_Chiusi_(Central_Italian_Profile)_(n=2),Italy_Tuscany_Early-High_Medieval_Chiusi
Italy_Tuscany_High_Medieval_Chiusi_(Central_Italian_Profile)_(n=1),Italy_Tuscany_High_Medieval_Chiusi
Italy_Tuscany_IA_Etruscan_Campiglia_dei_Foci_(n=2),Italy_Tuscany_IA_Etruscan_Campiglia_dei_Foci
Italy_Tuscany_IA_Etruscan_Campiglia_dei_Foci_(Hallstatt_Celtic_Profile)_(n=1),Italy_Tuscany_IA_Etruscan_Campiglia_dei_Foci
Italy_Tuscany_IA_Etruscan_Casenovole_(n=6),Italy_Tuscany_IA_Etruscan_Casenovole
Italy_Tuscany_IA_Etruscan_Chiusi_(n=1),Italy_Tuscany_IA_Etruscan_Chiusi
Italy_Tuscany_IA_Etruscan_Dupiane_(n=1),Italy_Tuscany_IA_Etruscan_Dupiane
Italy_Tuscany_IA_Etruscan_Magliano_in_Toscana_(n=1),Italy_Tuscany_IA_Etruscan_Magliano_in_Toscana
Italy_Tuscany_IA_Etruscan_Marsiliana_d'Albegna_(low_res)_(n=1),Italy_Tuscany_IA_Etruscan_Marsiliana_d'Albegna
Italy_Tuscany_IA_Etruscan_Monteriggioni_(n=2),Italy_Tuscany_IA_Etruscan_Monteriggioni
Italy_Tuscany_IA_Etruscan_Poggio_Renzo_(n=2),Italy_Tuscany_IA_Etruscan_Poggio_Renzo
Italy_Tuscany_IA_Etruscan_Vetulonia_(n=5),Italy_Tuscany_IA_Etruscan_Vetulonia
Italy_Tuscany_IA_Etruscan-Roman_Republic_Casenovole_(Etruscan/Italic_Profile)_(n=3),Italy_Tuscany_IA_Etruscan-Roman_Republic_Casenovole
Italy_Tuscany_IA_Etruscan-Roman_Republic_Marsiliana_d'Albegna_(Idiosyncratic_Profile)_(n=1),Italy_Tuscany_IA_Etruscan-Roman_Republic_Marsiliana_d'Albegna
Italy_Tuscany_IA_Etruscan-Roman_Republic_Vetulonia_(Gallic_Profile)_(n=1),Italy_Tuscany_IA_Etruscan-Roman_Republic_Vetulonia
Italy_Tuscany_IA_Etruscan-Roman_Republic_Vetulonia_(Punic_Profile)_(n=2),Italy_Tuscany_IA_Etruscan-Roman_Republic_Vetulonia
Italy_Tuscany_Late_Antiquity_Chiusi_(Central_Italian_Profile)_(n=1),Italy_Tuscany_Late_Antiquity_Chiusi
Italy_Tuscany_Late_Antiquity_Marsiliana_d'Albegna_(East_Med-Anatolian_Profile)_(n=1),Italy_Tuscany_Late_Antiquity_Marsiliana_d'Albegna
Italy_Tuscany_Late_Antiquity_Marsiliana_d'Albegna_(North_African-Mixed_Profile)_(n=1),Italy_Tuscany_Late_Antiquity_Marsiliana_d'Albegna
Italy_Tuscany_Late_Antiquity-Early_Medieval_Chiusi_(East_Med_Profile)_(n=1),Italy_Tuscany_Late_Antiquity-Early_Medieval_Chiusi
Italy_Tuscany_Roman_Republic_Chiostraccio_(Etruscan/Italic_Profile)_(n=1),Italy_Tuscany_Roman_Republic_Chiostraccio
Italy_Tuscany_Roman_Republic_Volterra_(Etruscan/Italic_Profile)_(n=1),Italy_Tuscany_Roman_Republic_Volterra
Italy_Veneto_BA_Broion_(n=3),Italy_Veneto_BA_Broion
Italy_Veneto_CA_Broion_(n=2),Italy_Veneto_CA_Broion
Italy_Veneto_EBA_Broion_(n=1),Italy_Veneto_EBA_Broion
Italy_Veneto_EBA_Broion_(low_res)_(n=1),Italy_Veneto_EBA_Broion
Italy_Veneto_IA-Roman_Republic_Cisalpine_Gaul_(Cenomani)_Verona_(West_Med_Profile)_(n=10),Italy_Veneto_IA-Roman_Republic_Cisalpine_Gaul_(Cenomani)_Verona
Italy_Veneto_IA-Roman_Republic_Cisalpine_Gaul_(Cenomani)_Verona_(Western_Euro_Profile)_(n=3),Italy_Veneto_IA-Roman_Republic_Cisalpine_Gaul_(Cenomani)_Verona
Italy_Veneto_MBA_Olmo_di_Nogara_(n=2),Italy_Veneto_MBA_Olmo_di_Nogara
Italy_Veneto_Mesolithic_Villabruna_(n=1),Italy_Veneto_Mesolithic_Villabruna
Italy_Veneto_UP_Epigravettian_Tagliente_(n=1),Italy_Veneto_UP_Epigravettian_Tagliente
Japan_IA_Okhotsk_Hamanaka_(n=1),Japan_IA_Okhotsk_Hamanaka
Japan_Iwade_Late_Kofun_(n=3),Japan_Iwade_Late_Kofun
Japan_Jomon_Early_(n=8),Japan_Jomon_Early
Japan_Jomon_Initial_(n=1),Japan_Jomon_Initial
Japan_Jomon_Late_(n=4),Japan_Jomon_Late
Japan_Jomon_Middle_(n=5),Japan_Jomon_Middle
Japan_Yayoi_Kuma-Nishioda_(n=2),Japan_Yayoi_Kuma-Nishioda
Jordan_EBA_'Ain_Ghazal_(Levant_EBA_South)_(n=3),Jordan_EBA_'Ain_Ghazal_(Levant_EBA_South)
Jordan_LBA_Baq'ah_(n=8),Jordan_LBA_Baq'ah
Jordan_LBA-IA_Baq'ah_(n=12),Jordan_LBA-IA_Baq'ah
Jordan_N_PPNB_(n=6),Jordan_N_PPNB
Jordan_N_PPNB_(contaminated)_(n=1),Jordan_N_PPNB
Jordan_N_PPNB_(low_res)_(n=1),Jordan_N_PPNB
Jordan_N_PPNC_(n=2),Jordan_N_PPNC
Kabardino-Balkaria_EBA_Steppe_Maykop_(n=4),Kabardino-Balkaria_EBA_Steppe_Maykop
Kabardino-Balkaria_Eneolithic_Kurganniy_(Eneolithic_Piedmont_Steppe)_(n=1),Kabardino-Balkaria_Eneolithic_Kurganniy_(Eneolithic_Piedmont_Steppe)
Kabardino-Balkaria_Eneolithic_Nalchik_(Eneolithic_Piedmont_Steppe)_(n=1),Kabardino-Balkaria_Eneolithic_Nalchik_(Eneolithic_Piedmont_Steppe)
Kabardino-Balkaria_Eneolithic_Nalchik_(Eneolithic_Piedmont_Steppe)_(low_res)_(n=1),Kabardino-Balkaria_Eneolithic_Nalchik_(Eneolithic_Piedmont_Steppe)
Kabardino-Balkaria_IA_Sarmatian_Zolka_(n=1),Kabardino-Balkaria_IA_Sarmatian_Zolka
Kabardino-Balkaria_LBA-EIA_Koban_Zayukovo-3_(n=3),Kabardino-Balkaria_LBA-EIA_Koban_Zayukovo-3
Kabardino-Balkaria_MBA_(n=2),Kabardino-Balkaria_MBA
Kalmykia_Eneolithic_Sengeleevskiy_(n=1),Kalmykia_Eneolithic_Sengeleevskiy
Kamchatka_Early_Modern_(n=3),Kamchatka_Early_Modern
Karachay-Cherkessia_Late_Antiquity-Early_Medieval_Alan_(n=1),Karachay-Cherkessia_Late_Antiquity-Early_Medieval_Alan
Kazakhstan_BA_Zevakinskiy_(n=1),Kazakhstan_BA_Zevakinskiy
Kazakhstan_CA_Botai_(n=3),Kazakhstan_CA_Botai
Kazakhstan_Early_Medieval_Karluk_Butakty_(n=1),Kazakhstan_Early_Medieval_Karluk_Butakty
Kazakhstan_Early_Medieval_Kimak_Grigorjevka_(n=1),Kazakhstan_Early_Medieval_Kimak_Grigorjevka
Kazakhstan_Early_Medieval_Nomad_Almaly_(n=1),Kazakhstan_Early_Medieval_Nomad_Almaly
Kazakhstan_Early_Medieval_Nomad_Issyk_(n=1),Kazakhstan_Early_Medieval_Nomad_Issyk
Kazakhstan_Early_Medieval_Nomad_Spartak_(n=1),Kazakhstan_Early_Medieval_Nomad_Spartak
Kazakhstan_Early_Medieval_Sjauke_(n=1),Kazakhstan_Early_Medieval_Sjauke
Kazakhstan_Early_Medieval_Turk_(n=2),Kazakhstan_Early_Medieval_Turk
Kazakhstan_Early_Medieval_Turk_o_(n=1),Kazakhstan_Early_Medieval_Turk
Kazakhstan_Early_Medieval_Uygur_Period_Karakaba_(n=2),Kazakhstan_Early_Medieval_Uygur_Period_Karakaba
Kazakhstan_Early_Modern_Kuygenzhar_(n=3),Kazakhstan_Early_Modern_Kuygenzhar
Kazakhstan_Early_Modern_Kuygenzhar_o1_(Western_Kazakh_Profile)_(n=1),Kazakhstan_Early_Modern_Kuygenzhar
Kazakhstan_Early_Modern_Kuygenzhar_o2_(West_Med-Mixed_Profile)_(n=1),Kazakhstan_Early_Modern_Kuygenzhar
Kazakhstan_Early-High_Medieval_Karakhanid_Butakty_(n=3),Kazakhstan_Early-High_Medieval_Karakhanid_Butakty
Kazakhstan_Early-High_Medieval_Karluk_Butakty_(n=1),Kazakhstan_Early-High_Medieval_Karluk_Butakty
Kazakhstan_Early-High_Medieval_Karluk_Period_Kayalyk_(n=1),Kazakhstan_Early-High_Medieval_Karluk_Period_Kayalyk
Kazakhstan_Early-High_Medieval_Nomad_Spartak_(n=1),Kazakhstan_Early-High_Medieval_Nomad_Spartak
Kazakhstan_EBA_Bestamak_(n=1),Kazakhstan_EBA_Bestamak
Kazakhstan_EBA_Dali_(n=1),Kazakhstan_EBA_Dali
Kazakhstan_EBA_Kumsay_(n=9),Kazakhstan_EBA_Kumsay
Kazakhstan_EBA_Yamnaya_Karagash_(n=1),Kazakhstan_EBA_Yamnaya_Karagash
Kazakhstan_EBA_Yamnaya_Mereke_(n=1),Kazakhstan_EBA_Yamnaya_Mereke
Kazakhstan_EMBA_Gregorievka_(n=1),Kazakhstan_EMBA_Gregorievka
Kazakhstan_EMBA_Sjolpan_(n=1),Kazakhstan_EMBA_Sjolpan
Kazakhstan_High_Medieval_Kipchak_Lisakovsk_(n=1),Kazakhstan_High_Medieval_Kipchak_Lisakovsk
Kazakhstan_High_Medieval_Kipchak_Nurataldy_(n=1),Kazakhstan_High_Medieval_Kipchak_Nurataldy
Kazakhstan_High_Medieval_Nomad_Janaturmus_(n=1),Kazakhstan_High_Medieval_Nomad_Janaturmus
Kazakhstan_High_Medieval-Early_Modern_Golden_Horde_Karasuyr_(Balto-Slavic_Profile)_(n=1),Kazakhstan_High_Medieval-Early_Modern_Golden_Horde_Karasuyr
Kazakhstan_High_Medieval-Early_Modern_Golden_Horde_Karasuyr_(East_Asian_Profile)_(n=1),Kazakhstan_High_Medieval-Early_Modern_Golden_Horde_Karasuyr
Kazakhstan_IA_Chanchar_(n=1),Kazakhstan_IA_Chanchar
Kazakhstan_IA_Georgievsky_(n=1),Kazakhstan_IA_Georgievsky
Kazakhstan_IA_Kangju_Kaynarbulak_(n=1),Kazakhstan_IA_Kangju_Kaynarbulak
Kazakhstan_IA_Kangju_Kok-Mardan_(n=1),Kazakhstan_IA_Kangju_Kok-Mardan
Kazakhstan_IA_Kangju_Konyr_Tobe_(n=2),Kazakhstan_IA_Kangju_Konyr_Tobe
Kazakhstan_IA_Kargaly_(n=1),Kazakhstan_IA_Kargaly
Kazakhstan_IA_Kenjekol_(n=1),Kazakhstan_IA_Kenjekol
Kazakhstan_IA_Korgantas_Karaoba_(n=1),Kazakhstan_IA_Korgantas_Karaoba
Kazakhstan_IA_Korgantas_Shiderti_(n=1),Kazakhstan_IA_Korgantas_Shiderti
Kazakhstan_IA_Kyzylasker_(n=1),Kazakhstan_IA_Kyzylasker
Kazakhstan_IA_Mayemer_(n=1),Kazakhstan_IA_Mayemer
Kazakhstan_IA_Pazyryk_Berel_(n=9),Kazakhstan_IA_Pazyryk_Berel
Kazakhstan_IA_Pazyryk_Berel_o_(n=1),Kazakhstan_IA_Pazyryk_Berel
Kazakhstan_IA_Saka_Caspan_(n=3),Kazakhstan_IA_Saka_Caspan
Kazakhstan_IA_Saka_Caspan_o_(n=1),Kazakhstan_IA_Saka_Caspan
Kazakhstan_IA_Sargat_Borovye_(n=1),Kazakhstan_IA_Sargat_Borovye
Kazakhstan_IA_Sarmatian_Aigyrly_(n=3),Kazakhstan_IA_Sarmatian_Aigyrly
Kazakhstan_IA_Sarmatian_Bestamak_(n=1),Kazakhstan_IA_Sarmatian_Bestamak
Kazakhstan_IA_Sarmatian_Bisoba_(n=3),Kazakhstan_IA_Sarmatian_Bisoba
Kazakhstan_IA_Sarmatian_Chelkar_(n=1),Kazakhstan_IA_Sarmatian_Chelkar
Kazakhstan_IA_Sarmatian_Kaynbulak_(n=3),Kazakhstan_IA_Sarmatian_Kaynbulak
Kazakhstan_IA_Sarmatian_Krasnoselsky_(n=1),Kazakhstan_IA_Sarmatian_Krasnoselsky
Kazakhstan_IA_Sarmatian_Naurzum_(n=1),Kazakhstan_IA_Sarmatian_Naurzum
Kazakhstan_IA_Sarmatian_Sapibulak_(n=1),Kazakhstan_IA_Sarmatian_Sapibulak
Kazakhstan_IA_Sarmatian_Segizsay_(n=2),Kazakhstan_IA_Sarmatian_Segizsay
Kazakhstan_IA_Sarmatian_Tengyz_(n=1),Kazakhstan_IA_Sarmatian_Tengyz
Kazakhstan_IA_Sjauke_(n=1),Kazakhstan_IA_Sjauke
Kazakhstan_IA_Tasbas_(n=1),Kazakhstan_IA_Tasbas
Kazakhstan_IA_Tasmola_37_Warriors_(n=1),Kazakhstan_IA_Tasmola_37_Warriors
Kazakhstan_IA_Tasmola_Akbeit_(n=1),Kazakhstan_IA_Tasmola_Akbeit
Kazakhstan_IA_Tasmola_Bektauta_(n=1),Kazakhstan_IA_Tasmola_Bektauta
Kazakhstan_IA_Tasmola_Birlik_(n=2),Kazakhstan_IA_Tasmola_Birlik
Kazakhstan_IA_Tasmola_Birlik_o1_(n=1),Kazakhstan_IA_Tasmola_Birlik
Kazakhstan_IA_Tasmola_Birlik_o2_(n=1),Kazakhstan_IA_Tasmola_Birlik
Kazakhstan_IA_Tasmola_Borli_(n=1),Kazakhstan_IA_Tasmola_Borli
Kazakhstan_IA_Tasmola_Eleke_Sazy_(n=2),Kazakhstan_IA_Tasmola_Eleke_Sazy
Kazakhstan_IA_Tasmola_Eleke_Sazy_o_(n=1),Kazakhstan_IA_Tasmola_Eleke_Sazy
Kazakhstan_IA_Tasmola_Karakemer_(n=1),Kazakhstan_IA_Tasmola_Karakemer
Kazakhstan_IA_Tasmola_Karashoky_(n=6),Kazakhstan_IA_Tasmola_Karashoky
Kazakhstan_IA_Tasmola_Karaterekh_(n=1),Kazakhstan_IA_Tasmola_Karaterekh
Kazakhstan_IA_Tasmola_Kyzyl_(n=1),Kazakhstan_IA_Tasmola_Kyzyl
Kazakhstan_IA_Tasmola_Kyzylshilik_(n=2),Kazakhstan_IA_Tasmola_Kyzylshilik
Kazakhstan_IA_Tasmola_Nazar_(n=1),Kazakhstan_IA_Tasmola_Nazar
Kazakhstan_IA_Tasmola_Nurken_(n=1),Kazakhstan_IA_Tasmola_Nurken
Kazakhstan_IA_Tasmola_Serekty_(n=1),Kazakhstan_IA_Tasmola_Serekty
Kazakhstan_IA_Tasmola_Shiderti_(n=1),Kazakhstan_IA_Tasmola_Shiderti
Kazakhstan_IA_Tasmola_Taldy_(n=3),Kazakhstan_IA_Tasmola_Taldy
Kazakhstan_IA_Tasmola_Zhartas_(n=1),Kazakhstan_IA_Tasmola_Zhartas
Kazakhstan_IA_Turgen_(n=4),Kazakhstan_IA_Turgen
Kazakhstan_IA_Xianbei-Hun_Berel_(n=4),Kazakhstan_IA_Xianbei-Hun_Berel
Kazakhstan_IA_Xianbei-Hun_Berel_o_(n=2),Kazakhstan_IA_Xianbei-Hun_Berel
Kazakhstan_IA_Xianbei-Hun_Gregorievka_(n=1),Kazakhstan_IA_Xianbei-Hun_Gregorievka
Kazakhstan_IA_Xianbei-Hun_Komaricyno_(n=1),Kazakhstan_IA_Xianbei-Hun_Komaricyno
Kazakhstan_IA_Zevakino-Chilikta_Ismailovo_(n=1),Kazakhstan_IA_Zevakino-Chilikta_Ismailovo
Kazakhstan_IA_Zevakino-Chilikta_Zevakino_(n=1),Kazakhstan_IA_Zevakino-Chilikta_Zevakino
Kazakhstan_Late_Antiquity_Aktas_(n=1),Kazakhstan_Late_Antiquity_Aktas
Kazakhstan_Late_Antiquity_Hun_Elite_Kurayly_(n=1),Kazakhstan_Late_Antiquity_Hun_Elite_Kurayly
Kazakhstan_Late_Antiquity_Hun-Sarmatian-Early_Medieval_Kostanay_(n=1),Kazakhstan_Late_Antiquity_Hun-Sarmatian-Early_Medieval_Kostanay
Kazakhstan_Late_Antiquity_Kangju_Kok-Mardan_(n=2),Kazakhstan_Late_Antiquity_Kangju_Kok-Mardan
Kazakhstan_Late_Antiquity_Konyr_Tobe_(n=3),Kazakhstan_Late_Antiquity_Konyr_Tobe
Kazakhstan_Late_Antiquity_Konyr_Tobe_o1_(n=1),Kazakhstan_Late_Antiquity_Konyr_Tobe
Kazakhstan_Late_Antiquity_Konyr_Tobe_o2_(n=1),Kazakhstan_Late_Antiquity_Konyr_Tobe
Kazakhstan_LBA_Andronovo_Kyzyl_(n=1),Kazakhstan_LBA_Andronovo_Kyzyl
Kazakhstan_LBA_Chanchar_(n=1),Kazakhstan_LBA_Chanchar
Kazakhstan_LBA_Georgievsky_(n=1),Kazakhstan_LBA_Georgievsky
Kazakhstan_LBA_Katon_Karagai_(n=1),Kazakhstan_LBA_Katon_Karagai
Kazakhstan_LBA_Talapty_(n=1),Kazakhstan_LBA_Talapty
Kazakhstan_LBA_Zevakinskiy_(n=6),Kazakhstan_LBA_Zevakinskiy
Kazakhstan_MBA_Kanai_(n=1),Kazakhstan_MBA_Kanai
Kazakhstan_MBA_Mereke_(n=2),Kazakhstan_MBA_Mereke
Kazakhstan_MLBA_Ak-Moustafa_(n=1),Kazakhstan_MLBA_Ak-Moustafa
Kazakhstan_MLBA_Aktogai_(n=5),Kazakhstan_MLBA_Aktogai
Kazakhstan_MLBA_Alpamsa_(n=1),Kazakhstan_MLBA_Alpamsa
Kazakhstan_MLBA_Andronovo_(Alakul-Fedorovo)_Lisakovskiy_(n=2),Kazakhstan_MLBA_Andronovo_(Alakul-Fedorovo)_Lisakovskiy
Kazakhstan_MLBA_Andronovo_(Alakul)_Maitan_(n=7),Kazakhstan_MLBA_Andronovo_(Alakul)_Maitan
Kazakhstan_MLBA_Andronovo_(Alakul)_Maitan_o1_(n=1),Kazakhstan_MLBA_Andronovo_(Alakul)_Maitan
Kazakhstan_MLBA_Andronovo_(Alakul)_Maitan_o2_(n=1),Kazakhstan_MLBA_Andronovo_(Alakul)_Maitan
Kazakhstan_MLBA_Andronovo_(Nurtai)_Satan_(n=1),Kazakhstan_MLBA_Andronovo_(Nurtai)_Satan
Kazakhstan_MLBA_Andronovo_Mitjurino_(n=1),Kazakhstan_MLBA_Andronovo_Mitjurino
Kazakhstan_MLBA_Andronovo_Shoendykol_(n=3),Kazakhstan_MLBA_Andronovo_Shoendykol
Kazakhstan_MLBA_Bylkyldak_(n=1),Kazakhstan_MLBA_Bylkyldak
Kazakhstan_MLBA_Dali_(n=3),Kazakhstan_MLBA_Dali
Kazakhstan_MLBA_Kairan_(n=5),Kazakhstan_MLBA_Kairan
Kazakhstan_MLBA_Kairan_o_(n=2),Kazakhstan_MLBA_Kairan
Kazakhstan_MLBA_Karagash_(n=3),Kazakhstan_MLBA_Karagash
Kazakhstan_MLBA_Kazakh_Mys_(n=4),Kazakhstan_MLBA_Kazakh_Mys
Kazakhstan_MLBA_Kyzyl_Bulak_(n=2),Kazakhstan_MLBA_Kyzyl_Bulak
Kazakhstan_MLBA_Oy-Dzhaylau_(n=5),Kazakhstan_MLBA_Oy-Dzhaylau
Kazakhstan_MLBA_Oy-Dzhaylau_o1_(n=1),Kazakhstan_MLBA_Oy-Dzhaylau
Kazakhstan_MLBA_Oy-Dzhaylau_o2_(n=1),Kazakhstan_MLBA_Oy-Dzhaylau
Kazakhstan_MLBA_Oy-Dzhaylau_o3_(n=1),Kazakhstan_MLBA_Oy-Dzhaylau
Kazakhstan_MLBA_Solyanka_(n=1),Kazakhstan_MLBA_Solyanka
Kazakhstan_MLBA_Taldysay_(n=2),Kazakhstan_MLBA_Taldysay
Kazakhstan_MLBA_Yelunin_Gregorievka_(n=1),Kazakhstan_MLBA_Yelunin_Gregorievka
Kazakhstan_MLBA_Yelunin_Sjauke_(n=1),Kazakhstan_MLBA_Yelunin_Sjauke
Kazakhstan_MLBA_Zevakinskiy_(n=1),Kazakhstan_MLBA_Zevakinskiy
Kenya_Early_Modern_Bungule_400BP_(contaminated)_(n=1),Kenya_Early_Modern_Bungule_400BP
Kenya_Early_Modern_Faza_Swahili_(low_res)_(n=1),Kenya_Early_Modern_Faza_Swahili
Kenya_Early_Modern_Kakapel_300BP_(n=1),Kenya_Early_Modern_Kakapel_300BP
Kenya_Early_Modern_Kilifi_400BP_(n=1),Kenya_Early_Modern_Kilifi_400BP
Kenya_Early_Modern_Mtwapa_Swahili_(n=20),Kenya_Early_Modern_Mtwapa_Swahili
Kenya_Early_Modern_Mtwapa_Swahili_(low_res)_(n=4),Kenya_Early_Modern_Mtwapa_Swahili
Kenya_Early_Pastoral_N_(n=2),Kenya_Early_Pastoral_N
Kenya_High_Medieval_Kakapel_900BP_(n=1),Kenya_High_Medieval_Kakapel_900BP
Kenya_IA_Deloraine_(n=1),Kenya_IA_Deloraine
Kenya_Late_Medieval-Early_Modern_Makwasinyi_Swahili_(n=9),Kenya_Late_Medieval-Early_Modern_Makwasinyi_Swahili
Kenya_Late_Medieval-Early_Modern_Makwasinyi_Swahili_(low_res)_(n=2),Kenya_Late_Medieval-Early_Modern_Makwasinyi_Swahili
Kenya_Late_Medieval-Early_Modern_Manda_Swahili_(n=2),Kenya_Late_Medieval-Early_Modern_Manda_Swahili
Kenya_LSA_Jawuoyo_(n=1),Kenya_LSA_Jawuoyo
Kenya_LSA_Kakapel_3900BP_(n=1),Kenya_LSA_Kakapel_3900BP
Kenya_LSA_Nyarindi_3500BP_(n=1),Kenya_LSA_Nyarindi_3500BP
Kenya_Pastoral_IA_(n=2),Kenya_Pastoral_IA
Kenya_Pastoral_IA_(low_res)_(n=1),Kenya_Pastoral_IA
Kenya_Pastoral_N_(n=10),Kenya_Pastoral_N
Kenya_Pastoral_N_(low_res)_(n=1),Kenya_Pastoral_N
Kenya_Pastoral_N_Elmenteitan_(n=6),Kenya_Pastoral_N_Elmenteitan
Kenya_Pastoral_N_Hyrax_Hill_2300BP_(n=1),Kenya_Pastoral_N_Hyrax_Hill_2300BP
Kenya_Pastoral_N_Lukenya_Hill_3500BP_(n=1),Kenya_Pastoral_N_Lukenya_Hill_3500BP
Kenya_Pastoral_N_Molo_Cave_1500BP_(n=2),Kenya_Pastoral_N_Molo_Cave_1500BP
Kenya_Pastoral_N_o_(n=1),Kenya_Pastoral_N
Khakassia_BA_Karasuk_(n=5),Khakassia_BA_Karasuk
Khakassia_BA_Karasuk_o1_(Baikal_BA_Profile)_(n=1),Khakassia_BA_Karasuk
Khakassia_BA_Karasuk_o2_(Steppe_MLBA_Profile)_(n=1),Khakassia_BA_Karasuk
Khakassia_BA_Okunevo_(n=17),Khakassia_BA_Okunevo
Khakassia_EBA_Afanasievo_(n=19),Khakassia_EBA_Afanasievo
Khakassia_EBA_Afanasievo_o_(n=1),Khakassia_EBA_Afanasievo
Khakassia_IA_Sabinka_(n=1),Khakassia_IA_Sabinka
Khakassia_IA_Tashtyk_Oglakhty_(n=2),Khakassia_IA_Tashtyk_Oglakhty
Khakassia_LBA-EIA_Tagar_(n=8),Khakassia_LBA-EIA_Tagar
Kilis_Early_Medieval_(Central_Anatolian_Greek_Profile)_(n=1),Kilis_Early_Medieval
Kilis_Early-High_Medieval_(Mixed_Near_Eastern_Profile)_(n=1),Kilis_Early-High_Medieval
Kilis_Early-High_Medieval_(Syrio-Mesopotamian_Profile)_(n=1),Kilis_Early-High_Medieval
Kilis_EBA_Oylum_Hoyuk_(n=4),Kilis_EBA_Oylum_Hoyuk
Kilis_MBA_Oylum_Hoyuk_(n=9),Kilis_MBA_Oylum_Hoyuk
Korea_BA_Taejungni_(low_res)_(n=1),Korea_BA_Taejungni
Korea_EN_Early_Chulmun_Ando_(n=2),Korea_EN_Early_Chulmun_Ando
Korea_EN_Early_Chulmun_Changhang_(n=1),Korea_EN_Early_Chulmun_Changhang
Korea_EN_Early_Chulmun_Changhang_(low_res)_(n=1),Korea_EN_Early_Chulmun_Changhang
Korea_EN_Early_Chulmun_Yondaedo_(low_res)_(n=2),Korea_EN_Early_Chulmun_Yondaedo
Korea_MN_Middle_Chulmun_Yokchido_(n=1),Korea_MN_Middle_Chulmun_Yokchido
Korea_Three_Kingdoms_Daeseong-dong_(n=7),Korea_Three_Kingdoms_Daeseong-dong
Korea_Three_Kingdoms_Dangbuk-ri_(n=6),Korea_Three_Kingdoms_Dangbuk-ri
Korea_Three_Kingdoms_Yuha-ri_(n=1),Korea_Three_Kingdoms_Yuha-ri
Krasnodar_Early_Medieval_Khazar_Khaganate_Anapa_(n=2),Krasnodar_Early_Medieval_Khazar_Khaganate_Anapa
Krasnodar_EBA_Yamnaya_(n=4),Krasnodar_EBA_Yamnaya
Krasnodar_High_Medieval_Anapa_(n=1),Krasnodar_High_Medieval_Anapa
Krasnodar_LBA_Dolmen_Marchenkova_Gora_(low_res)_(n=1),Krasnodar_LBA_Dolmen_Marchenkova_Gora
Krasnodar_MBA_Catacomb_(n=1),Krasnodar_MBA_Catacomb
Krasnodar_MBA_Kubano-Tersk_Late_(n=1),Krasnodar_MBA_Kubano-Tersk_Late
Krasnodar_MBA_Kubano-Tersk_Late_o1_(n=1),Krasnodar_MBA_Kubano-Tersk_Late
Krasnodar_MBA_Kubano-Tersk_Late_o2_(n=1),Krasnodar_MBA_Kubano-Tersk_Late
Krasnodar_Mesolithic_(EHG)_(n=1),Krasnodar_Mesolithic_(EHG)
Krasnodar_MLBA_Srubnaya_Kravchenko_(n=1),Krasnodar_MLBA_Srubnaya_Kravchenko
Krasnoyarsk_BA_Nefteprovod_(n=1),Krasnoyarsk_BA_Nefteprovod
Krasnoyarsk_BA_Okunevo_(n=2),Krasnoyarsk_BA_Okunevo
Krasnoyarsk_EBA_Afanasievo_(n=1),Krasnoyarsk_EBA_Afanasievo
Krasnoyarsk_EBA_Bazaikha_(n=1),Krasnoyarsk_EBA_Bazaikha
Krasnoyarsk_LBA_Afontova_Gora_(n=1),Krasnoyarsk_LBA_Afontova_Gora
Krasnoyarsk_LBA_Bazaikha_(n=1),Krasnoyarsk_LBA_Bazaikha
Krasnoyarsk_LN_Isakovo-Serovo_Dolgoe_Ozero_(n=1),Krasnoyarsk_LN_Isakovo-Serovo_Dolgoe_Ozero
Krasnoyarsk_MLBA_Andronovo_Orak_(n=10),Krasnoyarsk_MLBA_Andronovo_Orak
Krasnoyarsk_MLBA_Andronovo_Orak_o_(n=1),Krasnoyarsk_MLBA_Andronovo_Orak
Krasnoyarsk_MLBA_Andronovo_Potroshilovo_(n=3),Krasnoyarsk_MLBA_Andronovo_Potroshilovo
Krasnoyarsk_MLBA_Andronovo_Ust-Bir_(n=3),Krasnoyarsk_MLBA_Andronovo_Ust-Bir
Krasnoyarsk_UP_Afontova_Gora_(n=1),Krasnoyarsk_UP_Afontova_Gora
Kurgan_IA_Sargat_Shadrinsk_(n=1),Kurgan_IA_Sargat_Shadrinsk
Kurgan_IA_Sargat_Shmakovo_(n=2),Kurgan_IA_Sargat_Shmakovo
Kyrgyzstan_BA_Aigyrzhal_(n=2),Kyrgyzstan_BA_Aigyrzhal
Kyrgyzstan_Early_Medieval_Turk_(n=1),Kyrgyzstan_Early_Medieval_Turk
Kyrgyzstan_Early_Medieval_Uygur_Period_Chilpek_(n=1),Kyrgyzstan_Early_Medieval_Uygur_Period_Chilpek
Kyrgyzstan_Early-Late_Modern_Nomad_Tian_Shan_(n=1),Kyrgyzstan_Early-Late_Modern_Nomad_Tian_Shan
Kyrgyzstan_High_Medieval_Nomad_(n=4),Kyrgyzstan_High_Medieval_Nomad
Kyrgyzstan_High-Late_Medieval_Burana_(n=1),Kyrgyzstan_High-Late_Medieval_Burana
Kyrgyzstan_High-Late_Medieval_Kara-Djigach_(n=1),Kyrgyzstan_High-Late_Medieval_Kara-Djigach
Kyrgyzstan_High-Late_Medieval_Kara-Djigach_(low_res)_(n=1),Kyrgyzstan_High-Late_Medieval_Kara-Djigach
Kyrgyzstan_IA_Baskya_(n=2),Kyrgyzstan_IA_Baskya
Kyrgyzstan_IA_Japyryk_(n=3),Kyrgyzstan_IA_Japyryk
Kyrgyzstan_IA_Korgantas_Bidayk_(n=2),Kyrgyzstan_IA_Korgantas_Bidayk
Kyrgyzstan_IA_Korgantas_Bidayk_o_(n=1),Kyrgyzstan_IA_Korgantas_Bidayk
Kyrgyzstan_IA_Saka_Alai_Nura_(n=1),Kyrgyzstan_IA_Saka_Alai_Nura
Kyrgyzstan_IA_Saka_Baskiya_(n=2),Kyrgyzstan_IA_Saka_Baskiya
Kyrgyzstan_IA_Saka_Chilpek_(n=2),Kyrgyzstan_IA_Saka_Chilpek
Kyrgyzstan_IA_Saka_Keden_(n=6),Kyrgyzstan_IA_Saka_Keden
Kyrgyzstan_IA_Saka_Keden_o_(n=1),Kyrgyzstan_IA_Saka_Keden
Kyrgyzstan_IA_Saka_Ken-Su_(n=3),Kyrgyzstan_IA_Saka_Ken-Su
Kyrgyzstan_IA_Uch-Kurbu_(n=2),Kyrgyzstan_IA_Uch-Kurbu
Kyrgyzstan_Late_Antiquity_Alai_Nura_(n=4),Kyrgyzstan_Late_Antiquity_Alai_Nura
Kyrgyzstan_Late_Antiquity_Alai_Nura_o_(n=2),Kyrgyzstan_Late_Antiquity_Alai_Nura
Kyrgyzstan_Late_Antiquity_Baskya_(n=9),Kyrgyzstan_Late_Antiquity_Baskya
Kyrgyzstan_Late_Antiquity_Keden_(n=2),Kyrgyzstan_Late_Antiquity_Keden
Kyrgyzstan_Late_Antiquity_Uch-Kurbu_(n=4),Kyrgyzstan_Late_Antiquity_Uch-Kurbu
Laos_BA_Tam_Hang_(n=1),Laos_BA_Tam_Hang
Laos_Hoabinhian_(n=1),Laos_Hoabinhian
Laos_LNBA_Tam_Pa_Ping_(n=1),Laos_LNBA_Tam_Pa_Ping
Laos_Unknown_Provenance_(low_res)_(n=1),Laos_Unknown_Provenance
Latvia_BA_(n=10),Latvia_BA
Latvia_Corded_Ware_Early_(n=1),Latvia_Corded_Ware_Early
Latvia_LN_Rinnukalns_(n=1),Latvia_LN_Rinnukalns
Latvia_Mesolithic_Kunda_Zvejnieki_(n=2),Latvia_Mesolithic_Kunda_Zvejnieki
Latvia_Mesolithic_Narva_Zvejnieki_(n=1),Latvia_Mesolithic_Narva_Zvejnieki
Latvia_Mesolithic_Zvejnieki_(n=8),Latvia_Mesolithic_Zvejnieki
Latvia_Mesolithic-N_Zvejnieki_(n=3),Latvia_Mesolithic-N_Zvejnieki
Latvia_MN_Zvejnieki_(n=2),Latvia_MN_Zvejnieki
Latvia_MN_Zvejnieki_o1_(n=1),Latvia_MN_Zvejnieki
Latvia_MN_Zvejnieki_o2_(n=3),Latvia_MN_Zvejnieki
Latvia_N_Zvejnieki_(n=3),Latvia_N_Zvejnieki
Lebanon_Early_Medieval_Chhim_(n=2),Lebanon_Early_Medieval_Chhim
Lebanon_Hellenistic_Beirut_(n=2),Lebanon_Hellenistic_Beirut
Lebanon_Hellenistic-Roman_Empire_Beirut_(n=3),Lebanon_Hellenistic-Roman_Empire_Beirut
Lebanon_High_Medieval_(n=3),Lebanon_High_Medieval
Lebanon_High_Medieval_(Iberian_Profile)_(n=1),Lebanon_High_Medieval
Lebanon_High_Medieval_(Intermediate_Profile)_(n=2),Lebanon_High_Medieval
Lebanon_High_Medieval_(Northern_European_Profile)_(n=2),Lebanon_High_Medieval
Lebanon_High_Medieval_o_(n=1),Lebanon_High_Medieval
Lebanon_IAII_Beirut_(n=2),Lebanon_IAII_Beirut
Lebanon_IAIII_Beirut_(n=8),Lebanon_IAIII_Beirut
Lebanon_IAIII_Beirut_o_(3/4-Egyptian_Profile)_(n=1),Lebanon_IAIII_Beirut
Lebanon_IAIII_Beirut_o_(Egyptian_Profile)_(n=1),Lebanon_IAIII_Beirut
Lebanon_Late_Antiquity_Qornet_ed-Deir_(n=2),Lebanon_Late_Antiquity_Qornet_ed-Deir
Lebanon_Late_Antiquity-Early_Medieval_(Byzantine-Rashidun)_Ej-Jaouze_(n=2),Lebanon_Late_Antiquity-Early_Medieval_(Byzantine-Rashidun)_Ej-Jaouze
Lebanon_Late_Antiquity-Early_Medieval_(Byzantine)_Chhim_(n=2),Lebanon_Late_Antiquity-Early_Medieval_(Byzantine)_Chhim
Lebanon_Late_Antiquity-Early_Medieval_(Byzantine)_Ej-Jaouze_(n=2),Lebanon_Late_Antiquity-Early_Medieval_(Byzantine)_Ej-Jaouze
Lebanon_Late_Antiquity-Early_Medieval_(Byzantine)_Qornet_ed-Deir_(n=1),Lebanon_Late_Antiquity-Early_Medieval_(Byzantine)_Qornet_ed-Deir
Lebanon_MBA_Sidon_Canaanite_(n=5),Lebanon_MBA_Sidon_Canaanite
Lebanon_Roman_Empire-Early_Medieval_(Byzantine)_Qornet_ed-Deir_(n=1),Lebanon_Roman_Empire-Early_Medieval_(Byzantine)_Qornet_ed-Deir
Lebanon_Roman_Republic-Empire_Beirut_(n=2),Lebanon_Roman_Republic-Empire_Beirut
Liangdao_N_(n=2),Liangdao_N
Libya_N_Saharan_Pastoral_Takarkori_(n=1),Libya_N_Saharan_Pastoral_Takarkori
Lithuania_BA_(n=2),Lithuania_BA
Lithuania_Corded_Ware_(n=2),Lithuania_Corded_Ware
Lithuania_Corded_Ware_Early_(n=1),Lithuania_Corded_Ware_Early
Lithuania_Corded_Ware_o_(n=1),Lithuania_Corded_Ware
Lithuania_EMN_Narva_(n=7),Lithuania_EMN_Narva
Lithuania_Late_Antiquity_East_Lithuanian_Barrow_Bailuliai_(n=1),Lithuania_Late_Antiquity_East_Lithuanian_Barrow_Bailuliai
Lithuania_Late_Antiquity-Early_Medieval_Berciunai_(low_res)_(n=1),Lithuania_Late_Antiquity-Early_Medieval_Berciunai
Lithuania_Late_Antiquity-Early_Medieval_Marvele_(n=4),Lithuania_Late_Antiquity-Early_Medieval_Marvele
Lithuania_Mesolithic_(n=1),Lithuania_Mesolithic
Luxembourg_Bell_Beaker_(n=2),Luxembourg_Bell_Beaker
Luxembourg_Mesolithic_Loschbour_(n=1),Luxembourg_Mesolithic_Loschbour
Magadan_BA_Ol'skaia_(n=2),Magadan_BA_Ol'skaia
Malawi_Chencherere_5200BP_(n=1),Malawi_Chencherere_5200BP
Malawi_Fingira_2500BP_(n=1),Malawi_Fingira_2500BP
Malawi_Fingira_6100BP_(n=1),Malawi_Fingira_6100BP
Malawi_Fingira_6100BP_(low_res)_(n=1),Malawi_Fingira_6100BP
Malawi_Hora_14000BP_(n=1),Malawi_Hora_14000BP
Malawi_Hora_8100BP_(n=1),Malawi_Hora_8100BP
Malawi_Hora_8500BP_(low_res)_(n=1),Malawi_Hora_8500BP
Malaysia_Early_Modern_(n=2),Malaysia_Early_Modern
Malaysia_Hoabinhian_(n=1),Malaysia_Hoabinhian
Malaysia_LN_Gua_Cha_(n=1),Malaysia_LN_Gua_Cha
Malta_Gozo_LN_(n=4),Malta_Gozo_LN
Mesopotamia_Achaemenid_Batman_(Mesopotamia_BA_Profile)_(n=1),Mesopotamia_Achaemenid_Batman
Mesopotamia_Early_Medieval_(Umayyad-Abbasid)_Tell_Masaikh_(Syrio-Mesopotamian_Arab_Profile)_(n=1),Mesopotamia_Early_Medieval_(Umayyad-Abbasid)_Tell_Masaikh
Mesopotamia_Early_Medieval_Dara_(Mesopotamian_Profile)_(n=3),Mesopotamia_Early_Medieval_Dara
Mesopotamia_Early_Medieval_Dara_(Mixed_Assyrian+Levantine_Profile)_(n=2),Mesopotamia_Early_Medieval_Dara
Mesopotamia_Early_Medieval_Midyat_(Mixed_Assyrian+Levantine_Profile)_(n=1),Mesopotamia_Early_Medieval_Midyat
Mesopotamia_Early_Modern_Midyat_(Mesopotamian_Profile)_(n=2),Mesopotamia_Early_Modern_Midyat
Mesopotamia_EBA_Sirnak_(n=5),Mesopotamia_EBA_Sirnak
Mesopotamia_EBA_Titris_Hoyuk_(n=1),Mesopotamia_EBA_Titris_Hoyuk
Mesopotamia_High_Medieval_Tell_Masaikh_(Arabian_Profile)_(n=1),Mesopotamia_High_Medieval_Tell_Masaikh
Mesopotamia_IA_Batman_(Mesopotamian_Profile)_(n=2),Mesopotamia_IA_Batman
Mesopotamia_IA_Batman_(Mesopotamian_Profile)_(low_res)_(n=1),Mesopotamia_IA_Batman
Mesopotamia_IA_Neo-Assyrian-Achaemenid_Batman_(Mesopotamian_Profile)_(n=1),Mesopotamia_IA_Neo-Assyrian-Achaemenid_Batman
Mesopotamia_IA_Neo-Assyrian-Achaemenid_Nevali_Cori_(Syrio-Mesopotamian_Profile)_(n=1),Mesopotamia_IA_Neo-Assyrian-Achaemenid_Nevali_Cori
Mesopotamia_LBA_Middle_Assyrian_Nemrik_9_(n=1),Mesopotamia_LBA_Middle_Assyrian_Nemrik_9
Mesopotamia_LCA_Batman_(n=1),Mesopotamia_LCA_Batman
Mesopotamia_LCA_Sirnak_(n=3),Mesopotamia_LCA_Sirnak
Mesopotamia_N_PPN_Cayonu_(n=1),Mesopotamia_N_PPN_Cayonu
Mesopotamia_N_PPN_Cayonu_(low_res)_(n=1),Mesopotamia_N_PPN_Cayonu
Mesopotamia_N_PPN_Nemrik_9_(n=1),Mesopotamia_N_PPN_Nemrik_9
Mesopotamia_N_PPNA_Boncuklu_Tarla_(n=1),Mesopotamia_N_PPNA_Boncuklu_Tarla
Mesopotamia_N_PPNB_Nevali_Cori_(n=1),Mesopotamia_N_PPNB_Nevali_Cori
Mesopotamia_Parthian-Roman_Empire_Nevali_Cori_(Syrio-Mesopotamian_Profile)_(n=2),Mesopotamia_Parthian-Roman_Empire_Nevali_Cori
Mexico_Classic_Canada_de_la_Virgen_(n=1),Mexico_Classic_Canada_de_la_Virgen
Mexico_Classic_Maya_Chichen_Itza_(n=32),Mexico_Classic_Maya_Chichen_Itza
Mexico_Classic_Maya_Chichen_Itza_(low_res)_(n=6),Mexico_Classic_Maya_Chichen_Itza
Mexico_Classic_Toluquilla_(n=1),Mexico_Classic_Toluquilla
Mexico_Classic-Postclassic_Tayopa_(n=9),Mexico_Classic-Postclassic_Tayopa
Mexico_Classic-Postclassic_Tayopa_(low_res)_(n=2),Mexico_Classic-Postclassic_Tayopa
Mexico_Colonial_Period_(Amerindian_Profile)_(n=8),Mexico_Colonial_Period
Mexico_Comondu_Precolonial_(low_res)_(n=1),Mexico_Comondu_Precolonial
Mexico_Coyote_Cave_950BP_(n=1),Mexico_Coyote_Cave_950BP
Mexico_Early_Modern_Campeche_(Central/Southern_African_Bantu_Profile)_(n=1),Mexico_Early_Modern_Campeche
Mexico_Early_Modern_Campeche_(Iberian_Profile)_(n=1),Mexico_Early_Modern_Campeche
Mexico_Early_Modern_Mexico_City_(Central/Southern_African_Bantu_Profile)_(n=2),Mexico_Early_Modern_Mexico_City
Mexico_Early_Modern_Mexico_City_(West_African_Profile)_(n=1),Mexico_Early_Modern_Mexico_City
Mexico_Iron_Springs_Precolonial_(low_res)_(n=1),Mexico_Iron_Springs_Precolonial
Mexico_La_Playa/Cerro_de_Trincheras_2400BP_(n=3),Mexico_La_Playa/Cerro_de_Trincheras_2400BP
Mexico_La_Playa/Cerro_de_Trincheras_Precolonial_(n=7),Mexico_La_Playa/Cerro_de_Trincheras_Precolonial
Mexico_La_Playa/Cerro_de_Trincheras_Precolonial_(low_res)_(n=2),Mexico_La_Playa/Cerro_de_Trincheras_Precolonial
Mexico_Loma_San_Gabriel_Culture_Cueva_de_los_Muertos_Chiquitos_(n=9),Mexico_Loma_San_Gabriel_Culture_Cueva_de_los_Muertos_Chiquitos
Mexico_Mogollon_Paquime_(n=1),Mexico_Mogollon_Paquime
Mexico_Postclassic_Sierra_Tarahumara_(n=1),Mexico_Postclassic_Sierra_Tarahumara
Mexico_Postclassic_Toluquilla_(n=2),Mexico_Postclassic_Toluquilla
Mexico_Postclassic-Postconquest_Las_Palmas_Culture_Pericues_(n=3),Mexico_Postclassic-Postconquest_Las_Palmas_Culture_Pericues
Moldova_EBA_Yamnaya_(n=14),Moldova_EBA_Yamnaya
Moldova_EBA_Yamnaya_o_(n=1),Moldova_EBA_Yamnaya
Moldova_EIA_Cimmerian_(n=3),Moldova_EIA_Cimmerian
Moldova_Eneolithic_Kvityana_Crasnoe_(n=1),Moldova_Eneolithic_Kvityana_Crasnoe
Moldova_Eneolithic_Trypillian_Late_(n=4),Moldova_Eneolithic_Trypillian_Late
Moldova_Eneolithic_Trypillian_Late_o_(n=1),Moldova_Eneolithic_Trypillian_Late
Moldova_Eneolithic_Zhyvotylivka_Bursuceni_(n=1),Moldova_Eneolithic_Zhyvotylivka_Bursuceni
Moldova_Eneolithic_Zhyvotylivka_Bursuceni_o_(Transcaucasian_Profile)_(n=1),Moldova_Eneolithic_Zhyvotylivka_Bursuceni
Moldova_Eneolithic_Zhyvotylivka_Taraclia_(n=1),Moldova_Eneolithic_Zhyvotylivka_Taraclia
Moldova_IA_Sarmatian_Cimislia_(n=1),Moldova_IA_Sarmatian_Cimislia
Moldova_IA_Sarmatian_Ciumai_(n=1),Moldova_IA_Sarmatian_Ciumai
Moldova_IA_Scythian_Glinoe_(Central_Med_Profile)_(n=3),Moldova_IA_Scythian_Glinoe
Moldova_IA_Scythian_Glinoe_(East_Asian-Mixed_Profile)_(n=2),Moldova_IA_Scythian_Glinoe
Moldova_IA_Scythian_Glinoe_(Northwest_Euro_Profile)_(n=1),Moldova_IA_Scythian_Glinoe
Moldova_IA_Scythian_Glinoe_(Paleo-Balkan_Profile)_(n=1),Moldova_IA_Scythian_Glinoe
Moldova_LBA_Crihana_Veche_(n=2),Moldova_LBA_Crihana_Veche
Moldova_LBA_Sabatinovka_(n=1),Moldova_LBA_Sabatinovka
Moldova_MBA_Catacomb_(n=2),Moldova_MBA_Catacomb
Moldova_MBA_Multi-Cordoned_Ware_(n=2),Moldova_MBA_Multi-Cordoned_Ware
Moldova_MBA_Slobodzeya_(n=1),Moldova_MBA_Slobodzeya
Moldova_Unknown_Provenance_(East_Asian-Mixed_Profile)_(n=1),Moldova_Unknown_Provenance
Mongolia_Early_Medieval_Rouran_(n=1),Mongolia_Early_Medieval_Rouran
Mongolia_Early_Medieval_Turkic_Period_(n=2),Mongolia_Early_Medieval_Turkic_Period
Mongolia_Early_Medieval_Turkic_Period_(low_res)_(n=2),Mongolia_Early_Medieval_Turkic_Period
Mongolia_Early_Medieval_Turkic_Period_(South_Central_Asian_Profile)_(n=2),Mongolia_Early_Medieval_Turkic_Period
Mongolia_Early_Medieval_Turkic_Period_(Tang_Emissary_Attendant)_(n=1),Mongolia_Early_Medieval_Turkic_Period_(Tang_Emissary_Attendant)
Mongolia_Early_Medieval_Turkic_Period_(Turanian-Mixed)_(n=3),Mongolia_Early_Medieval_Turkic_Period_(Turanian-Mixed)
Mongolia_Early_Medieval_Uygur_Period_(Slab_Grave_Profile)_(n=1),Mongolia_Early_Medieval_Uygur_Period
Mongolia_Early_Medieval_Uygur_Period_(South_Central_Asian_Profile)_(n=4),Mongolia_Early_Medieval_Uygur_Period
Mongolia_Early_Medieval_Uygur_Period_(Turanian-Mixed)_(n=5),Mongolia_Early_Medieval_Uygur_Period_(Turanian-Mixed)
Mongolia_Early_Medieval_Uygur_Period_(Turanian-Mixed)_o_(n=2),Mongolia_Early_Medieval_Uygur_Period_(Turanian-Mixed)
Mongolia_Early_Medieval_Uygur_Period_(Turanian+Han-Mixed)_(n=2),Mongolia_Early_Medieval_Uygur_Period_(Turanian+Han-Mixed)
Mongolia_Early_Medieval_Zubu_Period_(Turanian-Mixed)_(n=1),Mongolia_Early_Medieval_Zubu_Period_(Turanian-Mixed)
Mongolia_EBA_Afanasievo_(n=1),Mongolia_EBA_Afanasievo
Mongolia_EBA_Afanasievo_(contaminated)_(n=1),Mongolia_EBA_Afanasievo
Mongolia_EBA_Afanasievo_o_(East_Asian_Profile)_(n=1),Mongolia_EBA_Afanasievo
Mongolia_EBA_Ulgii_(n=3),Mongolia_EBA_Ulgii
Mongolia_EIA_Biluut_(n=1),Mongolia_EIA_Biluut
Mongolia_EIA_Khovd_(Altai_MLBA_Profile)_(n=1),Mongolia_EIA_Khovd
Mongolia_EIA_Khovsgol_(n=1),Mongolia_EIA_Khovsgol
Mongolia_EIA_Pazyryk_Ulgii_(n=1),Mongolia_EIA_Pazyryk_Ulgii
Mongolia_EIA_Slab_Grave_(n=14),Mongolia_EIA_Slab_Grave
Mongolia_EIA_Slab_Grave_o_(n=2),Mongolia_EIA_Slab_Grave
Mongolia_EIA_Uyuk_Chandman_(n=15),Mongolia_EIA_Uyuk_Chandman
Mongolia_EIA_Uyuk_Chandman_o_(n=2),Mongolia_EIA_Uyuk_Chandman
Mongolia_EUP_Salkhit_(n=1),Mongolia_EUP_Salkhit
Mongolia_IA_Western_Han_Dynasty_Omnogovi_(n=2),Mongolia_IA_Western_Han_Dynasty_Omnogovi
Mongolia_IA_Xiongnu_Early_(Scytho-Siberian_Intermediate_Profile)_(n=11),Mongolia_IA_Xiongnu_Early
Mongolia_IA_Xiongnu_Early_(Scytho-Siberian_West_Eurasian_Profile)_(n=1),Mongolia_IA_Xiongnu_Early
Mongolia_IA_Xiongnu_Early_o1_(n=1),Mongolia_IA_Xiongnu_Early
Mongolia_IA_Xiongnu_Early_o2_(n=1),Mongolia_IA_Xiongnu_Early
Mongolia_IA_Xiongnu_Early_o3_(n=1),Mongolia_IA_Xiongnu_Early
Mongolia_IA_Xiongnu_Late_(n=16),Mongolia_IA_Xiongnu_Late
Mongolia_IA_Xiongnu_Late_(Baikal_BA_Profile)_(n=1),Mongolia_IA_Xiongnu_Late
Mongolia_IA_Xiongnu_Late_(Iranian_Plateau_Profile)_(n=1),Mongolia_IA_Xiongnu_Late
Mongolia_IA_Xiongnu_Late_(Scytho-Siberian_Intermediate_Profile)_(n=13),Mongolia_IA_Xiongnu_Late
Mongolia_IA_Xiongnu_Late_(Scytho-Siberian_West_Eurasian_Profile)_(n=9),Mongolia_IA_Xiongnu_Late
Mongolia_IA_Xiongnu_Late_(Southern_East_Asian-Mixed_Profile)_(n=8),Mongolia_IA_Xiongnu_Late
Mongolia_IA_Xiongnu_Late_(Yellow_Sea_Profile)_(n=1),Mongolia_IA_Xiongnu_Late
Mongolia_IA_Xiongnu-Xianbei_(n=1),Mongolia_IA_Xiongnu-Xianbei
Mongolia_IA-Early_Medieval_Xianbei_(n=1),Mongolia_IA-Early_Medieval_Xianbei
Mongolia_Late_Medieval_Khitan_Period_(Han-Mixed)_(n=2),Mongolia_Late_Medieval_Khitan_Period_(Han-Mixed)
Mongolia_Late_Medieval_Khitan_Period_(Turanian-Mixed)_(n=1),Mongolia_Late_Medieval_Khitan_Period_(Turanian-Mixed)
Mongolia_Late_Medieval_Khitan_Period_(Turanian+Han-Mixed)_(n=1),Mongolia_Late_Medieval_Khitan_Period_(Turanian+Han-Mixed)
Mongolia_Late_Medieval_Mongol_Period_(n=17),Mongolia_Late_Medieval_Mongol_Period
Mongolia_Late_Medieval_Mongol_Period_(Han-Mixed)_(n=3),Mongolia_Late_Medieval_Mongol_Period_(Han-Mixed)
Mongolia_Late_Medieval_Mongol_Period_(Han-Mixed)_o_(n=1),Mongolia_Late_Medieval_Mongol_Period_(Han-Mixed)
Mongolia_Late_Medieval_Mongol_Period_(Northern_China_Profile)_(n=2),Mongolia_Late_Medieval_Mongol_Period
Mongolia_Late_Medieval_Mongol_Period_(Tibetan_Profile)_(n=3),Mongolia_Late_Medieval_Mongol_Period
Mongolia_Late_Medieval_Mongol_Period_(Turanian-Mixed)_(n=14),Mongolia_Late_Medieval_Mongol_Period_(Turanian-Mixed)
Mongolia_Late_Medieval_Mongol_Period_(Turanian+Han-Mixed)_(n=20),Mongolia_Late_Medieval_Mongol_Period_(Turanian+Han-Mixed)
Mongolia_Late_Medieval_Mongol_Period_(WSHG-Mixed)_(n=1),Mongolia_Late_Medieval_Mongol_Period_(WSHG-Mixed)
Mongolia_Late_Medieval_Mongol_Period_(Yellow_Sea_Profile)_(n=1),Mongolia_Late_Medieval_Mongol_Period
Mongolia_LBA_Baitag_(Altai_MLBA_Profile)_(n=1),Mongolia_LBA_Baitag
Mongolia_LBA_Bayan_Ulgii_(Altai_MLBA_Profile)_(n=1),Mongolia_LBA_Bayan_Ulgii
Mongolia_LBA_DSKC_Bayankhongor_(n=5),Mongolia_LBA_DSKC_Bayankhongor
Mongolia_LBA_DSKC_Bayankhongor_o_(n=1),Mongolia_LBA_DSKC_Bayankhongor
Mongolia_LBA_DSKC_Bulgan_(n=1),Mongolia_LBA_DSKC_Bulgan
Mongolia_LBA_DSKC_Khovd_(n=2),Mongolia_LBA_DSKC_Khovd
Mongolia_LBA_DSKC_Khovd_(Altai_MLBA_Profile)_(n=1),Mongolia_LBA_DSKC_Khovd
Mongolia_LBA_DSKC_Khovsgol_(n=18),Mongolia_LBA_DSKC_Khovsgol
Mongolia_LBA_DSKC_Khovsgol_(Altai_MLBA_Profile)_(n=1),Mongolia_LBA_DSKC_Khovsgol
Mongolia_LBA_DSKC_Khovsgol_(Altai_MLBA-Turan_Profile)_(n=1),Mongolia_LBA_DSKC_Khovsgol
Mongolia_LBA_DSKC_Khovsgol_o_(n=1),Mongolia_LBA_DSKC_Khovsgol
Mongolia_LBA_DSKC_Uvs_(n=2),Mongolia_LBA_DSKC_Uvs
Mongolia_LBA_Khovd_(Altai_MLBA-Turan_Profile)_(n=2),Mongolia_LBA_Khovd
Mongolia_LBA_Mongun-Taiga_(Altai_MLBA_Profile)_(n=3),Mongolia_LBA_Mongun-Taiga
Mongolia_LBA_Mongun-Taiga_(East_Asian_Profile)_(n=1),Mongolia_LBA_Mongun-Taiga
Mongolia_LBA_Ulaanzuukh_(n=11),Mongolia_LBA_Ulaanzuukh
Mongolia_LBA_Zavkhan_(n=1),Mongolia_LBA_Zavkhan
Mongolia_LBA-EIA_Shiveet_Tolgoi_(n=1),Mongolia_LBA-EIA_Shiveet_Tolgoi
Mongolia_LN_Erdenemandal_(n=1),Mongolia_LN_Erdenemandal
Mongolia_MBA_Monkhkhairkhan_(Bulgan_MBA)_(n=1),Mongolia_MBA_Monkhkhairkhan_(Bulgan_MBA)
Mongolia_MBA_Monkhkhairkhan_(Khovd_MBA)_(Altai_MLBA_Profile)_(n=1),Mongolia_MBA_Monkhkhairkhan_(Khovd_MBA)
Mongolia_MBA_Monkhkhairkhan_(Zavkhan_MBA)_(n=1),Mongolia_MBA_Monkhkhairkhan_(Zavkhan_MBA)
Mongolia_MLBA_Monkhkhairkhan_(Khovd_MLBA)_(Altai_MLBA-Turan_Profile)_(n=1),Mongolia_MLBA_Monkhkhairkhan_(Khovd_MLBA)
Mongolia_N_Kharuulyn_Gozgor_(n=3),Mongolia_N_Kharuulyn_Gozgor
Mongolia_N_Kherlen_River_South_Bank_(n=1),Mongolia_N_Kherlen_River_South_Bank
Mongolia_N_Marzyn_Khutul_(n=4),Mongolia_N_Marzyn_Khutul
Mongolia_N_Norovlin_Uul_(n=1),Mongolia_N_Norovlin_Uul
Montenegro_Early_Medieval_Doclea_(South_Slavic_Profile)_(n=1),Montenegro_Early_Medieval_Doclea
Montenegro_Early-High_Medieval_Doclea_(South_Slavic_Profile)_(n=1),Montenegro_Early-High_Medieval_Doclea
Montenegro_EN_(n=1),Montenegro_EN
Montenegro_High_Medieval_Doclea_(South_Slavic_Profile)_(n=3),Montenegro_High_Medieval_Doclea
Montenegro_LBA_(n=11),Montenegro_LBA
Montenegro_Roman_Empire-Late_Antiquity_Doclea_(Central_Med_Profile)_(n=1),Montenegro_Roman_Empire-Late_Antiquity_Doclea
Morocco_EN_Cardial_Kaf_Taht_el-Ghar_(n=3),Morocco_EN_Cardial_Kaf_Taht_el-Ghar
Morocco_EN_Ifri_n'Amr_ou_Moussa_(n=3),Morocco_EN_Ifri_n'Amr_ou_Moussa
Morocco_Epipaleolithic_Ifri_Ouberrid_(n=1),Morocco_Epipaleolithic_Ifri_Ouberrid
Morocco_LN_Kelif_el_Boroud_(n=2),Morocco_LN_Kelif_el_Boroud
Morocco_LN_Kelif_el_Boroud_(low_res)_(n=1),Morocco_LN_Kelif_el_Boroud
Morocco_MN_Skhirat-Rouazi_(n=3),Morocco_MN_Skhirat-Rouazi
Morocco_UP_Iberomaurusian_Taforalt_(n=6),Morocco_UP_Iberomaurusian_Taforalt
Myanmar_LNBA_Oakaie_(n=1),Myanmar_LNBA_Oakaie
Nepal_Classical_Samdzong_(n=11),Nepal_Classical_Samdzong
Nepal_IA_Chokhopani_(n=2),Nepal_IA_Chokhopani
Nepal_IA_Kyang_(n=7),Nepal_IA_Kyang
Nepal_IA_Lubrak_(n=2),Nepal_IA_Lubrak
Nepal_IA_Mebrak_(n=8),Nepal_IA_Mebrak
Nepal_IA_Rhirhi_(n=4),Nepal_IA_Rhirhi
Nepal_IA_Suila_(n=2),Nepal_IA_Suila
Netherlands_Bell_Beaker_(n=12),Netherlands_Bell_Beaker
Netherlands_Bell_Beaker_(low_res)_(n=2),Netherlands_Bell_Beaker
Netherlands_Early_Medieval_Groningen_(n=5),Netherlands_Early_Medieval_Groningen
Netherlands_Early_Medieval_Groningen_o1_(Norse_Profile)_(n=1),Netherlands_Early_Medieval_Groningen
Netherlands_Early_Medieval_Groningen_o2_(Mixed_Northern_Euro_Profile)_(n=1),Netherlands_Early_Medieval_Groningen
Netherlands_Early_Medieval_Midlum_(n=1),Netherlands_Early_Medieval_Midlum
Netherlands_Early_Modern_Alphen_aan_den_Rijn_(n=1),Netherlands_Early_Modern_Alphen_aan_den_Rijn
Netherlands_Early-High_Medieval_Groningen_(n=4),Netherlands_Early-High_Medieval_Groningen
Netherlands_Early-High_Medieval_Groningen_o_(Mixed_Western_Euro_Profile)_(n=1),Netherlands_Early-High_Medieval_Groningen
Netherlands_EBA_(n=3),Netherlands_EBA
Netherlands_EIA_(low_res)_(n=2),Netherlands_EIA
Netherlands_High_Medieval_Groningen_(n=4),Netherlands_High_Medieval_Groningen
Netherlands_High_Medieval_Groningen_o1_(Mixed_Northern_Euro_Profile)_(n=1),Netherlands_High_Medieval_Groningen
Netherlands_High_Medieval_Groningen_o1_(Mixed_Northern_Euro_Profile)_(low_res)_(n=1),Netherlands_High_Medieval_Groningen
Netherlands_High_Medieval_Groningen_o2_(Mixed_Western_Euro_Profile)_(low_res)_(n=1),Netherlands_High_Medieval_Groningen
Netherlands_Late_Antiquity-Early_Medieval_Midlum_(n=4),Netherlands_Late_Antiquity-Early_Medieval_Midlum
Netherlands_Late_Antiquity-Early_Medieval_Midlum_o1_(Mixed_Northern_Euro_Profile)_(n=1),Netherlands_Late_Antiquity-Early_Medieval_Midlum
Netherlands_Late_Antiquity-Early_Medieval_Midlum_o2_(Mixed_Western_Euro_Profile)_(low_res)_(n=1),Netherlands_Late_Antiquity-Early_Medieval_Midlum
Netherlands_LBA_(n=2),Netherlands_LBA
Netherlands_LIA_(n=1),Netherlands_LIA
Netherlands_MBA_(n=6),Netherlands_MBA
Netherlands_MBA_(low_res)_(n=1),Netherlands_MBA
Netherlands_MBA_o_(n=3),Netherlands_MBA
Netherlands_Mesolithic_Doggerland_(n=3),Netherlands_Mesolithic_Doggerland
Netherlands_Mesolithic_Doggerland_(low_res)_(n=1),Netherlands_Mesolithic_Doggerland
Netherlands_MIA-LIA_(n=1),Netherlands_MIA-LIA
Netherlands_MIA-LIA_(low_res)_(n=1),Netherlands_MIA-LIA
Netherlands_MLBA_(n=2),Netherlands_MLBA
North_Macedonia_Classical_(n=1),North_Macedonia_Classical
North_Macedonia_Classical-Roman_Republic_(n=1),North_Macedonia_Classical-Roman_Republic
North_Macedonia_Classical-Roman_Republic_o_(Levantine_Profile)_(n=1),North_Macedonia_Classical-Roman_Republic
North_Macedonia_Hellenistic-Roman_Republic_(East_Med_Profile)_(n=1),North_Macedonia_Hellenistic-Roman_Republic
North_Macedonia_High_Medieval_Bitola_(n=1),North_Macedonia_High_Medieval_Bitola
North_Macedonia_IA_(n=9),North_Macedonia_IA
North_Macedonia_IA_o_(BA-IA_Southern_Balkan_Profile)_(n=1),North_Macedonia_IA
North_Macedonia_LBA_(n=1),North_Macedonia_LBA
North_Macedonia_N_(n=1),North_Macedonia_N
North_Ossetia_Early-Late_Medieval_Alan_(n=1),North_Ossetia_Early-Late_Medieval_Alan
North_Ossetia_EBA_Maykop_Early_(n=1),North_Ossetia_EBA_Maykop_Early
North_Ossetia_Late_Antiquity-Early_Medieval_Alan_(n=3),North_Ossetia_Late_Antiquity-Early_Medieval_Alan
North_Ossetia_Late_Antiquity-Early_Medieval_Alan_o_(n=1),North_Ossetia_Late_Antiquity-Early_Medieval_Alan
Norway_Central_Early_Medieval_Viking_Age_(Mixed_Norse-Finnic_Profile)_(n=1),Norway_Central_Early_Medieval_Viking_Age
Norway_Central_Early_Medieval_Viking_Age_(Norse_Profile)_(n=1),Norway_Central_Early_Medieval_Viking_Age
Norway_Central_High_Medieval_(Mixed_Norse-Finnic_Profile)_(low_res)_(n=1),Norway_Central_High_Medieval
Norway_Central_High_Medieval_(Mixed_Northern_Euro_Profile)_(low_res)_(n=1),Norway_Central_High_Medieval
Norway_Central_High_Medieval_(Mixed_Western_Euro_Profile)_(n=1),Norway_Central_High_Medieval
Norway_Central_High_Medieval_(Norse_Profile)_(n=1),Norway_Central_High_Medieval
Norway_Central_High_Medieval_(Norse_Profile)_(low_res)_(n=1),Norway_Central_High_Medieval
Norway_Central_IA_(n=1),Norway_Central_IA
Norway_Mesolithic_Hummervikholmen_(n=3),Norway_Mesolithic_Hummervikholmen
Norway_N_(n=1),Norway_N
Norway_North_Early_Medieval_Viking_Age_(Insular_Celtic_Profile)_(n=3),Norway_North_Early_Medieval_Viking_Age
Norway_North_Early_Medieval_Viking_Age_(Mixed_Norse-Finnic_Profile)_(n=7),Norway_North_Early_Medieval_Viking_Age
Norway_North_Early_Medieval_Viking_Age_(Mixed_Norse-Insular_Celtic_Profile)_(n=1),Norway_North_Early_Medieval_Viking_Age
Norway_North_Early_Medieval_Viking_Age_(Mixed_Northern_Euro_Profile)_(n=1),Norway_North_Early_Medieval_Viking_Age
Norway_North_Early_Medieval_Viking_Age_(Saami_Profile)_(n=2),Norway_North_Early_Medieval_Viking_Age
Norway_North_IA_(n=2),Norway_North_IA
Norway_North_LNBA_(n=1),Norway_North_LNBA
Norway_South_Early_Medieval_Viking_Age_(Insular_Celtic_Profile)_(n=1),Norway_South_Early_Medieval_Viking_Age
Norway_South_Early_Medieval_Viking_Age_(Mixed_Norse-Finnic_Profile)_(n=3),Norway_South_Early_Medieval_Viking_Age
Norway_South_Early_Medieval_Viking_Age_(Mixed_Norse-Finnic_Profile)_(low_res)_(n=1),Norway_South_Early_Medieval_Viking_Age
Norway_South_Early_Medieval_Viking_Age_(Mixed_Norse-Insular_Celtic_Profile)_(n=1),Norway_South_Early_Medieval_Viking_Age
Norway_South_Early_Medieval_Viking_Age_(Mixed_Western_Euro_Profile)_(n=1),Norway_South_Early_Medieval_Viking_Age
Norway_South_Early_Medieval_Viking_Age_(Norse_Profile)_(n=5),Norway_South_Early_Medieval_Viking_Age
Norway_South_IA_(n=1),Norway_South_IA
Norway_South_IA_(low_res)_(n=1),Norway_South_IA
Novosibirsk_BA_Vengerovo_(n=1),Novosibirsk_BA_Vengerovo
Novosibirsk_Eneolithic_Vengerovo_(n=1),Novosibirsk_Eneolithic_Vengerovo
Novosibirsk_LBA_Priobrazhenka_(n=1),Novosibirsk_LBA_Priobrazhenka
Novosibirsk_Mesolithic_Vengerovo_(n=1),Novosibirsk_Mesolithic_Vengerovo
Novosibirsk_N_Protoka_(n=1),Novosibirsk_N_Protoka
Novosibirsk_N_Vengerovo_(n=6),Novosibirsk_N_Vengerovo
Nubia_Early_Medieval_Christian_Era_Kulubnarti_R_(n=17),Nubia_Early_Medieval_Christian_Era_Kulubnarti_R
Nubia_Early_Medieval_Christian_Era_Kulubnarti_R_(low_res)_(n=3),Nubia_Early_Medieval_Christian_Era_Kulubnarti_R
Nubia_Early_Medieval_Christian_Era_Kulubnarti_S_(n=35),Nubia_Early_Medieval_Christian_Era_Kulubnarti_S
Omsk_BA_Chernozerye_Borovyanka_(n=1),Omsk_BA_Chernozerye_Borovyanka
Omsk_BA_Seima-Turbino_Rostovka_(East/Central_Siberia_BA_Profile)_(n=1),Omsk_BA_Seima-Turbino_Rostovka
Omsk_BA_Seima-Turbino_Rostovka_(Intermediate_West_Siberia_BA_Profile)_(n=2),Omsk_BA_Seima-Turbino_Rostovka
Omsk_BA_Seima-Turbino_Rostovka_(Steppe-Rich_West_Siberia_BA_Profile)_(n=2),Omsk_BA_Seima-Turbino_Rostovka
Omsk_Eneolithic_Borovyanka_(n=1),Omsk_Eneolithic_Borovyanka
Omsk_Eneolithic-BA_Borovyanka_(n=1),Omsk_Eneolithic-BA_Borovyanka
Omsk_Eneolithic-BA_Okunevo_(n=3),Omsk_Eneolithic-BA_Okunevo
Omsk_IA_Sargat_Bitiya_(n=5),Omsk_IA_Sargat_Bitiya
Omsk_IA_Sargat_Bogdanovka_(n=1),Omsk_IA_Sargat_Bogdanovka
Omsk_IUP_Ust-Ishim_(n=1),Omsk_IUP_Ust-Ishim
Omsk_N_Omskaya_Stoyanka_(n=2),Omsk_N_Omskaya_Stoyanka
Orenburg_EBA_Yamnaya_Akbulaksky_(n=1),Orenburg_EBA_Yamnaya_Akbulaksky
Orenburg_IA_Sarmatian_Cherniy_Yar_(n=2),Orenburg_IA_Sarmatian_Cherniy_Yar
Pakistan_Early_Medieval_Parwak_(low_res)_(n=1),Pakistan_Early_Medieval_Parwak
Pakistan_Early_Modern_Singoor_(n=1),Pakistan_Early_Modern_Singoor
Pakistan_High_Medieval_Barikot_(n=1),Pakistan_High_Medieval_Barikot
Pakistan_High_Medieval_Ghaznavid_Udegram_(n=3),Pakistan_High_Medieval_Ghaznavid_Udegram
Pakistan_HP_Aligrama_(n=3),Pakistan_HP_Aligrama
Pakistan_HP_Barikot_(n=1),Pakistan_HP_Barikot
Pakistan_HP_Butkara_(n=5),Pakistan_HP_Butkara
Pakistan_HP_Saidu_Sharif_(n=10),Pakistan_HP_Saidu_Sharif
Pakistan_HP_Saidu_Sharif_o_(n=1),Pakistan_HP_Saidu_Sharif
Pakistan_IA_Aligrama_(n=3),Pakistan_IA_Aligrama
Pakistan_IA_Arkotkila_(n=1),Pakistan_IA_Arkotkila
Pakistan_IA_Barikot_(n=3),Pakistan_IA_Barikot
Pakistan_IA_Butkara_(n=5),Pakistan_IA_Butkara
Pakistan_IA_Gogdara_(n=2),Pakistan_IA_Gogdara
Pakistan_IA_Katelai_(n=28),Pakistan_IA_Katelai
Pakistan_IA_Loebanr_(n=35),Pakistan_IA_Loebanr
Pakistan_IA_Loebanr_o_(n=1),Pakistan_IA_Loebanr
Pakistan_IA_Udegram_(n=13),Pakistan_IA_Udegram
Pakistan_Late_Medieval_Barikot_(n=1),Pakistan_Late_Medieval_Barikot
Pakistan_Late_Medieval_Barikot_o_(n=1),Pakistan_Late_Medieval_Barikot
Panama_Pre-Colonial_(n=9),Panama_Pre-Colonial
Papua_New_Guinea_Eriama_Precolonial_(n=8),Papua_New_Guinea_Eriama_Precolonial
Papua_New_Guinea_Nebira_Precolonial_(n=21),Papua_New_Guinea_Nebira_Precolonial
Peru_Antaura_Tiwanaku_(n=1),Peru_Antaura_Tiwanaku
Peru_Campanayuq_LIP_Chanka_(n=1),Peru_Campanayuq_LIP_Chanka
Peru_Charrangochayoc_LIP_Chanka_(n=1),Peru_Charrangochayoc_LIP_Chanka
Peru_Chincha_LH_(n=6),Peru_Chincha_LH
Peru_Chinchawas_LIP_Chimu_(n=3),Peru_Chinchawas_LIP_Chimu
Peru_Chinchawas_MH_(n=1),Peru_Chinchawas_MH
Peru_Cotahuasi_Tiwanaku_(n=1),Peru_Cotahuasi_Tiwanaku
Peru_Cullcunche_Tiwanaku_(n=1),Peru_Cullcunche_Tiwanaku
Peru_Cuncaicha_3300BP_(contaminated)_(n=1),Peru_Cuncaicha_3300BP
Peru_Cuncaicha_4200BP_(n=1),Peru_Cuncaicha_4200BP
Peru_Cuncaicha_9000BP_(n=1),Peru_Cuncaicha_9000BP
Peru_Cuzco_Casa_Concha_LH_(n=1),Peru_Cuzco_Casa_Concha_LH
Peru_Cuzco_Kusicancha_LH_(n=4),Peru_Cuzco_Kusicancha_LH
Peru_Cuzco_Qotakalli_LH_(n=4),Peru_Cuzco_Qotakalli_LH
Peru_Cuzco_Sacsahuaman_LH_(n=5),Peru_Cuzco_Sacsahuaman_LH
Peru_El_Brujo_EIP_1300BP_(n=2),Peru_El_Brujo_EIP_1300BP
Peru_El_Brujo_EIP_Moche_(n=4),Peru_El_Brujo_EIP_Moche
Peru_El_Brujo_MH-LIP_850BP_(n=1),Peru_El_Brujo_MH-LIP_850BP
Peru_El_Brujo_MH-LIP_Lambayeque_(n=2),Peru_El_Brujo_MH-LIP_Lambayeque
Peru_Kaillachuro_(n=1),Peru_Kaillachuro
Peru_Kanamarka_LH_(n=4),Peru_Kanamarka_LH
Peru_La_Galgada_4100BP_(n=1),Peru_La_Galgada_4100BP
Peru_Laguna_de_los_Condores_LIP_Chachapoyas_(n=1),Peru_Laguna_de_los_Condores_LIP_Chachapoyas
Peru_Laramate_900BP_(n=6),Peru_Laramate_900BP
Peru_Laramate_LIP_600BP_(n=3),Peru_Laramate_LIP_600BP
Peru_Lauricocha_3500BP_(n=1),Peru_Lauricocha_3500BP
Peru_Lauricocha_5800BP_(n=1),Peru_Lauricocha_5800BP
Peru_Lauricocha_8600BP_(n=3),Peru_Lauricocha_8600BP
Peru_Lima_EIP_1450BP_(n=1),Peru_Lima_EIP_1450BP
Peru_Lima_LIP_650BP_(n=3),Peru_Lima_LIP_650BP
Peru_Lima_LIP_800BP_(n=2),Peru_Lima_LIP_800BP
Peru_Machu_Piccu_LH_(n=22),Peru_Machu_Piccu_LH
Peru_Maucallacta_Tiwanaku_(n=1),Peru_Maucallacta_Tiwanaku
Peru_Mesayocpata_LH_Inca_(n=1),Peru_Mesayocpata_LH_Inca
Peru_Ollantaytambo_LIP_(n=5),Peru_Ollantaytambo_LIP
Peru_Palpa_LIP_550BP_(n=2),Peru_Palpa_LIP_550BP
Peru_Rio_Uncallane_1800BP_(n=5),Peru_Rio_Uncallane_1800BP
Peru_San_Sebastian_LH_Inca_500BP_(n=1),Peru_San_Sebastian_LH_Inca_500BP
Peru_San_Sebastian_LIP_Inca_600BP_(n=1),Peru_San_Sebastian_LIP_Inca_600BP
Peru_Titicaca_1310-1424_CE_(n=1),Peru_Titicaca_1310-1424_CE
Peru_Ullujaya_EIP_1350BP_(n=2),Peru_Ullujaya_EIP_1350BP
Peru_Ullujaya_MH_950BP_(n=1),Peru_Ullujaya_MH_950BP
Pohnpei_Na_Island_Early_Modern_(n=3),Pohnpei_Na_Island_Early_Modern
Pohnpei_Nan_Madol_Early_Modern_Isokelekel_Period_(n=1),Pohnpei_Nan_Madol_Early_Modern_Isokelekel_Period
Pohnpei_Nan_Madol_Saudeleur_Period_(n=7),Pohnpei_Nan_Madol_Saudeleur_Period
Poland_Bell_Beaker_(n=7),Poland_Bell_Beaker
Poland_CA_Lublin-Volhynian_Bronocice_(n=1),Poland_CA_Lublin-Volhynian_Bronocice
Poland_CA_Lublin-Volhynian_Ksiaznice_(n=2),Poland_CA_Lublin-Volhynian_Ksiaznice
Poland_Corded_Ware_(n=11),Poland_Corded_Ware
Poland_Corded_Ware_(low_res)_(n=3),Poland_Corded_Ware
Poland_Corded_Ware_Early_(n=1),Poland_Corded_Ware_Early
Poland_Corded_Ware_o_(n=2),Poland_Corded_Ware
Poland_Corded_Ware_Proto-Unetice_(n=1),Poland_Corded_Ware_Proto-Unetice
Poland_Early_Medieval_Markowice_(Balto-Slavic_Profile)_(n=1),Poland_Early_Medieval_Markowice
Poland_Early_Medieval_Niemcza_(Balto-Slavic_Profile)_(n=8),Poland_Early_Medieval_Niemcza
Poland_Early_Medieval_Niemcza_(Balto-Slavic_Profile)_(low_res)_(n=1),Poland_Early_Medieval_Niemcza
Poland_Early_Medieval_Niemcza_(Central_Euro_Profile)_(low_res)_(n=1),Poland_Early_Medieval_Niemcza
Poland_Early_Medieval_Niemcza_(Central_Euro_Slavic_Profile)_(n=3),Poland_Early_Medieval_Niemcza
Poland_Early_Medieval_Niemcza_(Germanic_Profile)_(low_res)_(n=1),Poland_Early_Medieval_Niemcza
Poland_Early_Medieval_Niemcza_(South_Slavic_Profile)_(n=2),Poland_Early_Medieval_Niemcza
Poland_Early_Medieval_Viking_Age_Bodzia_(Mixed_Balto-Slavic-Norse_Profile)_(n=1),Poland_Early_Medieval_Viking_Age_Bodzia
Poland_Early_Medieval_Viking_Age_Bodzia_(Mixed_Balto-Slavic-Norse_Profile)_(low_res)_(n=2),Poland_Early_Medieval_Viking_Age_Bodzia
Poland_Early_Medieval_Viking_Age_Bodzia_(Mixed_Balto-Slavic-Norse-Finnic_Profile)_(n=2),Poland_Early_Medieval_Viking_Age_Bodzia
Poland_Early_Medieval_Viking_Age_Cedynia_(Balto-Slavic_Profile)_(n=1),Poland_Early_Medieval_Viking_Age_Cedynia
Poland_Early_Medieval_Viking_Age_Sandomierz_(Mixed_Balto-Slavic-Norse_Profile)_(low_res)_(n=1),Poland_Early_Medieval_Viking_Age_Sandomierz
Poland_Early_Modern_Puck_(Central_Euro_Profile)_(n=1),Poland_Early_Modern_Puck
Poland_Early_Modern_Puck_(Northwest_Euro_Profile)_(n=1),Poland_Early_Modern_Puck
Poland_Early_Modern_Tunel_Wielki_(Central_Euro_Slavic_Profile)_(n=1),Poland_Early_Modern_Tunel_Wielki
Poland_Early-High_Medieval_Gniezno_(Central_Euro_Slavic_Profile)_(low_res)_(n=1),Poland_Early-High_Medieval_Gniezno
Poland_EBA_Chlopice_Vesele_(n=2),Poland_EBA_Chlopice_Vesele
Poland_EBA_Gustorzyn_(n=1),Poland_EBA_Gustorzyn
Poland_EBA_Iwiny_(n=1),Poland_EBA_Iwiny
Poland_EBA_Iwno_(n=1),Poland_EBA_Iwno
Poland_EBA_Iwno_o_(n=1),Poland_EBA_Iwno
Poland_EBA_Mierzanowice_(n=4),Poland_EBA_Mierzanowice
Poland_EBA_Strzyzow_(n=4),Poland_EBA_Strzyzow
Poland_EBA_Strzyzow_o_(n=2),Poland_EBA_Strzyzow
Poland_EBA_Unetice_(n=3),Poland_EBA_Unetice
Poland_EN_LBK_Kruszyn_(n=2),Poland_EN_LBK_Kruszyn
Poland_High_Medieval_Balczewo_(Balto-Slavic_Profile)_(n=1),Poland_High_Medieval_Balczewo
Poland_High_Medieval_Balczewo_(Balto-Slavic_Profile)_(low_res)_(n=1),Poland_High_Medieval_Balczewo
Poland_High_Medieval_Cedynia_(Mixed_Western_Euro_Profile)_(low_res)_(n=1),Poland_High_Medieval_Cedynia
Poland_High_Medieval_Dziekanowice_(Balto-Slavic_Profile)_(n=2),Poland_High_Medieval_Dziekanowice
Poland_High_Medieval_Dziekanowice_(Balto-Slavic_Profile)_(low_res)_(n=1),Poland_High_Medieval_Dziekanowice
Poland_High_Medieval_Groszowice_(Balto-Slavic_Profile)_(low_res)_(n=1),Poland_High_Medieval_Groszowice
Poland_High_Medieval_Konskie_(Balto-Slavic_Profile)_(n=2),Poland_High_Medieval_Konskie
Poland_High_Medieval_Krakow_(Mixed_Balto-Slavic-Norse_Profile)_(low_res)_(n=1),Poland_High_Medieval_Krakow
Poland_High_Medieval_Lad_(Balto-Slavic_Profile)_(n=12),Poland_High_Medieval_Lad
Poland_High_Medieval_Lad_(Balto-Slavic_Profile)_(low_res)_(n=2),Poland_High_Medieval_Lad
Poland_High_Medieval_Lad_(Central_Euro_Slavic_Profile)_(n=3),Poland_High_Medieval_Lad
Poland_High_Medieval_Lad_(Northwest_Euro_Profile)_(n=2),Poland_High_Medieval_Lad
Poland_High_Medieval_Legowo_(Balto-Slavic_Profile)_(n=4),Poland_High_Medieval_Legowo
Poland_High_Medieval_Markowice_(Alpine_Profile)_(n=1),Poland_High_Medieval_Markowice
Poland_High_Medieval_Markowice_(Balto-Slavic_Profile)_(n=1),Poland_High_Medieval_Markowice
Poland_High_Medieval_Milicz_(Central_Euro_Profile)_(n=1),Poland_High_Medieval_Milicz
Poland_High_Medieval_Oblaczkowo_(Balto-Slavic_Profile)_(n=2),Poland_High_Medieval_Oblaczkowo
Poland_High_Medieval_Oblaczkowo_(Balto-Slavic_Profile)_(low_res)_(n=2),Poland_High_Medieval_Oblaczkowo
Poland_High_Medieval_Ostrow_Lednicki_(Balto-Slavic_Profile)_(n=8),Poland_High_Medieval_Ostrow_Lednicki
Poland_High_Medieval_Ostrow_Lednicki_(Balto-Slavic_Profile)_(low_res)_(n=1),Poland_High_Medieval_Ostrow_Lednicki
Poland_High_Medieval_Plonsk_(Balto-Slavic_Profile)_(n=7),Poland_High_Medieval_Plonsk
Poland_High_Medieval_Plonsk_(Balto-Slavic_Profile)_(low_res)_(n=1),Poland_High_Medieval_Plonsk
Poland_High_Medieval_Poznan_(Balto_Slavic_Profile)_(low_res)_(n=1),Poland_High_Medieval_Poznan
Poland_High_Medieval_Poznan_(Balto-Slavic_Profile)_(n=1),Poland_High_Medieval_Poznan
Poland_High_Medieval_Poznan_(Western_Euro_Profile)_(low_res)_(n=1),Poland_High_Medieval_Poznan
Poland_High_Medieval_Poznan_Srodka_(Balto-Slavic_Profile)_(n=1),Poland_High_Medieval_Poznan_Srodka
Poland_High_Medieval_Poznan_Srodka_(Balto-Slavic_Profile)_(low_res)_(n=4),Poland_High_Medieval_Poznan_Srodka
Poland_High_Medieval_Rumin_(Balto-Slavic_Profile)_(n=2),Poland_High_Medieval_Rumin
Poland_High_Medieval_Santok_(Balto-Slavic_Profile)_(n=2),Poland_High_Medieval_Santok
Poland_High_Medieval_Santok_(Balto-Slavic_Profile)_(low_res)_(n=8),Poland_High_Medieval_Santok
Poland_High_Medieval_Santok_(Central_Euro_Profile)_(low_res)_(n=1),Poland_High_Medieval_Santok
Poland_High_Medieval_Santok_(Central_Euro_Slavic_Profile)_(n=2),Poland_High_Medieval_Santok
Poland_High_Medieval_Santok_(Northwest_Euro_Profile)_(low_res)_(n=2),Poland_High_Medieval_Santok
Poland_High_Medieval_Santok_(Western_Euro_Profile)_(low_res)_(n=1),Poland_High_Medieval_Santok
Poland_IA_Przeworsk_Gaski_(n=1),Poland_IA_Przeworsk_Gaski
Poland_IA_Przeworsk_Gaski_o_(n=1),Poland_IA_Przeworsk_Gaski
Poland_LIA_Czulice_(Northwest_Euro_Profile)_(n=1),Poland_LIA_Czulice
Poland_LIA_Wielbark_Czarnowko_(n=1),Poland_LIA_Wielbark_Czarnowko
Poland_LIA_Wielbark_Kowalewko_(n=22),Poland_LIA_Wielbark_Kowalewko
Poland_LIA_Wielbark_Kowalewko_(low_res)_(n=5),Poland_LIA_Wielbark_Kowalewko
Poland_LIA_Wielbark_Kowalewko_o1_(Northwest_Euro_Profile)_(n=1),Poland_LIA_Wielbark_Kowalewko
Poland_LIA_Wielbark_Kowalewko_o2_(Balto-Slavic_Profile)_(low_res)_(n=1),Poland_LIA_Wielbark_Kowalewko
Poland_LIA_Wielbark_Maslomecz_(n=8),Poland_LIA_Wielbark_Maslomecz
Poland_LIA_Wielbark_Maslomecz_o1_(Balto-Slavic_Profile)_(n=1),Poland_LIA_Wielbark_Maslomecz
Poland_LIA_Wielbark_Maslomecz_o2_(Paleo-Balkan_Profile)_(low_res)_(n=1),Poland_LIA_Wielbark_Maslomecz
Poland_LIA_Wielbark_Maslomecz_o3_(BA-IA_Southern_Balkan_Profile)_(low_res)_(n=1),Poland_LIA_Wielbark_Maslomecz
Poland_LIA_Wielbark_Pruszcz_Gdanski_(n=5),Poland_LIA_Wielbark_Pruszcz_Gdanski
Poland_LIA_Wielbark_Pruszcz_Gdanski_(low_res)_(n=6),Poland_LIA_Wielbark_Pruszcz_Gdanski
Poland_LIA_Wielbark_Pruszcz_Gdanski_o1_(Sarmatian-Mixed_Profile)_(n=1),Poland_LIA_Wielbark_Pruszcz_Gdanski
Poland_LIA_Wielbark_Pruszcz_Gdanski_o2_(Northwest_Euro_Profile)_(n=1),Poland_LIA_Wielbark_Pruszcz_Gdanski
Poland_LIA_Wielbark_Pruszcz_Gdanski_o3_(Alpine_Profile)_(low_res)_(n=1),Poland_LIA_Wielbark_Pruszcz_Gdanski
Poland_LIA_Wielbark_Pruszcz_Gdanski_o4_(Central_Med_Profile)_(low_res)_(n=1),Poland_LIA_Wielbark_Pruszcz_Gdanski
Poland_LIA_Wielbark_Weklice_(n=9),Poland_LIA_Wielbark_Weklice
Poland_LN_Funnelbeaker_(TRB)_(n=5),Poland_LN_Funnelbeaker_(TRB)
Poland_LN_Lengyel_(BKG)_(n=6),Poland_LN_Lengyel_(BKG)
Poland_LN_Lengyel_(BKG)_o1_(n=1),Poland_LN_Lengyel_(BKG)
Poland_LN_Lengyel_(BKG)_o2_(n=1),Poland_LN_Lengyel_(BKG)
Poland_LN_Lengyel_Krusza_Zamkowa_(n=2),Poland_LN_Lengyel_Krusza_Zamkowa
Poland_LN_Lengyel_Racot_(n=1),Poland_LN_Lengyel_Racot
Poland_LN_Lengyel_Siniarzewo_(n=1),Poland_LN_Lengyel_Siniarzewo
Poland_MBA_Trzciniec_Bocheniec_(n=1),Poland_MBA_Trzciniec_Bocheniec
Poland_MBA_Trzciniec_Brodzica_(n=2),Poland_MBA_Trzciniec_Brodzica
Poland_MBA_Trzciniec_Dacharzow_(n=1),Poland_MBA_Trzciniec_Dacharzow
Poland_MBA_Trzciniec_Guciow_(n=1),Poland_MBA_Trzciniec_Guciow
Poland_MBA_Trzciniec_Gustorzyn_(n=6),Poland_MBA_Trzciniec_Gustorzyn
Poland_MBA_Trzciniec_Karczyn_(n=1),Poland_MBA_Trzciniec_Karczyn
Poland_MBA_Trzciniec_Koszyce_(n=1),Poland_MBA_Trzciniec_Koszyce
Poland_MBA_Trzciniec_Nowa_Huta-Clo_(n=1),Poland_MBA_Trzciniec_Nowa_Huta-Clo
Poland_MBA_Trzciniec_Nowa_Huta-Mogila_(n=1),Poland_MBA_Trzciniec_Nowa_Huta-Mogila
Poland_MBA_Trzciniec_Pielgrzymowice_(I2a)_(n=3),Poland_MBA_Trzciniec_Pielgrzymowice_(I2a)
Poland_MBA_Trzciniec_Pielgrzymowice_(Northeast_Euro_Profile)_(n=4),Poland_MBA_Trzciniec_Pielgrzymowice
Poland_MBA_Trzciniec_Pielgrzymowice_(R1b)_(n=1),Poland_MBA_Trzciniec_Pielgrzymowice_(R1b)
Poland_MBA_Trzciniec_Slonowice_(n=1),Poland_MBA_Trzciniec_Slonowice
Poland_MBA_Trzciniec_Zerniki_Gorne_(n=22),Poland_MBA_Trzciniec_Zerniki_Gorne
Poland_Mesolithic_Maglemosian_Kamienskie_(n=1),Poland_Mesolithic_Maglemosian_Kamienskie
Poland_Mesolithic_Maglemosian_Lojewo_(n=1),Poland_Mesolithic_Maglemosian_Lojewo
Poland_N_Globular_Amphora_(n=28),Poland_N_Globular_Amphora
Poland_N_Globular_Amphora_(low_res)_(n=3),Poland_N_Globular_Amphora
Poland_UP_Magdalenian_Maszycka_(n=1),Poland_UP_Magdalenian_Maszycka
Primorye_Early_Medieval_Heishui_Mohe_(n=2),Primorye_Early_Medieval_Heishui_Mohe
Primorye_IA_Pospelovo_(n=1),Primorye_IA_Pospelovo
Primorye_MN_Boisman_(n=13),Primorye_MN_Boisman
Primorye_N_Devils_Gate_Cave_(n=6),Primorye_N_Devils_Gate_Cave
Primorye_N_Letuchaya_Mysh_(n=1),Primorye_N_Letuchaya_Mysh
Primorye_Paleometal_(n=1),Primorye_Paleometal
Puerto_Rico_Ceramic_(n=18),Puerto_Rico_Ceramic
Romania_BA_(n=1),Romania_BA
Romania_BA_Glavanesti_(n=1),Romania_BA_Glavanesti
Romania_CA_Bodrogkeresztur_(n=40),Romania_CA_Bodrogkeresztur
Romania_CA_Bodrogkeresztur_o1_(n=1),Romania_CA_Bodrogkeresztur
Romania_CA_Bodrogkeresztur_o2_(n=1),Romania_CA_Bodrogkeresztur
Romania_CA_Cernavoda_(n=1),Romania_CA_Cernavoda
Romania_CA_Decea_Muresului_Decea_Muresului_(n=1),Romania_CA_Decea_Muresului_Decea_Muresului
Romania_CA_Gumelnita_Gumelnita_(n=1),Romania_CA_Gumelnita_Gumelnita
Romania_CA_Gumelnita_Pietrele_Magura_Gorgana_(n=40),Romania_CA_Gumelnita_Pietrele_Magura_Gorgana
Romania_CA_Gumelnita_Pietrele_Magura_Gorgana_o1_(n=2),Romania_CA_Gumelnita_Pietrele_Magura_Gorgana
Romania_CA_Gumelnita_Pietrele_Magura_Gorgana_o2_(n=1),Romania_CA_Gumelnita_Pietrele_Magura_Gorgana
Romania_CA_Gura_Baciului_(n=1),Romania_CA_Gura_Baciului
Romania_CA-LBA_Glavanesti_(n=2),Romania_CA-LBA_Glavanesti
Romania_Early_Modern_Pericei_(n=11),Romania_Early_Modern_Pericei
Romania_Early_Modern_Pericei_Bathory_(n=2),Romania_Early_Modern_Pericei_Bathory
Romania_EBA_Glina_(n=1),Romania_EBA_Glina
Romania_EBA_Pietrele_Magura_Gorgana_(n=1),Romania_EBA_Pietrele_Magura_Gorgana
Romania_EBA_Ploiesti_(n=1),Romania_EBA_Ploiesti
Romania_EBA_Yamnaya_(n=6),Romania_EBA_Yamnaya
Romania_EBA_Yamnaya_o_(n=1),Romania_EBA_Yamnaya
Romania_EN_Starcevo_(n=1),Romania_EN_Starcevo
Romania_EN_Starcevo-Cris_(n=2),Romania_EN_Starcevo-Cris
Romania_EN-CA_Salcuta_Garlesti_(unclear_context)_(n=1),Romania_EN-CA_Salcuta_Garlesti_(unclear_context)
Romania_EUP_Oase_(n=1),Romania_EUP_Oase
Romania_EUP_Pestera_Muierii_(n=1),Romania_EUP_Pestera_Muierii
Romania_High_Medieval_Ploiesti_Triaj_(Turkic_Profile)_(n=1),Romania_High_Medieval_Ploiesti_Triaj
Romania_Late_Antiquity_Hun_(Hun_Elite_Profile)_(n=1),Romania_Late_Antiquity_Hun
Romania_LN_Boian_Cascioarele_(n=1),Romania_LN_Boian_Cascioarele
Romania_LN_Boian_Curatesti_(n=3),Romania_LN_Boian_Curatesti
Romania_LN_Boian_Muntenia_(n=1),Romania_LN_Boian_Muntenia
Romania_LN_Iclod_Iclod_(n=2),Romania_LN_Iclod_Iclod
Romania_MBA_Catacomb_(n=2),Romania_MBA_Catacomb
Romania_MBA_Monteoru_(n=6),Romania_MBA_Monteoru
Romania_Mesolithic_Iron_Gates_(n=10),Romania_Mesolithic_Iron_Gates
Romania_MLBA_Trestiana_(n=1),Romania_MLBA_Trestiana
Romania_N_(n=4),Romania_N
Romania_N_Baile_Herculane_(n=1),Romania_N_Baile_Herculane
Romania_N_Dudesti_(n=1),Romania_N_Dudesti
Romania_N_Iron_Gates_(n=1),Romania_N_Iron_Gates
Romania_N_Piscolt_(n=1),Romania_N_Piscolt
Romania_Roman_Empire-Early_Medieval_(Byzantine)_Histria_(Anatolian_BA_Profile)_(n=1),Romania_Roman_Empire-Early_Medieval_(Byzantine)_Histria
Romania_Roman_Empire-Early_Medieval_(Byzantine)_Histria_(Central_Med_Profile)_(n=1),Romania_Roman_Empire-Early_Medieval_(Byzantine)_Histria
Romania_Roman_Empire-Early_Medieval_(Byzantine)_Histria_(East_Med_Profile)_(n=1),Romania_Roman_Empire-Early_Medieval_(Byzantine)_Histria
Romania_Roman_Empire-Early_Medieval_(Byzantine)_Histria_(Sarmatian-Mixed_Profile)_(n=1),Romania_Roman_Empire-Early_Medieval_(Byzantine)_Histria
Romania_UP_Aurignacian-Gravettian_Cioclovina_(low_res)_(n=1),Romania_UP_Aurignacian-Gravettian_Cioclovina
Rostov_Ciscaucasia_EMBA_Yamnaya/Catacomb_(n=3),Rostov_Ciscaucasia_EMBA_Yamnaya/Catacomb
Russia_Arkangelsk_Mesolithic_Veretye_Peschanitsa_(n=1),Russia_Arkangelsk_Mesolithic_Veretye_Peschanitsa
Russia_Bashkortostan_IA_Sarmatian_Chumarovo_(n=1),Russia_Bashkortostan_IA_Sarmatian_Chumarovo
Russia_Bashkortostan_IA_Sarmatian_Novo-Muraptalovo_(n=1),Russia_Bashkortostan_IA_Sarmatian_Novo-Muraptalovo
Russia_Bashkortostan_LBA_Mezhovskaya_(n=2),Russia_Bashkortostan_LBA_Mezhovskaya
Russia_Bashkortostan_MLBA_Srubnaya_Alakul_(n=10),Russia_Bashkortostan_MLBA_Srubnaya_Alakul
Russia_Belgorod_Early_Medieval_Saltovo-Mayaki_(Ciscaucasian_Profile)_(low_res)_(n=1),Russia_Belgorod_Early_Medieval_Saltovo-Mayaki
Russia_Chuvashia_MBA_Abashevo_(n=2),Russia_Chuvashia_MBA_Abashevo
Russia_Ingria_IA_(n=3),Russia_Ingria_IA
Russia_Ivanovo_BA_Fatyanovo_(n=4),Russia_Ivanovo_BA_Fatyanovo
Russia_Ivanovo_Early_Medieval_(Uralic_Profile)_(n=1),Russia_Ivanovo_Early_Medieval
Russia_Ivanovo_Early_Medieval_Viking_Age_(Slavic_Profile)_(n=1),Russia_Ivanovo_Early_Medieval_Viking_Age
Russia_Ivanovo_Early_Medieval_Viking_Age_(Uralic_Profile)_(n=1),Russia_Ivanovo_Early_Medieval_Viking_Age
Russia_Ivanovo_High_Medieval_Viking_Age_(Slavic_Profile)_(n=2),Russia_Ivanovo_High_Medieval_Viking_Age
Russia_Ivanovo_High_Medieval_Viking_Age_(Turkic_Profile)_(n=2),Russia_Ivanovo_High_Medieval_Viking_Age
Russia_Ivanovo_High_Medieval_Viking_Age_(Uralic_Profile)_(n=1),Russia_Ivanovo_High_Medieval_Viking_Age
Russia_Ivanovo_IA_(n=8),Russia_Ivanovo_IA
Russia_Ivanovo_Late_Medieval_(Mixed_Northern_Euro_Profile)_(n=1),Russia_Ivanovo_Late_Medieval
Russia_Ivanovo_Late_Medieval_(Slavic_Profile)_(n=1),Russia_Ivanovo_Late_Medieval
Russia_Ivanovo_N_Lyalovo_Sakhtysh_(n=6),Russia_Ivanovo_N_Lyalovo_Sakhtysh
Russia_Ivanovo_N_Volosovo_Sakhtysh_(n=21),Russia_Ivanovo_N_Volosovo_Sakhtysh
Russia_Ivanovo_N_Volosovo_Sakhtysh_(low_res)_(n=1),Russia_Ivanovo_N_Volosovo_Sakhtysh
Russia_Kalmykia_EBA_Yamnaya_(n=12),Russia_Kalmykia_EBA_Yamnaya
Russia_Kalmykia_EBA_Yamnaya_o_(n=1),Russia_Kalmykia_EBA_Yamnaya
Russia_Kalmykia_EMBA_Yamnaya/Catacomb_(n=12),Russia_Kalmykia_EMBA_Yamnaya/Catacomb
Russia_Kalmykia_EMBA_Yamnaya/Catacomb_(low_res)_(n=1),Russia_Kalmykia_EMBA_Yamnaya/Catacomb
Russia_Kalmykia_Eneolithic_Yashkulsky_(n=1),Russia_Kalmykia_Eneolithic_Yashkulsky
Russia_Kalmykia_MBA_Catacomb_(n=6),Russia_Kalmykia_MBA_Catacomb
Russia_Kalmykia_MBA_Catacomb_(low_res)_(n=1),Russia_Kalmykia_MBA_Catacomb
Russia_Kalmykia_MBA_Lola_(n=1),Russia_Kalmykia_MBA_Lola
Russia_Karelia_Mesolithic_(EHG)_(n=15),Russia_Karelia_Mesolithic_(EHG)
Russia_Leningrad_BA_Fatyanovo_(n=1),Russia_Leningrad_BA_Fatyanovo
Russia_Leningrad_Early_Medieval_Viking_Age_Ladoga_(Mixed_Norse-Finnic_Profile)_(n=1),Russia_Leningrad_Early_Medieval_Viking_Age_Ladoga
Russia_Leningrad_Early-High_Medieval_Viking_Age_Ladoga_(Finnic_Profile)_(low_res)_(n=1),Russia_Leningrad_Early-High_Medieval_Viking_Age_Ladoga
Russia_Leningrad_Early-High_Medieval_Viking_Age_Ladoga_(Insular_Celtic-Mixed_Profile)_(n=1),Russia_Leningrad_Early-High_Medieval_Viking_Age_Ladoga
Russia_Leningrad_Early-High_Medieval_Viking_Age_Ladoga_(Mixed_Norse-Balto-Slavic_Profile)_(low_res)_(n=2),Russia_Leningrad_Early-High_Medieval_Viking_Age_Ladoga
Russia_Leningrad_Early-High_Medieval_Viking_Age_Ladoga_(Mixed_Norse-Balto-Slavic-Finnic_Profile)_(low_res)_(n=2),Russia_Leningrad_Early-High_Medieval_Viking_Age_Ladoga
Russia_Leningrad_Early-High_Medieval_Viking_Age_Ladoga_(Mixed_Norse-Finnic_Profile)_(n=3),Russia_Leningrad_Early-High_Medieval_Viking_Age_Ladoga
Russia_Leningrad_Early-High_Medieval_Viking_Age_Ladoga_(Mixed_Norse-Finnic_Profile)_(low_res)_(n=1),Russia_Leningrad_Early-High_Medieval_Viking_Age_Ladoga
Russia_Leningrad_Early-High_Medieval_Viking_Age_Ladoga_(Norse_Profile)_(n=2),Russia_Leningrad_Early-High_Medieval_Viking_Age_Ladoga
Russia_Leningrad_Early-High_Medieval_Viking_Age_Ladoga_(Norse_Profile)_(low_res)_(n=2),Russia_Leningrad_Early-High_Medieval_Viking_Age_Ladoga
Russia_Leningrad_High_Medieval_Viking_Age_Ladoga_(Mixed_Norse-Balto-Slavic_Profile)_(low_res)_(n=1),Russia_Leningrad_High_Medieval_Viking_Age_Ladoga
Russia_Leningrad_High_Medieval_Viking_Age_Ladoga_(Mixed_Norse-Finnic_Profile)_(low_res)_(n=1),Russia_Leningrad_High_Medieval_Viking_Age_Ladoga
Russia_Lipetsk_Eneolithic_Ksizovo_(n=2),Russia_Lipetsk_Eneolithic_Ksizovo
Russia_Lipetsk_Eneolithic_Vasilyevsky_(n=7),Russia_Lipetsk_Eneolithic_Vasilyevsky
Russia_Lipetsk_Eneolithic_Vasilyevsky_(low_res)_(n=2),Russia_Lipetsk_Eneolithic_Vasilyevsky
Russia_Lipetsk_MBA_Catacomb_Ksizovo_(n=1),Russia_Lipetsk_MBA_Catacomb_Ksizovo
Russia_Lipetsk_N_Ksizovo_(low_res)_(n=1),Russia_Lipetsk_N_Ksizovo
Russia_Moscow_BA_Fatyanovo_(n=3),Russia_Moscow_BA_Fatyanovo
Russia_Moscow_Mesolithic_Zamostje_(n=2),Russia_Moscow_Mesolithic_Zamostje
Russia_Murmansk_Early_Metal_Age_Bolshoy_Oleni_Ostrov_(n=9),Russia_Murmansk_Early_Metal_Age_Bolshoy_Oleni_Ostrov
Russia_Murmansk_Early_Metal_Age_Bolshoy_Oleni_Ostrov_o_(n=1),Russia_Murmansk_Early_Metal_Age_Bolshoy_Oleni_Ostrov
Russia_Murmansk_Late_Modern_Chalmny-Varre_(n=2),Russia_Murmansk_Late_Modern_Chalmny-Varre
Russia_Orenburg_EBA_Yamnaya_(n=6),Russia_Orenburg_EBA_Yamnaya
Russia_Orenburg_IA_Sarmatian_Pokrovka_(n=2),Russia_Orenburg_IA_Sarmatian_Pokrovka
Russia_Orenburg_IA_Sarmatian_Pokrovka_(low_res)_(n=1),Russia_Orenburg_IA_Sarmatian_Pokrovka
Russia_Orenburg_Mesolithic_Romanov-Il'murzin_Ural_River_Beach_(n=1),Russia_Orenburg_Mesolithic_Romanov-Il'murzin_Ural_River_Beach
Russia_Orenburg_MLBA_Sintashta_(n=3),Russia_Orenburg_MLBA_Sintashta
Russia_Orenburg_Neolithic_Labazy_(n=2),Russia_Orenburg_Neolithic_Labazy
Russia_Pskov_Early-High_Medieval_Viking_Age_Pskov_(Balto-Slavic_Profile)_(low_res)_(n=1),Russia_Pskov_Early-High_Medieval_Viking_Age_Pskov
Russia_Rostov_Early-High_Medieval_Rostov-on-Don_Nomad_(n=1),Russia_Rostov_Early-High_Medieval_Rostov-on-Don_Nomad
Russia_Rostov_EBA_Yamnaya_(n=20),Russia_Rostov_EBA_Yamnaya
Russia_Rostov_EBA_Yamnaya_(low_res)_(n=2),Russia_Rostov_EBA_Yamnaya
Russia_Rostov_EBA_Yamnaya_o_(n=1),Russia_Rostov_EBA_Yamnaya
Russia_Rostov_EMBA_Yamnaya/Catacomb_(n=2),Russia_Rostov_EMBA_Yamnaya/Catacomb
Russia_Rostov_Eneolithic_Remontnoye_(n=2),Russia_Rostov_Eneolithic_Remontnoye
Russia_Rostov_Eneolithic_Sredni_Stog_Krivyansky_(n=1),Russia_Rostov_Eneolithic_Sredni_Stog_Krivyansky
Russia_Rostov_IA_Sarmatian_Chebotarev_(n=3),Russia_Rostov_IA_Sarmatian_Chebotarev
Russia_Rostov_IA_Sarmatian_Nesvetay_(n=3),Russia_Rostov_IA_Sarmatian_Nesvetay
Russia_Rostov_MBA_Catacomb_(n=9),Russia_Rostov_MBA_Catacomb
Russia_Rostov_MBA_Catacomb_o_(n=1),Russia_Rostov_MBA_Catacomb
Russia_Samara_EBA_Yamnaya_(n=29),Russia_Samara_EBA_Yamnaya
Russia_Samara_Eneolithic_Chekalino_(n=1),Russia_Samara_Eneolithic_Chekalino
Russia_Samara_Eneolithic_Khvalynsk_(n=22),Russia_Samara_Eneolithic_Khvalynsk
Russia_Samara_Eneolithic_Khvalynsk_Lebyazhinka_(n=1),Russia_Samara_Eneolithic_Khvalynsk_Lebyazhinka
Russia_Samara_Eneolithic_Khvalynsk_o1_(High_EHG_Profile)_(n=4),Russia_Samara_Eneolithic_Khvalynsk
Russia_Samara_Eneolithic_Khvalynsk_o2_(High_CHG_Profile)_(n=3),Russia_Samara_Eneolithic_Khvalynsk
Russia_Samara_Eneolithic_Khvalynsk_o3_(Piedmont_Steppe_Eneolithic_Profile)_(n=1),Russia_Samara_Eneolithic_Khvalynsk
Russia_Samara_Eneolithic_Maksimovka_(n=4),Russia_Samara_Eneolithic_Maksimovka
Russia_Samara_Eneolithic_Samara_Ekaterinovka_Mys_(n=32),Russia_Samara_Eneolithic_Samara_Ekaterinovka_Mys
Russia_Samara_Eneolithic_Samara_Ekaterinovka_Mys_o_(n=1),Russia_Samara_Eneolithic_Samara_Ekaterinovka_Mys
Russia_Samara_Eneolithic_Samara_Syezzheye_(n=3),Russia_Samara_Eneolithic_Samara_Syezzheye
Russia_Samara_IA_Scythian_Nadezhdinka_(Steppe_Iranic_Profile)_(questionable)_(n=1),Russia_Samara_IA_Scythian_Nadezhdinka_(questionable)
Russia_Samara_MBA_Poltavka_(n=9),Russia_Samara_MBA_Poltavka
Russia_Samara_MBA_Poltavka_o_(n=1),Russia_Samara_MBA_Poltavka
Russia_Samara_Mesolithic_(EHG)_(n=2),Russia_Samara_Mesolithic_(EHG)
Russia_Samara_MLBA_Potapovka_(n=2),Russia_Samara_MLBA_Potapovka
Russia_Samara_MLBA_Potapovka_o1_(n=1),Russia_Samara_MLBA_Potapovka
Russia_Samara_MLBA_Potapovka_o2_(n=1),Russia_Samara_MLBA_Potapovka
Russia_Samara_MLBA_Potapovka_o3_(n=1),Russia_Samara_MLBA_Potapovka
Russia_Samara_MLBA_Srubnaya_(n=11),Russia_Samara_MLBA_Srubnaya
Russia_Samara_MLBA_Srubnaya_o_(n=1),Russia_Samara_MLBA_Srubnaya
Russia_Saratov_EBA_Yamnaya_(n=1),Russia_Saratov_EBA_Yamnaya
Russia_Saratov_Eneolithic_Khvalynsk_Khlopkov_Bugor_(n=3),Russia_Saratov_Eneolithic_Khvalynsk_Khlopkov_Bugor
Russia_Smolensk_Early-High_Medieval_Viking_Age_Gnezdovo_(Balto-Slavic_Profile)_(n=1),Russia_Smolensk_Early-High_Medieval_Viking_Age_Gnezdovo
Russia_Smolensk_Early-High_Medieval_Viking_Age_Gnezdovo_(Balto-Slavic_Profile)_(low_res)_(n=1),Russia_Smolensk_Early-High_Medieval_Viking_Age_Gnezdovo
Russia_Smolensk_Early-High_Medieval_Viking_Age_Gnezdovo_(Mixed_Norse-Balto-Slavic_Profile)_(n=1),Russia_Smolensk_Early-High_Medieval_Viking_Age_Gnezdovo
Russia_Smolensk_Early-High_Medieval_Viking_Age_Gnezdovo_(Mixed_Norse-Finnic_Profile)_(low_res)_(n=2),Russia_Smolensk_Early-High_Medieval_Viking_Age_Gnezdovo
Russia_Smolensk_Early-High_Medieval_Viking_Age_Gnezdovo_(Mixed_Norse-Finnic-Pontic_Profile)_(low_res)_(n=1),Russia_Smolensk_Early-High_Medieval_Viking_Age_Gnezdovo
Russia_Smolensk_Early-High_Medieval_Viking_Age_Gnezdovo_(North_Balkan_Profile)_(n=1),Russia_Smolensk_Early-High_Medieval_Viking_Age_Gnezdovo
Russia_Sverdlorsk_N_Kumyshanskaya_(n=1),Russia_Sverdlorsk_N_Kumyshanskaya
Russia_Tatarstan_Eneolithic_Murzikha_(n=20),Russia_Tatarstan_Eneolithic_Murzikha
Russia_Tatarstan_MLBA_Srubnaya_(n=1),Russia_Tatarstan_MLBA_Srubnaya
Russia_Tver_BA_Fatyanovo_(n=3),Russia_Tver_BA_Fatyanovo
Russia_Tver_N_Upper_Volga_Culture_Yazykovo_(n=1),Russia_Tver_N_Upper_Volga_Culture_Yazykovo
Russia_Vladimir_Early_Medieval_(Uralic_Profile)_(n=1),Russia_Vladimir_Early_Medieval
Russia_Vladimir_Early_Modern_(Slavic_Profile)_(n=1),Russia_Vladimir_Early_Modern
Russia_Vladimir_High_Medieval_Viking_Age_(Central_Euro_Slavic_Profile)_(n=1),Russia_Vladimir_High_Medieval_Viking_Age
Russia_Vladimir_High_Medieval_Viking_Age_(Slavic_Profile)_(n=3),Russia_Vladimir_High_Medieval_Viking_Age
Russia_Vladimir_Late_Medieval_(East_Asian-Mixed_Profile)_(n=1),Russia_Vladimir_Late_Medieval
Russia_Vladimir_Late_Medieval_(Slavic_Profile)_(n=1),Russia_Vladimir_Late_Medieval
Russia_Vladimir_Late_Modern_(Slavic_Profile)_(n=4),Russia_Vladimir_Late_Modern
Russia_Vladimir_UP_Sunghir_(n=4),Russia_Vladimir_UP_Sunghir
Russia_Volgograd_EBA_Yamnaya_(n=2),Russia_Volgograd_EBA_Yamnaya
Russia_Volgograd_EMBA_Yamnaya/Catacomb_(n=3),Russia_Volgograd_EMBA_Yamnaya/Catacomb
Russia_Volgograd_Eneolithic_Berezhnovka_(n=4),Russia_Volgograd_Eneolithic_Berezhnovka
Russia_Volgograd_MBA_Poltavka/Catacomb_Stalingrad_Quarry_(n=1),Russia_Volgograd_MBA_Poltavka/Catacomb_Stalingrad_Quarry
Russia_Vologda_Early-High_Medieval_Viking_Age_Kurevanikha_(Balto-Slavic_Profile)_(n=1),Russia_Vologda_Early-High_Medieval_Viking_Age_Kurevanikha
Russia_Vologda_EN_Minino_(n=1),Russia_Vologda_EN_Minino
Russia_Vologda_LBA-IA_Minino_(n=1),Russia_Vologda_LBA-IA_Minino
Russia_Vologda_Mesolithic_Minino_(n=9),Russia_Vologda_Mesolithic_Minino
Russia_Vologda_Mesolithic_Minino_(low_res)_(n=2),Russia_Vologda_Mesolithic_Minino
Russia_Vologda_Mesolithic_Pogostishche_(low_res)_(n=1),Russia_Vologda_Mesolithic_Pogostishche
Russia_Vologda_Mesolithic_Veretye_Karavaikha_(n=7),Russia_Vologda_Mesolithic_Veretye_Karavaikha
Russia_Vologda_Mesolithic_Veretye_Karavaikha_(low_res)_(n=1),Russia_Vologda_Mesolithic_Veretye_Karavaikha
Russia_Voronezh_N_Lower_Don_Culture_Golubaya_Krinitsa_(n=2),Russia_Voronezh_N_Lower_Don_Culture_Golubaya_Krinitsa
Russia_Voronezh_N_Lower_Don_Culture_Golubaya_Krinitsa_(low_res)_(n=5),Russia_Voronezh_N_Lower_Don_Culture_Golubaya_Krinitsa
Russia_Voronezh_N_Lower_Don_Culture_Golubaya_Krinitsa_o_(n=1),Russia_Voronezh_N_Lower_Don_Culture_Golubaya_Krinitsa
Russia_Voronezh_UP_Aurignacian_Kostenki_(n=1),Russia_Voronezh_UP_Aurignacian_Kostenki
Russia_Yaroslavl_BA_Fatyanovo_(n=13),Russia_Yaroslavl_BA_Fatyanovo
Russia_Yaroslavl_High_Medieval_Viking_Age_Rurikid_Pereslavl-Zalessky_(n=1),Russia_Yaroslavl_High_Medieval_Viking_Age_Rurikid_Pereslavl-Zalessky
Russia_Yaroslavl_N_Lyalovo-Volosovo_Berendeyevo_(n=1),Russia_Yaroslavl_N_Lyalovo-Volosovo_Berendeyevo
Ryukyu_Early_Modern_Nagabaka_(n=4),Ryukyu_Early_Modern_Nagabaka
Ryukyu_EN_Nagabaka_(low_res)_(n=1),Ryukyu_EN_Nagabaka
Ryukyu_LN_Nagabaka_(n=3),Ryukyu_LN_Nagabaka
Ryukyu_LN_Nagabaka_o_(n=1),Ryukyu_LN_Nagabaka
Saint_Helena_Late_Modern_Rupert's_Valley_(Central/Southern_African_Bantu_Profile)_(n=13),Saint_Helena_Late_Modern_Rupert's_Valley
Saint_Helena_Late_Modern_Rupert's_Valley_(Central/Southern_African_Bantu_Profile)_(low_res)_(n=4),Saint_Helena_Late_Modern_Rupert's_Valley
Saint_Helena_Late_Modern_Rupert's_Valley_(West/Central_African_Profile)_(n=1),Saint_Helena_Late_Modern_Rupert's_Valley
Saint_Lucia_Ceramic_(n=10),Saint_Lucia_Ceramic
Saint_Martin_Early_Modern_(Central/Southern_African_Bantu_Profile)_(n=1),Saint_Martin_Early_Modern
Saint_Martin_Early_Modern_(West_African_Profile)_(n=1),Saint_Martin_Early_Modern
Saipan_Latte_Anaguan_(n=41),Saipan_Latte_Anaguan
Sakha_High_Medieval_Yana_(n=1),Sakha_High_Medieval_Yana
Sakha_LN_Ymyyakhtakh_Kamenka_(n=3),Sakha_LN_Ymyyakhtakh_Kamenka
Sakha_LN_Ymyyakhtakh_Kyordyughen_(n=2),Sakha_LN_Ymyyakhtakh_Kyordyughen
Sakha_LN_Ymyyakhtakh_Pomazkino_(n=1),Sakha_LN_Ymyyakhtakh_Pomazkino
Sakha_LUP_Khaiyrgas_(n=1),Sakha_LUP_Khaiyrgas
Sakha_Mesolithic_Duvanni_Yar_(n=1),Sakha_Mesolithic_Duvanni_Yar
Sakha_MN_Onnyos_(n=1),Sakha_MN_Onnyos
Sakha_UP_Yana_(n=2),Sakha_UP_Yana
Sakhalin_Late_Modern_Ainu_(n=1),Sakhalin_Late_Modern_Ainu
Sardinia_CA_(n=8),Sardinia_CA
Sardinia_CA_(low_res)_(n=1),Sardinia_CA
Sardinia_CA_(North_African_Profile)_(n=1),Sardinia_CA
Sardinia_Classical_Punic_(Punic_Profile)_(n=1),Sardinia_Classical_Punic
Sardinia_Classical_Punic-Roman_Republic_(Phoenician/Punic-Mixed_or_East_Med_Profile)_(n=1),Sardinia_Classical_Punic-Roman_Republic
Sardinia_Classical_Punic-Roman_Republic_(Sardinian_Profile)_(n=1),Sardinia_Classical_Punic-Roman_Republic
Sardinia_Early_Medieval_(n=3),Sardinia_Early_Medieval
Sardinia_EBA_(n=17),Sardinia_EBA
Sardinia_EBA_(low_res)_(n=2),Sardinia_EBA
Sardinia_EBA_Nuragic_(n=2),Sardinia_EBA_Nuragic
Sardinia_ECA_(n=1),Sardinia_ECA
Sardinia_ECA_(low_res)_(n=1),Sardinia_ECA
Sardinia_ECA-LBA_(n=2),Sardinia_ECA-LBA
Sardinia_High_Medieval_(n=1),Sardinia_High_Medieval
Sardinia_IA_Nuragic_Anghelu_Ruju_(n=1),Sardinia_IA_Nuragic_Anghelu_Ruju
Sardinia_IA_Nuragic_Sant'Imbenia_(n=1),Sardinia_IA_Nuragic_Sant'Imbenia
Sardinia_IA_Phoenician_(Punic_Profile)_(n=2),Sardinia_IA_Phoenician
Sardinia_IA-Classical_Phoenician/Punic_(Phoenician/Punic-Mixed_or_East_Med_Profile)_(n=2),Sardinia_IA-Classical_Phoenician/Punic
Sardinia_IA-Classical_Phoenician/Punic_(Punic_Profile)_(n=1),Sardinia_IA-Classical_Phoenician/Punic
Sardinia_Late_Antiquity_Sant'Imbenia_(n=2),Sardinia_Late_Antiquity_Sant'Imbenia
Sardinia_Late_Medieval_(low_res)_(n=2),Sardinia_Late_Medieval
Sardinia_Late_Medieval-Early_Modern_(n=1),Sardinia_Late_Medieval-Early_Modern
Sardinia_LBA_Nuragic_(n=18),Sardinia_LBA_Nuragic
Sardinia_LBA_Nuragic_(low_res)_(n=2),Sardinia_LBA_Nuragic
Sardinia_LCA_(n=5),Sardinia_LCA
Sardinia_MBA_Nuragic_(n=7),Sardinia_MBA_Nuragic
Sardinia_MBA_Nuragic_(contaminated)_(n=1),Sardinia_MBA_Nuragic
Sardinia_N_(n=9),Sardinia_N
Sardinia_Roman_Empire_Aho_M._Carru_(East_Med-Anatolian/Proto-Western_Jew_Profile)_(n=1),Sardinia_Roman_Empire_Aho_M._Carru
Sardinia_Roman_Empire_Sant'Imbenia_(n=1),Sardinia_Roman_Empire_Sant'Imbenia
Sardinia_Roman_Empire-Late_Antiquity_Aho_M._Carru_(n=1),Sardinia_Roman_Empire-Late_Antiquity_Aho_M._Carru
Sardinia_Roman_Empire-Late_Antiquity_Aho_M._Carru_(low_res)_(n=1),Sardinia_Roman_Empire-Late_Antiquity_Aho_M._Carru
Sardinia_Roman_Republic-Late_Antiquity_Sant'Imbenia_(n=1),Sardinia_Roman_Republic-Late_Antiquity_Sant'Imbenia
Scotland_Bell_Beaker_(n=2),Scotland_Bell_Beaker
Scotland_CA-EBA_(n=7),Scotland_CA-EBA
Scotland_CA-EBA_(low_res)_(n=1),Scotland_CA-EBA
Scotland_CA-EBA_o_(n=1),Scotland_CA-EBA
Scotland_CA-EBA_o_(low_res)_(n=2),Scotland_CA-EBA
Scotland_Early_Medieval_Pictish_(n=2),Scotland_Early_Medieval_Pictish
Scotland_EIA_(n=2),Scotland_EIA
Scotland_Inner_Hebrides_Skye_LIA_(n=1),Scotland_Inner_Hebrides_Skye_LIA
Scotland_Inner_Hebrides_Skye_N_(n=1),Scotland_Inner_Hebrides_Skye_N
Scotland_LBA_(n=5),Scotland_LBA
Scotland_LIA_(n=10),Scotland_LIA
Scotland_LIA_(low_res)_(n=2),Scotland_LIA
Scotland_LIA_o_(n=1),Scotland_LIA
Scotland_MBA_(n=4),Scotland_MBA
Scotland_Megalithic_(n=4),Scotland_Megalithic
Scotland_MIA_(n=2),Scotland_MIA
Scotland_MIA-LIA_(n=7),Scotland_MIA-LIA
Scotland_N_(n=36),Scotland_N
Scotland_N_(low_res)_(n=2),Scotland_N
Scotland_N_o_(n=2),Scotland_N
Scotland_Orkney_Early_Medieval_Pictish_(n=1),Scotland_Orkney_Early_Medieval_Pictish
Scotland_Orkney_Early_Medieval_Viking_Age_(Insular_Celtic_Profile)_(n=4),Scotland_Orkney_Early_Medieval_Viking_Age
Scotland_Orkney_Early_Medieval_Viking_Age_(Mixed_Insular_Celtic-Norse_Profile)_(n=2),Scotland_Orkney_Early_Medieval_Viking_Age
Scotland_Orkney_Early_Medieval_Viking_Age_(Mixed_Insular_Celtic-Norse_Profile)_(low_res)_(n=1),Scotland_Orkney_Early_Medieval_Viking_Age
Scotland_Orkney_IA_(n=2),Scotland_Orkney_IA
Scotland_Orkney_MBA_(n=9),Scotland_Orkney_MBA
Scotland_Orkney_MBA_(low_res)_(n=2),Scotland_Orkney_MBA
Scotland_Orkney_N_(n=6),Scotland_Orkney_N
Serbia_CA_Tiszapolgar-Bodrogkeresztur_(n=2),Serbia_CA_Tiszapolgar-Bodrogkeresztur
Serbia_Early_Medieval_Gepid_Viminacium_Vise_Grobalja_(East_Asian-Mixed_Profile)_(n=1),Serbia_Early_Medieval_Gepid_Viminacium_Vise_Grobalja
Serbia_Early_Medieval_Gomolava_(Central_Euro_Slavic_Profile)_(n=1),Serbia_Early_Medieval_Gomolava
Serbia_Early_Medieval_Ravna_Kuline_(Central_Euro_Slavic_Profile)_(n=1),Serbia_Early_Medieval_Ravna_Kuline
Serbia_Early_Medieval_Ravna_Kuline_(Mixed_Western_Euro_Profile)_(n=1),Serbia_Early_Medieval_Ravna_Kuline
Serbia_Early_Medieval_Ravna_Kuline_(South_Slavic_Profile)_(n=4),Serbia_Early_Medieval_Ravna_Kuline
Serbia_Early_Modern_Sirmium_(Slavic_Profile)_(n=3),Serbia_Early_Modern_Sirmium
Serbia_EBA_Iron_Gates_(n=1),Serbia_EBA_Iron_Gates
Serbia_EBA_Maros_Mokrin_(n=24),Serbia_EBA_Maros_Mokrin
Serbia_EBA_Maros_Mokrin_o_(n=6),Serbia_EBA_Maros_Mokrin
Serbia_EBA_Maros_Ostojicevo_(n=6),Serbia_EBA_Maros_Ostojicevo
Serbia_EBA_Yamnaya_(n=2),Serbia_EBA_Yamnaya
Serbia_EN_Iron_Gates_(n=2),Serbia_EN_Iron_Gates
Serbia_EN_Iron_Gates_o1_(n=1),Serbia_EN_Iron_Gates
Serbia_EN_Iron_Gates_o2_(n=2),Serbia_EN_Iron_Gates
Serbia_EN_Iron_Gates_o3_(n=2),Serbia_EN_Iron_Gates
Serbia_EN_Starcevo_(n=6),Serbia_EN_Starcevo
Serbia_EN_Starcevo_o_(n=1),Serbia_EN_Starcevo
Serbia_EN_Starcevo-Cris_(n=1),Serbia_EN_Starcevo-Cris
Serbia_High_Medieval_Sirmium_(Central_Euro_Profile)_(n=1),Serbia_High_Medieval_Sirmium
Serbia_High_Medieval_Viminacium_Rudine_(South_Slavic_Profile)_(low_res)_(n=1),Serbia_High_Medieval_Viminacium_Rudine
Serbia_High_Medieval_Viminacium_Svetinja_(South_Slavic_Profile)_(n=2),Serbia_High_Medieval_Viminacium_Svetinja
Serbia_Late_Antiquity_(Roman_Empire-Byzantine)_Beska_(Carpathian_Basin_Profile)_(n=1),Serbia_Late_Antiquity_(Roman_Empire-Byzantine)_Beska
Serbia_Late_Antiquity_(Roman_Empire-Byzantine)_Beska_(Sarmatian-Mixed_Profile)_(n=1),Serbia_Late_Antiquity_(Roman_Empire-Byzantine)_Beska
Serbia_Late_Antiquity_(Roman_Empire-Byzantine)_Mediana_(Central_Euro_Profile)_(n=1),Serbia_Late_Antiquity_(Roman_Empire-Byzantine)_Mediana
Serbia_Late_Antiquity_(Roman_Empire-Byzantine)_Naissus_(Hither-BA-IA-Southern_Balkan_Profile)_(n=1),Serbia_Late_Antiquity_(Roman_Empire-Byzantine)_Naissus
Serbia_Late_Antiquity_(Roman_Empire-Byzantine)_Ravna_Slog_(BA-IA_Southern_Balkan_Profile)_(n=1),Serbia_Late_Antiquity_(Roman_Empire-Byzantine)_Ravna_Slog
Serbia_Late_Antiquity_(Roman_Empire-Byzantine)_Ravna_Slog_(Central_Med_Profile)_(n=1),Serbia_Late_Antiquity_(Roman_Empire-Byzantine)_Ravna_Slog
Serbia_Late_Antiquity_(Roman_Empire-Byzantine)_Ravna_Slog_(East_Med_Profile)_(n=1),Serbia_Late_Antiquity_(Roman_Empire-Byzantine)_Ravna_Slog
Serbia_Late_Antiquity_(Roman_Empire-Byzantine)_Ravna_Slog_(Levantine_Profile)_(n=1),Serbia_Late_Antiquity_(Roman_Empire-Byzantine)_Ravna_Slog
Serbia_Late_Antiquity_(Roman_Empire-Byzantine)_Ravna_Slog_(North_Adriatic_Profile)_(n=1),Serbia_Late_Antiquity_(Roman_Empire-Byzantine)_Ravna_Slog
Serbia_Late_Antiquity_(Roman_Empire-Byzantine)_Ravna_Slog_(Paleo-Balkan_Profile)_(n=3),Serbia_Late_Antiquity_(Roman_Empire-Byzantine)_Ravna_Slog
Serbia_Late_Antiquity_(Roman_Empire-Byzantine)_Viminacium_Pecine_(East_Med-Anatolian_Profile)_(n=1),Serbia_Late_Antiquity_(Roman_Empire-Byzantine)_Viminacium_Pecine
Serbia_Late_Antiquity_(Roman_Empire-Byzantine)_Viminacium_Pecine_(Sarmatian-Mixed_Profile)_(n=3),Serbia_Late_Antiquity_(Roman_Empire-Byzantine)_Viminacium_Pecine
Serbia_Late_Antiquity_(Roman_Empire-Byzantine)_Viminacium_Pirivoj_(Hither-BA-IA_Southern_Balkan_Profile)_(n=1),Serbia_Late_Antiquity_(Roman_Empire-Byzantine)_Viminacium_Pirivoj
Serbia_Late_Antiquity_(Roman_Empire-Byzantine)_Viminacium_Pirivoj_(Paleo-Balkan_Profile)_(n=1),Serbia_Late_Antiquity_(Roman_Empire-Byzantine)_Viminacium_Pirivoj
Serbia_Late_Antiquity_Sirmium_(Central_Med_Profile)_(contaminated)_(n=1),Serbia_Late_Antiquity_Sirmium
Serbia_Late_Antiquity_Svilos-Krusevlje_(Paleo-Balkan_Profile)_(n=2),Serbia_Late_Antiquity_Svilos-Krusevlje
Serbia_Late_Antiquity-Early_Medieval_(Roman_Empire-Byzantine)_Ravna_Slog_(Sarmatian-Mixed_Profile)_(n=1),Serbia_Late_Antiquity-Early_Medieval_(Roman_Empire-Byzantine)_Ravna_Slog
Serbia_Late_Antiquity-Early_Medieval_Hun-Avar_Kormadin_(Hither-BA-IA_Southern_Balkan_Profile)_(n=1),Serbia_Late_Antiquity-Early_Medieval_Hun-Avar_Kormadin
Serbia_Late_Antiquity-Early_Medieval_Hun-Avar_Kormadin_(Sarmatian-Mixed_Profile)_(n=1),Serbia_Late_Antiquity-Early_Medieval_Hun-Avar_Kormadin
Serbia_Late_Antiquity-Early_Medieval_Ostrogoth-Gepid_Kormadin_(North_Adriatic_Profile)_(n=1),Serbia_Late_Antiquity-Early_Medieval_Ostrogoth-Gepid_Kormadin
Serbia_Late_Antiquity-Early_Medieval_Ostrogoth-Gepid_Kormadin_(Northern_Euro_Profile)_(n=1),Serbia_Late_Antiquity-Early_Medieval_Ostrogoth-Gepid_Kormadin
Serbia_Late_Medieval-Early_Modern_Lepenski_Vir_(South_Slavic_Profile)_(n=1),Serbia_Late_Medieval-Early_Modern_Lepenski_Vir
Serbia_Mesolithic_Iron_Gates_(n=42),Serbia_Mesolithic_Iron_Gates
Serbia_Mesolithic_Iron_Gates_(low_res)_(n=1),Serbia_Mesolithic_Iron_Gates
Serbia_Mesolithic_Iron_Gates_o_(n=1),Serbia_Mesolithic_Iron_Gates
Serbia_N_(n=4),Serbia_N
Serbia_Roman_Empire_Naissus_(East_Med-Anatolian_Profile)_(n=1),Serbia_Roman_Empire_Naissus
Serbia_Roman_Empire_Viminacium_Kod_Koraba_(Baltic_Profile)_(n=1),Serbia_Roman_Empire_Viminacium_Kod_Koraba
Serbia_Roman_Empire_Viminacium_Pecine_(East_Med_Profile)_(n=1),Serbia_Roman_Empire_Viminacium_Pecine
Serbia_Roman_Empire_Viminacium_Pecine_(East_Med-Anatolian_Profile)_(n=1),Serbia_Roman_Empire_Viminacium_Pecine
Serbia_Roman_Empire_Viminacium_Pecine_(Northwest_Euro_Profile)_(n=1),Serbia_Roman_Empire_Viminacium_Pecine
Serbia_Roman_Empire_Viminacium_Pirivoj_(Anatolian_BA_Profile)_(n=1),Serbia_Roman_Empire_Viminacium_Pirivoj
Serbia_Roman_Empire_Viminacium_Pirivoj_(BA-IA_Southern_Balkan_Profile)_(n=1),Serbia_Roman_Empire_Viminacium_Pirivoj
Serbia_Roman_Empire_Viminacium_Pirivoj_(Balto-Slavic_Profile)_(n=1),Serbia_Roman_Empire_Viminacium_Pirivoj
Serbia_Roman_Empire_Viminacium_Pirivoj_(Central_Euro_Slavic_Profile)_(n=1),Serbia_Roman_Empire_Viminacium_Pirivoj
Serbia_Roman_Empire_Viminacium_Pirivoj_(East_Med_Profile)_(n=1),Serbia_Roman_Empire_Viminacium_Pirivoj
Serbia_Roman_Empire_Viminacium_Pirivoj_(Levantine_Profile)_(n=1),Serbia_Roman_Empire_Viminacium_Pirivoj
Serbia_Roman_Empire_Viminacium_Pirivoj_(Northwest_Euro_Profile)_(n=1),Serbia_Roman_Empire_Viminacium_Pirivoj
Serbia_Roman_Empire_Viminacium_Pirivoj_(Sarmatian-Mixed_Profile)_(n=1),Serbia_Roman_Empire_Viminacium_Pirivoj
Serbia_Roman_Empire_Viminacium_Vise_Grobalja_(Balto-Slavic_Profile)_(n=1),Serbia_Roman_Empire_Viminacium_Vise_Grobalja
Serbia_Roman_Empire_Viminacium_Vise_Grobalja_(East_Med-Anatolian_Profile)_(n=1),Serbia_Roman_Empire_Viminacium_Vise_Grobalja
Serbia_Roman_Empire_Viminacium_Vise_Grobalja_(North_Adriatic_Profile)_(n=1),Serbia_Roman_Empire_Viminacium_Vise_Grobalja
Serbia_Roman_Empire-Late_Antiquity_Viminacium_Pecine_(North_African_Profile)_(low_res)_(n=1),Serbia_Roman_Empire-Late_Antiquity_Viminacium_Pecine
Serbia_Roman_Empire-Late_Antiquity_Viminacium_Pirivoj_(Alpine_Profile)_(n=1),Serbia_Roman_Empire-Late_Antiquity_Viminacium_Pirivoj
Serbia_Roman_Empire-Late_Antiquity_Viminacium_Pirivoj_(BA-IA_Southern_Balkan_Profile)_(n=2),Serbia_Roman_Empire-Late_Antiquity_Viminacium_Pirivoj
Serbia_Roman_Empire-Late_Antiquity_Viminacium_Pirivoj_(Central_Anatolian_Greek_Profile)_(n=1),Serbia_Roman_Empire-Late_Antiquity_Viminacium_Pirivoj
Serbia_Roman_Empire-Late_Antiquity_Viminacium_Pirivoj_(East_Med_Profile)_(n=1),Serbia_Roman_Empire-Late_Antiquity_Viminacium_Pirivoj
Serbia_Roman_Empire-Late_Antiquity_Viminacium_Pirivoj_(Paleo-Balkan_Profile)_(n=1),Serbia_Roman_Empire-Late_Antiquity_Viminacium_Pirivoj
Serbia_Roman_Empire-Late_Antiquity_Viminacium_Rit_(Anatolian_BA_Profile)_(n=1),Serbia_Roman_Empire-Late_Antiquity_Viminacium_Rit
Serbia_Roman_Empire-Late_Antiquity_Viminacium_Rit_(BA-IA_Southern_Balkan_Profile)_(n=1),Serbia_Roman_Empire-Late_Antiquity_Viminacium_Rit
Serbia_Roman_Empire-Late_Antiquity_Viminacium_Rit_(Central_Med_Profile)_(n=1),Serbia_Roman_Empire-Late_Antiquity_Viminacium_Rit
Serbia_Roman_Empire-Late_Antiquity_Viminacium_Rit_(East_Med-Anatolian_Profile)_(n=2),Serbia_Roman_Empire-Late_Antiquity_Viminacium_Rit
Serbia_Roman_Empire-Late_Antiquity_Viminacium_Vise_Grobalja_(BA-IA_Southern_Balkan_Profile)_(n=1),Serbia_Roman_Empire-Late_Antiquity_Viminacium_Vise_Grobalja
Serbia_Roman_Empire-Late_Antiquity_Viminacium_Vise_Grobalja_(Central_Anatolian_Greek_Profile)_(n=2),Serbia_Roman_Empire-Late_Antiquity_Viminacium_Vise_Grobalja
Serbia_Roman_Empire-Late_Antiquity_Viminacium_Vise_Grobalja_(Central_Euro_Profile)_(n=1),Serbia_Roman_Empire-Late_Antiquity_Viminacium_Vise_Grobalja
Serbia_Roman_Empire-Late_Antiquity_Viminacium_Vise_Grobalja_(Central_Euro_Slavic_Profile)_(n=1),Serbia_Roman_Empire-Late_Antiquity_Viminacium_Vise_Grobalja
Serbia_Roman_Empire-Late_Antiquity_Viminacium_Vise_Grobalja_(East_Med-Anatolian_Profile)_(n=1),Serbia_Roman_Empire-Late_Antiquity_Viminacium_Vise_Grobalja
Sicily_Bell_Beaker_(No_Steppe_Profile)_(n=1),Sicily_Bell_Beaker
Sicily_Classical_Battle_of_Himera_409_BCE_Greek_Forces_(Classical_Greek_Profile)_(n=1),Sicily_Classical_Battle_of_Himera_409_BCE_Greek_Forces
Sicily_Classical_Battle_of_Himera_409_BCE_Greek_Forces_(Classical_Greek+Sicani_Profile)_(n=1),Sicily_Classical_Battle_of_Himera_409_BCE_Greek_Forces
Sicily_Classical_Battle_of_Himera_409_BCE_Greek_Forces_(Classical_Northern_Greek_or_Classical_Greek+Italic_Profile)_(n=2),Sicily_Classical_Battle_of_Himera_409_BCE_Greek_Forces
Sicily_Classical_Battle_of_Himera_480_BCE_Greek_Forces_(Classical_Greek_Profile)_(n=7),Sicily_Classical_Battle_of_Himera_480_BCE_Greek_Forces
Sicily_Classical_Battle_of_Himera_480_BCE_Greek_Forces_o1_(Northern_Balkan_Profile)_(n=2),Sicily_Classical_Battle_of_Himera_480_BCE_Greek_Forces
Sicily_Classical_Battle_of_Himera_480_BCE_Greek_Forces_o2_(Balto-Slavic_Profile)_(n=2),Sicily_Classical_Battle_of_Himera_480_BCE_Greek_Forces
Sicily_Classical_Battle_of_Himera_480_BCE_Greek_Forces_o3_(Steppe_Iranic_Profile)_(n=2),Sicily_Classical_Battle_of_Himera_480_BCE_Greek_Forces
Sicily_Classical_Battle_of_Himera_480_BCE_Greek_Forces_o4_(Caucasian_Profile)_(n=1),Sicily_Classical_Battle_of_Himera_480_BCE_Greek_Forces
Sicily_EBA_(n=6),Sicily_EBA
Sicily_EBA_(High_Steppe_Profile)_(n=1),Sicily_EBA
Sicily_EBA_(low_res)_(n=1),Sicily_EBA
Sicily_EBA_(Moderate_Steppe_Profile)_(n=1),Sicily_EBA
Sicily_EN_(n=6),Sicily_EN
Sicily_High_Medieval_Segesta_Christian_(Central_Med_Profile)_(n=2),Sicily_High_Medieval_Segesta_Christian
Sicily_High_Medieval_Segesta_Christian_(East_Med_Profile)_(n=2),Sicily_High_Medieval_Segesta_Christian
Sicily_High_Medieval_Segesta_Christian_(North_African-Mixed_Profile)_(n=1),Sicily_High_Medieval_Segesta_Christian
Sicily_High_Medieval_Segesta_Christian_(West_Med-Shifted_Profile)_(n=3),Sicily_High_Medieval_Segesta_Christian
Sicily_High_Medieval_Segesta_Muslim_(Chari_River_Profile)_(n=1),Sicily_High_Medieval_Segesta_Muslim
Sicily_High_Medieval_Segesta_Muslim_(North_African-Mixed_Profile)_(n=5),Sicily_High_Medieval_Segesta_Muslim
Sicily_IA_Sicani_(n=19),Sicily_IA_Sicani
Sicily_IA-Classical_Himera_(Anatolian_BA_Profile)_(n=1),Sicily_IA-Classical_Himera
Sicily_IA-Classical_Himera_(East_Med_Profile)_(n=2),Sicily_IA-Classical_Himera
Sicily_IA-Classical_Himera_(Sicani_Profile)_(n=1),Sicily_IA-Classical_Himera
Sicily_IA-Classical_Himera_(Sicani_Profile)_(low_res)_(n=1),Sicily_IA-Classical_Himera
Sicily_IA-Classical_Sicani_(n=2),Sicily_IA-Classical_Sicani
Sicily_LBA_(n=4),Sicily_LBA
Sicily_MBA_(n=2),Sicily_MBA
Sicily_Mesolithic_Early_(n=2),Sicily_Mesolithic_Early
Sicily_Mesolithic_Late_(n=9),Sicily_Mesolithic_Late
Sicily_MN_(n=4),Sicily_MN
Sicily_UP_Epigravettian_San_Teodoro_(n=2),Sicily_UP_Epigravettian_San_Teodoro
Siirt_EBA_Basur_Hoyuk_(n=2),Siirt_EBA_Basur_Hoyuk
Slovakia_Early_Medieval_Early_Slav_Blatne_(Balto-Slavic_Profile)_(n=1),Slovakia_Early_Medieval_Early_Slav_Blatne
Slovakia_Early_Medieval_Early_Slav_Mlynska_Dolina_(Central_Euro_Slavic_Profile)_(n=1),Slovakia_Early_Medieval_Early_Slav_Mlynska_Dolina
Slovakia_Early_Medieval_Early_Slav_Vycapy-Opatovce_(Balto-Slavic_Profile)_(n=1),Slovakia_Early_Medieval_Early_Slav_Vycapy-Opatovce
Slovakia_EBA_(n=1),Slovakia_EBA
Slovakia_EBA_East_Slovakian_Tumulus_Lesne_(n=2),Slovakia_EBA_East_Slovakian_Tumulus_Lesne
Slovakia_EIA_Vekerzug_(Hither-Balto-Slavic_Profile)_(n=5),Slovakia_EIA_Vekerzug
Slovakia_EIA_Vekerzug_(Intermediate_Profile)_(n=2),Slovakia_EIA_Vekerzug
Slovakia_EIA_Vekerzug_(Northwest_Euro_Profile)_(n=1),Slovakia_EIA_Vekerzug
Slovakia_EIA_Vekerzug_(South_Euro_Profile)_(n=5),Slovakia_EIA_Vekerzug
Slovakia_EIA_Vekerzug_(South_Euro_Profile)_o_(n=2),Slovakia_EIA_Vekerzug
Slovakia_Late_Antiquity_Poprad_(Northern_Euro_Profile)_(n=1),Slovakia_Late_Antiquity_Poprad
Slovakia_Late_Antiquity_Tes_Mlynany_(Central_Euro_Profile)_(n=1),Slovakia_Late_Antiquity_Tes_Mlynany
Slovakia_Late_Antiquity-Early_Medieval_Tes_Mlynany_(North_Adriatic_Profile)_(n=1),Slovakia_Late_Antiquity-Early_Medieval_Tes_Mlynany
Slovakia_Late_Antiquity-Early_Medieval_Tes_Mlynany_(Northern_Euro_Profile)_(n=1),Slovakia_Late_Antiquity-Early_Medieval_Tes_Mlynany
Slovakia_LIA_La_Tene_(n=4),Slovakia_LIA_La_Tene
Slovakia_LIA_La_Tene_o_(n=1),Slovakia_LIA_La_Tene
Slovakia_LIA_Puchov_Bytca-Hrabove_(Intermediate_Profile)_(n=2),Slovakia_LIA_Puchov_Bytca-Hrabove
Slovakia_LIA_Puchov_Mikusovce_(Intermediate_Profile)_(n=1),Slovakia_LIA_Puchov_Mikusovce
Slovakia_LIA_Zohor_(Northern_Euro_Profile)_(n=1),Slovakia_LIA_Zohor
Slovakia_LIA-Early_Medieval_Tes_Mlynany_(East_Asian-Mixed_Profile)_(n=1),Slovakia_LIA-Early_Medieval_Tes_Mlynany
Slovakia_LIA-Early_Medieval_Tes_Mlynany_(Intermediate_Profile)_(n=1),Slovakia_LIA-Early_Medieval_Tes_Mlynany
Slovakia_LIA-Early_Medieval_Tes_Mlynany_(North_Adriatic_Profile)_(n=1),Slovakia_LIA-Early_Medieval_Tes_Mlynany
Slovakia_MLN_LBK_(n=10),Slovakia_MLN_LBK
Slovakia_MN_LBK_(n=40),Slovakia_MN_LBK
Slovenia_EIA_Hallstatt_(n=16),Slovenia_EIA_Hallstatt
Slovenia_EIA_Hallstatt_o_(n=2),Slovenia_EIA_Hallstatt
Slovenia_Late_Antiquity_Emona_(Alpine_Profile)_(n=1),Slovenia_Late_Antiquity_Emona
Slovenia_Late_Antiquity_Emona_(Central_Med_Profile)_(n=2),Slovenia_Late_Antiquity_Emona
Slovenia_Late_Antiquity_Emona_(Central-East_Med_Profile)_(n=1),Slovenia_Late_Antiquity_Emona
Slovenia_Late_Antiquity_Emona_(East_Med_Profile)_(n=1),Slovenia_Late_Antiquity_Emona
Slovenia_Late_Antiquity_Emona_(North_Adriatic_Profile)_(n=1),Slovenia_Late_Antiquity_Emona
Slovenia_Late_Antiquity_Emona_(Northern_Euro_Profile)_(n=1),Slovenia_Late_Antiquity_Emona
Slovenia_LBA_Urnfield_(n=1),Slovenia_LBA_Urnfield
Slovenia_LBA-EIA_Urnfield/Hallstatt_(n=1),Slovenia_LBA-EIA_Urnfield/Hallstatt
Slovenia_MBA-LBA_Tumulus/Urnfield_(n=1),Slovenia_MBA-LBA_Tumulus/Urnfield
Slovenia_MIA_(n=1),Slovenia_MIA
Socotra_Early_Medieval_(n=5),Socotra_Early_Medieval
Socotra_Early_Medieval_o_(Arabian-Mixed_Profile)_(n=1),Socotra_Early_Medieval
Socotra_Early-High_Medieval_(n=16),Socotra_Early-High_Medieval
Socotra_Early-Late_Modern_(n=1),Socotra_Early-Late_Modern
Socotra_High_Medieval_(n=4),Socotra_High_Medieval
Solomon_Islands_500BP_(n=1),Solomon_Islands_500BP
Sotho_South_Africa_(low_res)_(n=3),Sotho_South_Africa
South_Africa_Ballito_Bay_A_2000BP_(n=1),South_Africa_Ballito_Bay_A_2000BP
South_Africa_Ballito_Bay_B_2000BP_(n=1),South_Africa_Ballito_Bay_B_2000BP
South_Africa_Champagne_Castle_400BP_(n=1),South_Africa_Champagne_Castle_400BP
South_Africa_Eland_Cave_400BP_(n=1),South_Africa_Eland_Cave_400BP
South_Africa_Faraoskop_2000BP_(n=1),South_Africa_Faraoskop_2000BP
South_Africa_Kasteelberg_1300BP_(n=1),South_Africa_Kasteelberg_1300BP
South_Africa_Mfongosi_400BP_(n=1),South_Africa_Mfongosi_400BP
South_Africa_Newcastle_400BP_(n=1),South_Africa_Newcastle_400BP
South_Africa_Oakhurst_1300BP_(n=1),South_Africa_Oakhurst_1300BP
South_Africa_Oakhurst_4600BP_(n=1),South_Africa_Oakhurst_4600BP
South_Africa_Oakhurst_5700BP_(n=2),South_Africa_Oakhurst_5700BP
South_Africa_Oakhurst_6200BP_(n=1),South_Africa_Oakhurst_6200BP
South_Africa_Oakhurst_6400BP_(n=1),South_Africa_Oakhurst_6400BP
South_Africa_St._Helena_2000BP_(n=1),South_Africa_St._Helena_2000BP
South_Africa_Vaalkrans_200BP_(n=1),South_Africa_Vaalkrans_200BP
Stavropol_EBA_Maykop_Early_(n=5),Stavropol_EBA_Maykop_Early
Stavropol_EBA_Maykop_Late_(n=4),Stavropol_EBA_Maykop_Late
Stavropol_EBA_Steppe_Maykop_(n=5),Stavropol_EBA_Steppe_Maykop
Stavropol_EBA_Steppe_Maykop_o1_(n=4),Stavropol_EBA_Steppe_Maykop
Stavropol_EBA_Steppe_Maykop_o2_(n=1),Stavropol_EBA_Steppe_Maykop
Stavropol_EBA_Yamnaya_(n=7),Stavropol_EBA_Yamnaya
Stavropol_EBA_Yamnaya/Novotitarovskaya_(n=1),Stavropol_EBA_Yamnaya/Novotitarovskaya
Stavropol_EMBA_Kubano-Tersk_(n=6),Stavropol_EMBA_Kubano-Tersk
Stavropol_EMBA_Yamnaya/Catacomb_(n=2),Stavropol_EMBA_Yamnaya/Catacomb
Stavropol_Eneolithic_Khutor_Belyy_(Eneolithic_Piedmont_Steppe)_(n=1),Stavropol_Eneolithic_Khutor_Belyy_(Eneolithic_Piedmont_Steppe)
Stavropol_Eneolithic_Konstantinovskiy_(Eneolithic_Piedmont_Steppe)_(n=1),Stavropol_Eneolithic_Konstantinovskiy_(Eneolithic_Piedmont_Steppe)
Stavropol_Eneolithic_Konstantinovskiy_(Late_Eneolithic_Piedmont_Steppe)_(n=1),Stavropol_Eneolithic_Konstantinovskiy_(Late_Eneolithic_Piedmont_Steppe)
Stavropol_Eneolithic_Nevinnomyskiy_(Late_Eneolithic_Piedmont_Steppe)_(n=1),Stavropol_Eneolithic_Nevinnomyskiy_(Late_Eneolithic_Piedmont_Steppe)
Stavropol_Eneolithic_Progress_(Eneolithic_Piedmont_Steppe)_(n=2),Stavropol_Eneolithic_Progress_(Eneolithic_Piedmont_Steppe)
Stavropol_Eneolithic_Sharakhalsun_(n=1),Stavropol_Eneolithic_Sharakhalsun
Stavropol_Eneolithic_Vonyuchka_(Eneolithic_Piedmont_Steppe)_(n=1),Stavropol_Eneolithic_Vonyuchka_(Eneolithic_Piedmont_Steppe)
Stavropol_Eneolithic_Zolotarevka_(n=2),Stavropol_Eneolithic_Zolotarevka
Stavropol_IA_Marinskaya_(n=1),Stavropol_IA_Marinskaya
Stavropol_LBA-EIA_Koban_Essentukskiy_(n=2),Stavropol_LBA-EIA_Koban_Essentukskiy
Stavropol_LBA-EIA_Koban_Klin-Yar_3_(n=1),Stavropol_LBA-EIA_Koban_Klin-Yar_3
Stavropol_MBA_Catacomb_(n=6),Stavropol_MBA_Catacomb
Stavropol_MBA_Kubano-Tersk_Late_(n=2),Stavropol_MBA_Kubano-Tersk_Late
Stavropol_MBA_Lola_(n=7),Stavropol_MBA_Lola
Stavropol_MBA_Lola_o1_(n=1),Stavropol_MBA_Lola
Stavropol_MBA_Lola_o2_(n=1),Stavropol_MBA_Lola
Stavropol_MBA_North_Caucasian_Culture_(n=11),Stavropol_MBA_North_Caucasian_Culture
Sweden_BA_(Ollsjo_Megalithic_Site_Secondary_Burial)_(n=3),Sweden_BA_(Ollsjo_Megalithic_Site_Secondary_Burial)
Sweden_BA_Nordic_Bronze_Age_Abekas_(n=1),Sweden_BA_Nordic_Bronze_Age_Abekas
Sweden_BA_Nordic_Bronze_Age_Falbygden_(n=1),Sweden_BA_Nordic_Bronze_Age_Falbygden
Sweden_CA_Battle_Axe_(n=5),Sweden_CA_Battle_Axe
Sweden_CA_Battle_Axe_o_(n=1),Sweden_CA_Battle_Axe
Sweden_CA_Battle_Axe-Dagger_Period_(n=2),Sweden_CA_Battle_Axe-Dagger_Period
Sweden_CA_Dagger_Period_(n=11),Sweden_CA_Dagger_Period
Sweden_CA_Dagger_Period_(low_res)_(n=6),Sweden_CA_Dagger_Period
Sweden_Early_Medieval_Viking_Age_Bjorko_(Mixed_Norse-Insular_Celtic_Profile)_(n=1),Sweden_Early_Medieval_Viking_Age_Bjorko
Sweden_Early_Medieval_Viking_Age_Gotland_(Baltic_BA_Profile)_(n=1),Sweden_Early_Medieval_Viking_Age_Gotland
Sweden_Early_Medieval_Viking_Age_Gotland_(Baltic_BA_Profile)_(low_res)_(n=2),Sweden_Early_Medieval_Viking_Age_Gotland
Sweden_Early_Medieval_Viking_Age_Gotland_(Baltic_Profile)_(n=3),Sweden_Early_Medieval_Viking_Age_Gotland
Sweden_Early_Medieval_Viking_Age_Gotland_(Baltic_Profile)_(low_res)_(n=3),Sweden_Early_Medieval_Viking_Age_Gotland
Sweden_Early_Medieval_Viking_Age_Gotland_(Balto-Slavic_Profile)_(n=1),Sweden_Early_Medieval_Viking_Age_Gotland
Sweden_Early_Medieval_Viking_Age_Gotland_(Balto-Slavic_Profile)_(low_res)_(n=7),Sweden_Early_Medieval_Viking_Age_Gotland
Sweden_Early_Medieval_Viking_Age_Gotland_(Central_Euro_Slavic_Profile)_(n=2),Sweden_Early_Medieval_Viking_Age_Gotland
Sweden_Early_Medieval_Viking_Age_Gotland_(Central_Euro_Slavic_Profile)_(low_res)_(n=1),Sweden_Early_Medieval_Viking_Age_Gotland
Sweden_Early_Medieval_Viking_Age_Gotland_(Continental_Northern_Euro_Profile)_(n=5),Sweden_Early_Medieval_Viking_Age_Gotland
Sweden_Early_Medieval_Viking_Age_Gotland_(Continental_Northern_Euro_Profile)_(low_res)_(n=2),Sweden_Early_Medieval_Viking_Age_Gotland
Sweden_Early_Medieval_Viking_Age_Gotland_(Finnic_Profile)_(n=1),Sweden_Early_Medieval_Viking_Age_Gotland
Sweden_Early_Medieval_Viking_Age_Gotland_(Insular_Celtic_Profile)_(n=1),Sweden_Early_Medieval_Viking_Age_Gotland
Sweden_Early_Medieval_Viking_Age_Gotland_(Mixed_Balto-Slavic-Finnic_Profile)_(low_res)_(n=4),Sweden_Early_Medieval_Viking_Age_Gotland
Sweden_Early_Medieval_Viking_Age_Gotland_(Mixed_Norse-Balto-Slavic_Profile)_(n=4),Sweden_Early_Medieval_Viking_Age_Gotland
Sweden_Early_Medieval_Viking_Age_Gotland_(Mixed_Norse-Balto-Slavic_Profile)_(low_res)_(n=1),Sweden_Early_Medieval_Viking_Age_Gotland
Sweden_Early_Medieval_Viking_Age_Gotland_(Mixed_Norse-Insular_Celtic_Profile)_(n=1),Sweden_Early_Medieval_Viking_Age_Gotland
Sweden_Early_Medieval_Viking_Age_Gotland_(Mixed_Norse-Insular_Celtic_Profile)_(low_res)_(n=2),Sweden_Early_Medieval_Viking_Age_Gotland
Sweden_Early_Medieval_Viking_Age_Gotland_(Mixed_Western_Euro_Profile)_(low_res)_(n=5),Sweden_Early_Medieval_Viking_Age_Gotland
Sweden_Early_Medieval_Viking_Age_Gotland_(Norse_Profile)_(n=1),Sweden_Early_Medieval_Viking_Age_Gotland
Sweden_Early_Medieval_Viking_Age_Gotland_(South_Slavic_Profile)_(low_res)_(n=1),Sweden_Early_Medieval_Viking_Age_Gotland
Sweden_Early_Medieval_Viking_Age_Oland_(Continental_Northern_Euro_Profile)_(n=2),Sweden_Early_Medieval_Viking_Age_Oland
Sweden_Early_Medieval_Viking_Age_Oland_(Insular_Celtic_Profile)_(n=1),Sweden_Early_Medieval_Viking_Age_Oland
Sweden_Early_Medieval_Viking_Age_Oland_(Mixed_Norse-Balto-Slavic_Profile)_(n=1),Sweden_Early_Medieval_Viking_Age_Oland
Sweden_Early_Medieval_Viking_Age_Oland_(Mixed_Norse-Balto-Slavic_Profile)_(low_res)_(n=1),Sweden_Early_Medieval_Viking_Age_Oland
Sweden_Early_Medieval_Viking_Age_Oland_(Mixed_Western_Euro_Profile)_(n=5),Sweden_Early_Medieval_Viking_Age_Oland
Sweden_Early_Medieval_Viking_Age_Oland_(Mixed_Western_Euro_Profile)_(low_res)_(n=1),Sweden_Early_Medieval_Viking_Age_Oland
Sweden_Early_Medieval_Viking_Age_Oland_(Norse_Profile)_(low_res)_(n=1),Sweden_Early_Medieval_Viking_Age_Oland
Sweden_Early_Medieval_Viking_Age_Sala_(Insular_Celtic_Profile)_(n=1),Sweden_Early_Medieval_Viking_Age_Sala
Sweden_Early_Medieval_Viking_Age_Sigtuna_(Mixed_Norse-Balto-Slavic_Profile)_(n=1),Sweden_Early_Medieval_Viking_Age_Sigtuna
Sweden_Early_Medieval_Viking_Age_Sigtuna_(Mixed_Norse-Finnic_Profile)_(n=1),Sweden_Early_Medieval_Viking_Age_Sigtuna
Sweden_Early_Medieval_Viking_Age_Sigtuna_(Norse_Profile)_(low_res)_(n=1),Sweden_Early_Medieval_Viking_Age_Sigtuna
Sweden_Early_Medieval_Viking_Age_Uppsala_(Mixed_Norse-Balto-Slavic_Profile)_(n=2),Sweden_Early_Medieval_Viking_Age_Uppsala
Sweden_Early_Medieval_Viking_Age_Uppsala_(Mixed_Norse-Balto-Slavic-Finnic_Profile)_(low_res)_(n=1),Sweden_Early_Medieval_Viking_Age_Uppsala
Sweden_Early_Medieval_Viking_Age_Uppsala_(Mixed_Norse-Finnic_Profile)_(n=2),Sweden_Early_Medieval_Viking_Age_Uppsala
Sweden_Early_Modern_Kalmar_(Finnic_Profile)_(low_res)_(n=1),Sweden_Early_Modern_Kalmar
Sweden_Early_Modern_Kalmar_(Mixed_Finnic-Slavic_Profile)_(n=1),Sweden_Early_Modern_Kalmar
Sweden_Early_Modern_Kalmar_(Mixed_Nordic-Balto-Slavic_Profile)_(n=1),Sweden_Early_Modern_Kalmar
Sweden_Early_Modern_Kalmar_(Nordic_Profile)_(n=2),Sweden_Early_Modern_Kalmar
Sweden_Early_Modern_Kalmar_(Nordic_Profile)_(low_res)_(n=7),Sweden_Early_Modern_Kalmar
Sweden_Early-High_Medieval_Viking_Age_Jamtland_(Mixed_Norse-Finnic_Profile)_(n=1),Sweden_Early-High_Medieval_Viking_Age_Jamtland
Sweden_Early-High_Medieval_Viking_Age_Karda_(Continental_Euro_Profile)_(low_res)_(n=1),Sweden_Early-High_Medieval_Viking_Age_Karda
Sweden_Early-High_Medieval_Viking_Age_Karda_(Mixed_Northern_Euro_Profile)_(low_res)_(n=2),Sweden_Early-High_Medieval_Viking_Age_Karda
Sweden_Early-High_Medieval_Viking_Age_Karda_(Mixed_Western_Euro_Profile)_(n=1),Sweden_Early-High_Medieval_Viking_Age_Karda
Sweden_Early-High_Medieval_Viking_Age_Karda_(Mixed_Western_Euro_Profile)_(low_res)_(n=1),Sweden_Early-High_Medieval_Viking_Age_Karda
Sweden_Early-High_Medieval_Viking_Age_Malmo_(Mixed_Northern_Euro_Profile)_(low_res)_(n=1),Sweden_Early-High_Medieval_Viking_Age_Malmo
Sweden_Early-High_Medieval_Viking_Age_Malmo_(Norse_Profile)_(n=1),Sweden_Early-High_Medieval_Viking_Age_Malmo
Sweden_Early-High_Medieval_Viking_Age_Oland_(Central_Euro_Profile)_(n=1),Sweden_Early-High_Medieval_Viking_Age_Oland
Sweden_Early-High_Medieval_Viking_Age_Oland_(Continental_Northern_Euro_Profile)_(n=2),Sweden_Early-High_Medieval_Viking_Age_Oland
Sweden_Early-High_Medieval_Viking_Age_Oland_(Mixed_Norse-Balto-Slavic_Profile)_(n=3),Sweden_Early-High_Medieval_Viking_Age_Oland
Sweden_Early-High_Medieval_Viking_Age_Oland_(Mixed_Norse-Balto-Slavic-Finnic_Profile)_(n=1),Sweden_Early-High_Medieval_Viking_Age_Oland
Sweden_Early-High_Medieval_Viking_Age_Oland_(Mixed_Norse-Finnic_Profile)_(n=3),Sweden_Early-High_Medieval_Viking_Age_Oland
Sweden_Early-High_Medieval_Viking_Age_Oland_(Mixed_Norse-Finnic_Profile)_(low_res)_(n=1),Sweden_Early-High_Medieval_Viking_Age_Oland
Sweden_Early-High_Medieval_Viking_Age_Oland_(Mixed_Western_Euro_Profile)_(n=3),Sweden_Early-High_Medieval_Viking_Age_Oland
Sweden_Early-High_Medieval_Viking_Age_Oland_(Norse_Profile)_(n=1),Sweden_Early-High_Medieval_Viking_Age_Oland
Sweden_Early-High_Medieval_Viking_Age_Sigtuna_(Baltic_BA_Profile)_(low_res)_(n=1),Sweden_Early-High_Medieval_Viking_Age_Sigtuna
Sweden_Early-High_Medieval_Viking_Age_Sigtuna_(Central_Euro_Profile)_(low_res)_(n=1),Sweden_Early-High_Medieval_Viking_Age_Sigtuna
Sweden_Early-High_Medieval_Viking_Age_Sigtuna_(Continental_Northern_Euro_Profile)_(low_res)_(n=2),Sweden_Early-High_Medieval_Viking_Age_Sigtuna
Sweden_Early-High_Medieval_Viking_Age_Sigtuna_(Finnic_Profile)_(n=1),Sweden_Early-High_Medieval_Viking_Age_Sigtuna
Sweden_Early-High_Medieval_Viking_Age_Sigtuna_(Finnic_Profile)_(low_res)_(n=1),Sweden_Early-High_Medieval_Viking_Age_Sigtuna
Sweden_Early-High_Medieval_Viking_Age_Sigtuna_(Mixed_Norse-Balto-Slavic_Profile)_(n=2),Sweden_Early-High_Medieval_Viking_Age_Sigtuna
Sweden_Early-High_Medieval_Viking_Age_Sigtuna_(Mixed_Norse-Balto-Slavic-Finnic_Profile)_(n=1),Sweden_Early-High_Medieval_Viking_Age_Sigtuna
Sweden_Early-High_Medieval_Viking_Age_Sigtuna_(Mixed_Norse-Balto-Slavic-Finnic_Profile)_(low_res)_(n=1),Sweden_Early-High_Medieval_Viking_Age_Sigtuna
Sweden_Early-High_Medieval_Viking_Age_Sigtuna_(Mixed_Norse-Finnic_Profile)_(n=1),Sweden_Early-High_Medieval_Viking_Age_Sigtuna
Sweden_Early-High_Medieval_Viking_Age_Sigtuna_(Mixed_Norse-Finnic_Profile)_(low_res)_(n=2),Sweden_Early-High_Medieval_Viking_Age_Sigtuna
Sweden_Early-High_Medieval_Viking_Age_Sigtuna_(Mixed_Northern_Euro_Profile)_(n=1),Sweden_Early-High_Medieval_Viking_Age_Sigtuna
Sweden_Early-High_Medieval_Viking_Age_Sigtuna_(Mixed_Northern_Euro_Profile)_(low_res)_(n=1),Sweden_Early-High_Medieval_Viking_Age_Sigtuna
Sweden_Early-High_Medieval_Viking_Age_Sigtuna_(Norse_Profile)_(n=2),Sweden_Early-High_Medieval_Viking_Age_Sigtuna
Sweden_Early-High_Medieval_Viking_Age_Sigtuna_(Norse_Profile)_(low_res)_(n=1),Sweden_Early-High_Medieval_Viking_Age_Sigtuna
Sweden_Early-High_Medieval_Viking_Age_Skara_(Central_Euro_Slavic_Profile)_(n=2),Sweden_Early-High_Medieval_Viking_Age_Skara
Sweden_Early-High_Medieval_Viking_Age_Skara_(Continental_Northern_Euro_Profile)_(n=2),Sweden_Early-High_Medieval_Viking_Age_Skara
Sweden_Early-High_Medieval_Viking_Age_Skara_(Continental_Northern_Euro_Profile)_(low_res)_(n=1),Sweden_Early-High_Medieval_Viking_Age_Skara
Sweden_Early-High_Medieval_Viking_Age_Skara_(Insular_Celtic_Profile)_(n=1),Sweden_Early-High_Medieval_Viking_Age_Skara
Sweden_Early-High_Medieval_Viking_Age_Skara_(Mixed_Balto-Slavic-Finnic_Profile)_(n=1),Sweden_Early-High_Medieval_Viking_Age_Skara
Sweden_Early-High_Medieval_Viking_Age_Skara_(Mixed_Norse-Balto-Slavic_Profile)_(n=1),Sweden_Early-High_Medieval_Viking_Age_Skara
Sweden_Early-High_Medieval_Viking_Age_Skara_(Mixed_Norse-Finnic_Profile)_(n=2),Sweden_Early-High_Medieval_Viking_Age_Skara
Sweden_Early-High_Medieval_Viking_Age_Skara_(Mixed_Norse-Insular_Celtic_Profile)_(low_res)_(n=1),Sweden_Early-High_Medieval_Viking_Age_Skara
Sweden_Early-High_Medieval_Viking_Age_Skara_(Mixed_Northern_Euro_Profile)_(n=3),Sweden_Early-High_Medieval_Viking_Age_Skara
Sweden_Early-High_Medieval_Viking_Age_Skara_(Mixed_Northern_Euro_Profile)_(low_res)_(n=1),Sweden_Early-High_Medieval_Viking_Age_Skara
Sweden_Early-High_Medieval_Viking_Age_Skara_(Mixed_Western_Euro_Profile)_(n=4),Sweden_Early-High_Medieval_Viking_Age_Skara
Sweden_Early-High_Medieval_Viking_Age_Skara_(Mixed_Western_Euro_Profile)_(low_res)_(n=1),Sweden_Early-High_Medieval_Viking_Age_Skara
Sweden_Early-High_Medieval_Viking_Age_Skara_(Norse_Profile)_(n=10),Sweden_Early-High_Medieval_Viking_Age_Skara
Sweden_Early-High_Medieval_Viking_Age_Stockholm_(Mixed_Norse-Balto-Slavic-Finnic_Profile)_(n=1),Sweden_Early-High_Medieval_Viking_Age_Stockholm
Sweden_Early-High_Medieval_Viking_Age_Stockholm_(Mixed_Norse-Balto-Slavic-Finnic_Profile)_(low_res)_(n=1),Sweden_Early-High_Medieval_Viking_Age_Stockholm
Sweden_Early-High_Medieval_Viking_Age_Stockholm_(Mixed_Western_Euro_Profile)_(low_res)_(n=1),Sweden_Early-High_Medieval_Viking_Age_Stockholm
Sweden_Early-High_Medieval_Viking_Age_Stockholm_(Norse_Profile)_(low_res)_(n=1),Sweden_Early-High_Medieval_Viking_Age_Stockholm
Sweden_Early-High_Medieval_Viking_Age_Uppland_(Mixed_Norse-Balto-Slavic-Finnic_Profile)_(n=1),Sweden_Early-High_Medieval_Viking_Age_Uppland
Sweden_EN_Funnelbeaker_(TRB)_(n=2),Sweden_EN_Funnelbeaker_(TRB)
Sweden_High_Medieval_Viking_Age_Gotland_(Baltic_Profile)_(n=1),Sweden_High_Medieval_Viking_Age_Gotland
Sweden_High_Medieval_Viking_Age_Jamtland_(Mixed_Norse-Finnic_Profile)_(n=2),Sweden_High_Medieval_Viking_Age_Jamtland
Sweden_High_Medieval_Viking_Age_Jamtland_(Mixed_Northern_Euro_Profile)_(n=3),Sweden_High_Medieval_Viking_Age_Jamtland
Sweden_High_Medieval_Viking_Age_Jamtland_(Norse_Profile)_(n=2),Sweden_High_Medieval_Viking_Age_Jamtland
Sweden_High_Medieval_Viking_Age_Sigtuna_(Mixed_Norse-Finnic_Profile)_(n=1),Sweden_High_Medieval_Viking_Age_Sigtuna
Sweden_High_Medieval_Viking_Age_Stockholm_(Mixed_Norse-Balto-Slavic-Finnic_Profile)_(low_res)_(n=1),Sweden_High_Medieval_Viking_Age_Stockholm
Sweden_High_Medieval_Viking_Age_Stockholm_(Mixed_Norse-Finnic_Profile)_(low_res)_(n=1),Sweden_High_Medieval_Viking_Age_Stockholm
Sweden_High_Medieval_Viking_Age_Uppsala_(Mixed_Norse-Finnic_Profile)_(n=2),Sweden_High_Medieval_Viking_Age_Uppsala
Sweden_IA_Gotland_(n=1),Sweden_IA_Gotland
Sweden_IA_Oland_(n=9),Sweden_IA_Oland
Sweden_IA_Oxie_(n=1),Sweden_IA_Oxie
Sweden_IA_Romback_(n=3),Sweden_IA_Romback
Sweden_IA_Stockholm_(n=1),Sweden_IA_Stockholm
Sweden_IA_Stockholm_(low_res)_(n=1),Sweden_IA_Stockholm
Sweden_IA_Uppsala_(n=2),Sweden_IA_Uppsala
Sweden_IA_Uppsala_(low_res)_(n=1),Sweden_IA_Uppsala
Sweden_Late_Mesolithic-EN_Evensas_(n=1),Sweden_Late_Mesolithic-EN_Evensas
Sweden_Mesolithic_Bredgarden_(n=1),Sweden_Mesolithic_Bredgarden
Sweden_Mesolithic_Gotland_(n=3),Sweden_Mesolithic_Gotland
Sweden_Mesolithic_Hanaskede_(n=1),Sweden_Mesolithic_Hanaskede
Sweden_Mesolithic_Huseby_Klev_(n=1),Sweden_Mesolithic_Huseby_Klev
Sweden_Mesolithic_Motala_(n=5),Sweden_Mesolithic_Motala
Sweden_Mesolithic_Skateholm_(low_res)_(n=1),Sweden_Mesolithic_Skateholm
Sweden_MN_A_Funnelbeaker_(TRB)_(n=52),Sweden_MN_A_Funnelbeaker_(TRB)
Sweden_MN_A_Funnelbeaker_(TRB)_(low_res)_(n=19),Sweden_MN_A_Funnelbeaker_(TRB)
Sweden_MN_A_Funnelbeaker_(TRB)_o_(n=1),Sweden_MN_A_Funnelbeaker_(TRB)
Sweden_MN_A_Megalithic_(n=3),Sweden_MN_A_Megalithic
Sweden_MN_A_Megalithic_(low_res)_(n=1),Sweden_MN_A_Megalithic
Sweden_MN_B_Funnelbeaker_(TRB)_(n=1),Sweden_MN_B_Funnelbeaker_(TRB)
Sweden_MN_B_Funnelbeaker_(TRB)_o_(n=1),Sweden_MN_B_Funnelbeaker_(TRB)
Sweden_MN_B_Megalithic_(n=1),Sweden_MN_B_Megalithic
Sweden_Pitted_Ware_Ajvide_(n=3),Sweden_Pitted_Ware_Ajvide
Sweden_Pitted_Ware_Ajvide_(low_res)_(n=1),Sweden_Pitted_Ware_Ajvide
Sweden_Pitted_Ware_Hemmor_(n=3),Sweden_Pitted_Ware_Hemmor
Sweden_Pitted_Ware_Vasterbjers_(n=9),Sweden_Pitted_Ware_Vasterbjers
Switzerland_Bell_Beaker_(n=2),Switzerland_Bell_Beaker
Switzerland_Corded_Ware_(n=11),Switzerland_Corded_Ware
Switzerland_Corded_Ware_o_(n=1),Switzerland_Corded_Ware
Switzerland_Early_Modern_Basel_(n=1),Switzerland_Early_Modern_Basel
Switzerland_EBA_(n=4),Switzerland_EBA
Switzerland_EBA_(EEF_Profile)_(low_res)_(n=1),Switzerland_EBA
Switzerland_FN_(n=4),Switzerland_FN
Switzerland_FN_(Steppe-Mixed_Profile)_(contaminated)_(n=1),Switzerland_FN
Switzerland_Late_Antiquity_Basel-Waisenhaus_(Northern_Euro_Profile)_(n=2),Switzerland_Late_Antiquity_Basel-Waisenhaus
Switzerland_LIA_La_Tene_Cornaux_(n=9),Switzerland_LIA_La_Tene_Cornaux
Switzerland_LIA_La_Tene-Roman_Empire_Cornaux_(n=2),Switzerland_LIA_La_Tene-Roman_Empire_Cornaux
Switzerland_LIA_La_Tene-Roman_Empire_Wartau_(n=1),Switzerland_LIA_La_Tene-Roman_Empire_Wartau
Switzerland_LN_(n=41),Switzerland_LN
Switzerland_LN_(contaminated)_(n=3),Switzerland_LN
Switzerland_LN_(low_res)_(n=3),Switzerland_LN
Switzerland_LN_(Steppe_Profile)_(n=1),Switzerland_LN
Switzerland_MN_(n=2),Switzerland_MN
Syria_Early_Medieval_Islamic_Era_Tell_Qarassa_(n=2),Syria_Early_Medieval_Islamic_Era_Tell_Qarassa
Syria_EMBA_Ebla_(n=11),Syria_EMBA_Ebla
Taiwan_IA_Hanben_(n=14),Taiwan_IA_Hanben
Taiwan_N_Gongguan_(n=1),Taiwan_N_Gongguan
Taiwan_N_Hanben_(n=1),Taiwan_N_Hanben
Taiwan_Pre-IA_Hanben_(n=9),Taiwan_Pre-IA_Hanben
Tajikistan_BA_Dashti-Kozy_(n=3),Tajikistan_BA_Dashti-Kozy
Tajikistan_Eneolithic_Sarazm_(n=2),Tajikistan_Eneolithic_Sarazm
Tajikistan_HP_Kushan_Ksirov_(n=3),Tajikistan_HP_Kushan_Ksirov
Tajikistan_N_Hissar_Tutkaul_(n=1),Tajikistan_N_Hissar_Tutkaul
Tanzania_Early_Modern_Lindi_Swahili_(Bantu_Zone_P_Profile)_(n=1),Tanzania_Early_Modern_Lindi_Swahili
Tanzania_Early_Modern_Songo_Mnara_Swahili_(Southern_Nilotic_Profile)_(n=1),Tanzania_Early_Modern_Songo_Mnara_Swahili
Tanzania_Early_Modern_Songo_Mnara_Swahili_(Swahili-Mixed_Profile)_(n=2),Tanzania_Early_Modern_Songo_Mnara_Swahili
Tanzania_Gishimangeda_1600BP_(n=1),Tanzania_Gishimangeda_1600BP
Tanzania_Kisese_7000BP_(n=1),Tanzania_Kisese_7000BP
Tanzania_Late_Medieval-Early_Modern_Kilwa_Swahili_(Swahili-Mixed_Profile)_(n=1),Tanzania_Late_Medieval-Early_Modern_Kilwa_Swahili
Tanzania_Luxmanda_3000BP_(n=1),Tanzania_Luxmanda_3000BP
Tanzania_Pastoral_N_(n=5),Tanzania_Pastoral_N
Tanzania_Pastoral_N_o_(n=1),Tanzania_Pastoral_N
Tanzania_Pemba_1400BP_(n=1),Tanzania_Pemba_1400BP
Tanzania_Pemba_600BP_(n=1),Tanzania_Pemba_600BP
Tanzania_Zanzibar_1300BP_(n=1),Tanzania_Zanzibar_1300BP
Tanzania_Zanzibar_800CE_(Iberian_Profile)_(intrusive_burial)_(n=1),Tanzania_Zanzibar_800CE_(intrusive_burial)
Thailand_IA_Log_Coffin_(n=31),Thailand_IA_Log_Coffin
Tibet_Early_Modern_Guge_Kingdom_Guge_Ganshidong_(n=1),Tibet_Early_Modern_Guge_Kingdom_Guge_Ganshidong
Tibet_IA_Agangrong_(n=2),Tibet_IA_Agangrong
Tibet_IA_Agangrong_o_(n=1),Tibet_IA_Agangrong
Tibet_IA_Butaxiongqu_(n=1),Tibet_IA_Butaxiongqu
Tibet_IA_Gebusailu_(n=7),Tibet_IA_Gebusailu
Tibet_IA_Jiesang_(n=2),Tibet_IA_Jiesang
Tibet_IA_Laga_(n=1),Tibet_IA_Laga
Tibet_IA_Nudagang_(n=3),Tibet_IA_Nudagang
Tibet_IA_Ounie_(n=3),Tibet_IA_Ounie
Tibet_IA_Piyangjiweng_(n=5),Tibet_IA_Piyangjiweng
Tibet_IA_Piyangjiweng_o_(n=1),Tibet_IA_Piyangjiweng
Tibet_IA_Pre-Tubo/Tubo_Gangre_(n=1),Tibet_IA_Pre-Tubo/Tubo_Gangre
Tibet_IA_Pulanduowa_(n=12),Tibet_IA_Pulanduowa
Tibet_IA_Qulongsazha_(n=13),Tibet_IA_Qulongsazha
Tibet_IA_Sangdalongguo_(n=14),Tibet_IA_Sangdalongguo
Tibet_IA_Sangdalongguo_o_(n=1),Tibet_IA_Sangdalongguo
Tibet_IA_Sding_Chung_(n=1),Tibet_IA_Sding_Chung
Tibet_IA_Yusa_(n=1),Tibet_IA_Yusa
Tibet_IA_Zhangcun_(n=1),Tibet_IA_Zhangcun
Tibet_Late_Modern_Gelintang_(n=1),Tibet_Late_Modern_Gelintang
Tibet_LN_Xiaoenda_(n=2),Tibet_LN_Xiaoenda
Tibet_Medieval_Chaxiutang_(n=1),Tibet_Medieval_Chaxiutang
Tibet_Medieval_Dama_(n=1),Tibet_Medieval_Dama
Tibet_Medieval_Gachong_(n=1),Tibet_Medieval_Gachong
Tibet_Medieval_Kangyu_(n=1),Tibet_Medieval_Kangyu
Tibet_Medieval_Latuotanggu_(n=5),Tibet_Medieval_Latuotanggu
Tibet_Medieval_Longsangquduo_(n=14),Tibet_Medieval_Longsangquduo
Tibet_Medieval_Rangjun_(n=1),Tibet_Medieval_Rangjun
Tibet_Medieval_Shigou_(n=1),Tibet_Medieval_Shigou
Tibet_Medieval_Tubo_Lajue_(n=1),Tibet_Medieval_Tubo_Lajue
Tibet_Medieval_Yushu_(n=1),Tibet_Medieval_Yushu
Tibet_N_Mabu_Co_(n=9),Tibet_N_Mabu_Co
Tibet_N_Zongri_4.1k_BP_(n=2),Tibet_N_Zongri_4.1k_BP
Tibet_N_Zongri_4.5k_BP_(n=14),Tibet_N_Zongri_4.5k_BP
Tibet_N_Zongri_4.7k_BP_(n=2),Tibet_N_Zongri_4.7k_BP
Tibet_N_Zongri_5.1k_BP_(n=2),Tibet_N_Zongri_5.1k_BP
Tibet_Pre-IA_(LNBA)_Gebusailu_(n=9),Tibet_Pre-IA_(LNBA)_Gebusailu
Tibet_Pre-IA_(LNBA)_Ousui_(n=1),Tibet_Pre-IA_(LNBA)_Ousui
Tibet_Pre-IA_(LNBA)_Pukagongma_(n=4),Tibet_Pre-IA_(LNBA)_Pukagongma
Tibet_Pre-IA_(LNBA)_Redilong_(n=2),Tibet_Pre-IA_(LNBA)_Redilong
Tibet_Pre-IA_(LNBA)_Sila_(n=2),Tibet_Pre-IA_(LNBA)_Sila
Tibet_Pre-IA_(LNBA)_Tingcun_(n=1),Tibet_Pre-IA_(LNBA)_Tingcun
Tonga_2500BP_(n=2),Tonga_2500BP
Tunisia_EN_Doukanet_el-Khoutifa_(n=2),Tunisia_EN_Doukanet_el-Khoutifa
Tunisia_IA-Classical_Phoenician/Punic_Kerkouane_(North_African_Profile)_(n=1),Tunisia_IA-Classical_Phoenician/Punic_Kerkouane
Tunisia_IA-Classical_Phoenician/Punic_Kerkouane_(Phoenician/Punic-Mixed_or_East_Med_Profile)_(n=2),Tunisia_IA-Classical_Phoenician/Punic_Kerkouane
Tunisia_IA-Classical_Phoenician/Punic_Kerkouane_(Punic_Profile)_(n=7),Tunisia_IA-Classical_Phoenician/Punic_Kerkouane
Tunisia_LSA_Djebba_(n=2),Tunisia_LSA_Djebba
Tunisia_N_Doukanet_el-Khoutifa_(n=3),Tunisia_N_Doukanet_el-Khoutifa
Tunisia_N_Hergla_(n=1),Tunisia_N_Hergla
Turkmenistan_BA_Gonur_Tepe_(n=12),Turkmenistan_BA_Gonur_Tepe
Turkmenistan_BA_Gonur_Tepe_o1_(n=1),Turkmenistan_BA_Gonur_Tepe
Turkmenistan_BA_Gonur_Tepe_o2_(n=1),Turkmenistan_BA_Gonur_Tepe
Turkmenistan_BA_Gonur_Tepe_o3_(IVC_Profile)_(n=2),Turkmenistan_BA_Gonur_Tepe
Turkmenistan_EBA_Parkhai_(n=1),Turkmenistan_EBA_Parkhai
Turkmenistan_Eneolithic_Anau_Monjukli-Depe_(n=1),Turkmenistan_Eneolithic_Anau_Monjukli-Depe
Turkmenistan_Eneolithic_Geoksyur_(n=18),Turkmenistan_Eneolithic_Geoksyur
Turkmenistan_Eneolithic_Namazga_Tepe_(n=2),Turkmenistan_Eneolithic_Namazga_Tepe
Turkmenistan_Eneolithic_Namazga_Tepe_o_(n=1),Turkmenistan_Eneolithic_Namazga_Tepe
Turkmenistan_Eneolithic_Parkhai_(n=4),Turkmenistan_Eneolithic_Parkhai
Turkmenistan_Eneolithic_Tepe_Anau_(n=3),Turkmenistan_Eneolithic_Tepe_Anau
Turkmenistan_IA_Takhirbai_(n=1),Turkmenistan_IA_Takhirbai
Turkmenistan_LBA_Parkhai_(n=1),Turkmenistan_LBA_Parkhai
Turkmenistan_LBA_Parkhai_o_(n=1),Turkmenistan_LBA_Parkhai
Turkmenistan_LBA_Sumbar_(n=1),Turkmenistan_LBA_Sumbar
Turkmenistan_MBA_Parkhai_(n=1),Turkmenistan_MBA_Parkhai
Turkmenistan_MBA_Ulug-Depe_(low_res)_(n=1),Turkmenistan_MBA_Ulug-Depe
Tuva_EIA_Uyuk_(n=2),Tuva_EIA_Uyuk
Tyumen_N_Koshkino-Boborykino_Mergen_(n=2),Tyumen_N_Koshkino-Boborykino_Mergen
Tyumen_N_Sosnovyi_Ostrov_(n=1),Tyumen_N_Sosnovyi_Ostrov
Uganda_Munsa_500BP_(n=1),Uganda_Munsa_500BP
Ukraine_Classical-Hellenistic_Oleksandrivskyi_(Balto-Slavic_Profile)_(n=1),Ukraine_Classical-Hellenistic_Oleksandrivskyi
Ukraine_Classical-Hellenistic_Oleksandrivskyi_(Classical_Northern_Greek_Profile)_(n=1),Ukraine_Classical-Hellenistic_Oleksandrivskyi
Ukraine_Early_Medieval_Saltovo-Mayaki_(Alan)_Verkhnii_Saltiv_(Central_Asian_Turkic_Profile)_(n=2),Ukraine_Early_Medieval_Saltovo-Mayaki_(Alan)_Verkhnii_Saltiv
Ukraine_Early_Medieval_Saltovo-Mayaki_(Alan)_Verkhnii_Saltiv_(Ciscaucasian_Profile)_(n=3),Ukraine_Early_Medieval_Saltovo-Mayaki_(Alan)_Verkhnii_Saltiv
Ukraine_Early_Medieval_Saltovo-Mayaki_(Alan)_Verkhnii_Saltiv_(East_Asian-Mixed_Profile)_(n=1),Ukraine_Early_Medieval_Saltovo-Mayaki_(Alan)_Verkhnii_Saltiv
Ukraine_Early_Medieval_Saltovo-Mayaki_(Bulgar)_Bochkove_(Central_Asian_Turkic_Profile)_(n=1),Ukraine_Early_Medieval_Saltovo-Mayaki_(Bulgar)_Bochkove
Ukraine_Early_Medieval_Saltovo-Mayaki_(Bulgar)_Bochkove_(Ciscaucasian_Profile)_(n=1),Ukraine_Early_Medieval_Saltovo-Mayaki_(Bulgar)_Bochkove
Ukraine_Early_Medieval_Saltovo-Mayaki_(Bulgar)_Bochkove_(East_Asian-Mixed_Profile)_(n=1),Ukraine_Early_Medieval_Saltovo-Mayaki_(Bulgar)_Bochkove
Ukraine_Early_Modern_Cossack_Vypozniv_(Balto-Slavic_Profile)_(n=2),Ukraine_Early_Modern_Cossack_Vypozniv
Ukraine_Early-High_Medieval_Viking_Age_Shestovitsa_(Mixed_Norse-Finnic_Profile)_(n=2),Ukraine_Early-High_Medieval_Viking_Age_Shestovitsa
Ukraine_EBA_Dereivka_I_(n=1),Ukraine_EBA_Dereivka_I
Ukraine_EBA_Yamnaya_Kamyana_Mohyla_(n=1),Ukraine_EBA_Yamnaya_Kamyana_Mohyla
Ukraine_EBA_Yamnaya_Katarzhyno_(n=2),Ukraine_EBA_Yamnaya_Katarzhyno
Ukraine_EBA_Yamnaya_Kumy_(n=1),Ukraine_EBA_Yamnaya_Kumy
Ukraine_EBA_Yamnaya_Liubasha_(n=1),Ukraine_EBA_Yamnaya_Liubasha
Ukraine_EBA_Yamnaya_Mayaky_(n=3),Ukraine_EBA_Yamnaya_Mayaky
Ukraine_EBA_Yamnaya_Ozera_(n=1),Ukraine_EBA_Yamnaya_Ozera
Ukraine_EBA_Yamnaya_Shevchenko_(n=2),Ukraine_EBA_Yamnaya_Shevchenko
Ukraine_EBA_Yamnaya_Sychavka_(n=1),Ukraine_EBA_Yamnaya_Sychavka
Ukraine_EBA_Yamnaya_Vapnyarka_(n=1),Ukraine_EBA_Yamnaya_Vapnyarka
Ukraine_EIA_Cimmerian_(n=2),Ukraine_EIA_Cimmerian
Ukraine_EIA_Thraco-Cimmerian_(Thracian_Hallstatt)_Kartal_(Balto-Slavic_Profile)_(n=1),Ukraine_EIA_Thraco-Cimmerian_(Thracian_Hallstatt)_Kartal
Ukraine_EIA_Thraco-Cimmerian_(Thracian_Hallstatt)_Kartal_(Central_Med_Profile)_(n=1),Ukraine_EIA_Thraco-Cimmerian_(Thracian_Hallstatt)_Kartal
Ukraine_EIA_Thraco-Cimmerian_(Thracian_Hallstatt)_Kartal_(Paleo-Balkan_Profile)_(n=3),Ukraine_EIA_Thraco-Cimmerian_(Thracian_Hallstatt)_Kartal
Ukraine_Eneolithic_Cernavoda_Kartal_(High_Steppe_Profile)_(n=4),Ukraine_Eneolithic_Cernavoda_Kartal
Ukraine_Eneolithic_Cernavoda_Kartal_(Low_Steppe_Profile)_(n=3),Ukraine_Eneolithic_Cernavoda_Kartal
Ukraine_Eneolithic_Cernavoda_Kartal_(Very_High_Steppe_Profile)_(n=1),Ukraine_Eneolithic_Cernavoda_Kartal
Ukraine_Eneolithic_Dereivka_I_(n=2),Ukraine_Eneolithic_Dereivka_I
Ukraine_Eneolithic_Proto-Yamnaya_Mykhailivka_(n=1),Ukraine_Eneolithic_Proto-Yamnaya_Mykhailivka
Ukraine_Eneolithic_Sredni_Stog_(Novodanilovka)_Vynogradne_(n=1),Ukraine_Eneolithic_Sredni_Stog_(Novodanilovka)_Vynogradne
Ukraine_Eneolithic_Sredni_Stog_Dereivka_II_(n=3),Ukraine_Eneolithic_Sredni_Stog_Dereivka_II
Ukraine_Eneolithic_Sredni_Stog_Igren_(n=2),Ukraine_Eneolithic_Sredni_Stog_Igren
Ukraine_Eneolithic_Sredni_Stog_Kolomiytsiv_Yar_(n=1),Ukraine_Eneolithic_Sredni_Stog_Kolomiytsiv_Yar
Ukraine_Eneolithic_Sredni_Stog_Molyukhiv_Bugor_(n=1),Ukraine_Eneolithic_Sredni_Stog_Molyukhiv_Bugor
Ukraine_Eneolithic_Sredni_Stog_Oleksandria_(n=1),Ukraine_Eneolithic_Sredni_Stog_Oleksandria
Ukraine_Eneolithic_Sredni_Stog_Voloshskoe_(low_res)_(n=1),Ukraine_Eneolithic_Sredni_Stog_Voloshskoe
Ukraine_Eneolithic_Trypillian_Verteba_(n=21),Ukraine_Eneolithic_Trypillian_Verteba
Ukraine_Eneolithic_Usatove_Mayaky_(n=9),Ukraine_Eneolithic_Usatove_Mayaky
Ukraine_Eneolithic_Usatove_Mayaky_o_(n=1),Ukraine_Eneolithic_Usatove_Mayaky
Ukraine_Eneolithic_Usatove_Revova_(n=1),Ukraine_Eneolithic_Usatove_Revova
Ukraine_Eneolithic_Usatove_Usatove-Bolsoj_Kujalnik_(n=4),Ukraine_Eneolithic_Usatove_Usatove-Bolsoj_Kujalnik
Ukraine_High_Medieval_Cuman_Kumy_(Central_Asian_Turkic_Profile)_(n=1),Ukraine_High_Medieval_Cuman_Kumy
Ukraine_High_Medieval_Cuman_Mamay-Gora_(East_Asian-Mixed_Profile)_(n=1),Ukraine_High_Medieval_Cuman_Mamay-Gora
Ukraine_High_Medieval_Kievan_Rus'_Chernigov_(Balto-Slavic_Profile)_(n=1),Ukraine_High_Medieval_Kievan_Rus'_Chernigov
Ukraine_High_Medieval_Kievan_Rus'-Golden_Horde_Lutsk_(Balto-Slavic_Profile)_(n=1),Ukraine_High_Medieval_Kievan_Rus'-Golden_Horde_Lutsk
Ukraine_High_Medieval_Kievan_Rus'-Golden_Horde_Zvenyhorod_(Balto-Slavic_Profile)_(n=1),Ukraine_High_Medieval_Kievan_Rus'-Golden_Horde_Zvenyhorod
Ukraine_High-Late_Medieval_Cuman_Mamay-Gora_(East_Asian-Mixed_Profile)_(n=1),Ukraine_High-Late_Medieval_Cuman_Mamay-Gora
Ukraine_High-Late_Medieval_Golden_Horde_Kharkiv_(Central_Euro_Slavic_Profile)_(n=2),Ukraine_High-Late_Medieval_Golden_Horde_Kharkiv
Ukraine_High-Late_Medieval_Golden_Horde_Ploske_(East_Asian-Mixed_Profile)_(n=1),Ukraine_High-Late_Medieval_Golden_Horde_Ploske
Ukraine_IA_Sarmatian_Igren_(n=1),Ukraine_IA_Sarmatian_Igren
Ukraine_IA_Scythian_Bilsk_(East_Asian-Mixed_Profile)_(n=1),Ukraine_IA_Scythian_Bilsk
Ukraine_IA_Scythian_Bilsk_(East_Med_Profile)_(n=1),Ukraine_IA_Scythian_Bilsk
Ukraine_IA_Scythian_Bilsk_(North_Balkan_Profile)_(n=3),Ukraine_IA_Scythian_Bilsk
Ukraine_IA_Scythian_Bilsk_(Steppe_Iranic_Profile)_(n=1),Ukraine_IA_Scythian_Bilsk
Ukraine_IA_Scythian_Cheremushna_(Balto-Slavic-Mixed_Profile)_(n=1),Ukraine_IA_Scythian_Cheremushna
Ukraine_IA_Scythian_Grishkivka_(Steppe_Iranic_Profile)_(n=1),Ukraine_IA_Scythian_Grishkivka
Ukraine_IA_Scythian_Karavan_(Balto-Slavic_Profile)_(n=1),Ukraine_IA_Scythian_Karavan
Ukraine_IA_Scythian_Kolomak_(Balto-Slavic_Profile)_(n=1),Ukraine_IA_Scythian_Kolomak
Ukraine_IA_Scythian_Kolomak_(East_Asian-Mixed_Profile)_(n=2),Ukraine_IA_Scythian_Kolomak
Ukraine_IA_Scythian_Kupievakha_(Balto-Slavic-Mixed_Profile)_(n=1),Ukraine_IA_Scythian_Kupievakha
Ukraine_IA_Scythian_Kupievakha_(Steppe_Iranic_Profile)_(n=2),Ukraine_IA_Scythian_Kupievakha
Ukraine_IA_Scythian_Mala_Rogozianka_(East_Asian-Mixed_Profile)_(n=1),Ukraine_IA_Scythian_Mala_Rogozianka
Ukraine_IA_Scythian_Mamay-Gora_(Steppe_Iranic_Profile)_(n=3),Ukraine_IA_Scythian_Mamay-Gora
Ukraine_IA_Scythian_Medvyn_(Balto-Slavic_Profile)_(n=1),Ukraine_IA_Scythian_Medvyn
Ukraine_IA_Scythian_Medvyn_(Balto-Slavic-Mixed_Profile)_(n=3),Ukraine_IA_Scythian_Medvyn
Ukraine_IA_Scythian_Medvyn_(Hither-Balto-Slavic_Profile)_(n=1),Ukraine_IA_Scythian_Medvyn
Ukraine_IA_Scythian_Medvyn_(Steppe_Iranic_Profile)_(n=2),Ukraine_IA_Scythian_Medvyn
Ukraine_IA_Scythian_Nesterivka_(Steppe_Iranic_Profile)_(n=1),Ukraine_IA_Scythian_Nesterivka
Ukraine_IA_Scythian_Nyzhnia_Gyivka_(Balto-Slavic-Mixed_Profile)_(n=1),Ukraine_IA_Scythian_Nyzhnia_Gyivka
Ukraine_IA_Scythian_Nyzhnia_Gyivka_(East_Asian-Mixed_Profile)_(n=1),Ukraine_IA_Scythian_Nyzhnia_Gyivka
Ukraine_IA_Scythian_Pisochyn_(Ciscaucasian_Profile)_(n=3),Ukraine_IA_Scythian_Pisochyn
Ukraine_IA_Scythian_Starosillya_(Central_Euro_Profile)_(n=1),Ukraine_IA_Scythian_Starosillya
Ukraine_IA_Scythian_Starosillya_(Hither-Balto-Slavic_Profile)_(n=1),Ukraine_IA_Scythian_Starosillya
Ukraine_IA_Scythian_Staryi_Merchik_(Steppe_Iranic_Profile)_(n=1),Ukraine_IA_Scythian_Staryi_Merchik
Ukraine_IA_Scythian_Vesele_(East_Asian-Mixed_Profile)_(n=1),Ukraine_IA_Scythian_Vesele
Ukraine_IA_Scythian_Vesele_(Steppe_Iranic_Profile)_(n=1),Ukraine_IA_Scythian_Vesele
Ukraine_IA_Scythian/Sarmatian_Petrykiv_(Steppe_Iranic_Profile)_(n=1),Ukraine_IA_Scythian/Sarmatian_Petrykiv
Ukraine_Late_Antiquity_Chernyakhiv_Lehedzyne_(Central_Med_Profile)_(n=2),Ukraine_Late_Antiquity_Chernyakhiv_Lehedzyne
Ukraine_Late_Antiquity_Chernyakhiv_Shyshaky_(Central_Euro_Profile)_(n=1),Ukraine_Late_Antiquity_Chernyakhiv_Shyshaky
Ukraine_Late_Antiquity_Chernyakhiv_Shyshaky_(Central_Med_Profile)_(n=1),Ukraine_Late_Antiquity_Chernyakhiv_Shyshaky
Ukraine_Late_Antiquity_Chernyakhiv_Shyshaky_(Northwest_Euro_Profile)_(n=2),Ukraine_Late_Antiquity_Chernyakhiv_Shyshaky
Ukraine_Late_Antiquity_Chernyakhiv_Shyshaky_(Paleo-Balkan_Profile)_(n=1),Ukraine_Late_Antiquity_Chernyakhiv_Shyshaky
Ukraine_Late_Antiquity_Chernyakhiv_Zolochiv_(Central_Med_Profile)_(n=1),Ukraine_Late_Antiquity_Chernyakhiv_Zolochiv
Ukraine_Late_Antiquity-Early_Medieval_Chernyakhiv_Lehedzyne_(Balto-Slavic-Mixed_Profile)_(n=1),Ukraine_Late_Antiquity-Early_Medieval_Chernyakhiv_Lehedzyne
Ukraine_Late_Medieval_Crimean_Khanate_(Nogai)_Mamay-Gora_(Central_Asian_Turkic_Profile)_(n=4),Ukraine_Late_Medieval_Crimean_Khanate_(Nogai)_Mamay-Gora
Ukraine_Late_Medieval_Crimean_Khanate_(Nogai)_Mamay-Gora_(East_Asian-Mixed_Profile)_(n=1),Ukraine_Late_Medieval_Crimean_Khanate_(Nogai)_Mamay-Gora
Ukraine_Late_Medieval_Crimean_Khanate_(Nogai)_Mamay-Gora_(Mongol_Profile)_(n=2),Ukraine_Late_Medieval_Crimean_Khanate_(Nogai)_Mamay-Gora
Ukraine_Late_Medieval_Golden_Horde_Kumy_(East_Asian-Mixed_Profile)_(n=1),Ukraine_Late_Medieval_Golden_Horde_Kumy
Ukraine_Late_Medieval_Golden_Horde_Mamay-Surka_(East_Asian-Mixed_Profile)_(n=1),Ukraine_Late_Medieval_Golden_Horde_Mamay-Surka
Ukraine_LBA_Belozerskaya_(n=2),Ukraine_LBA_Belozerskaya
Ukraine_LBA_Verteba_(n=1),Ukraine_LBA_Verteba
Ukraine_LBA-EIA_Kleshnya_(low_res)_(n=1),Ukraine_LBA-EIA_Kleshnya
Ukraine_LBA-EIA_Lusatian_Rovantsi_(n=2),Ukraine_LBA-EIA_Lusatian_Rovantsi
Ukraine_LIA-Late_Antiquity_Chernyakhiv_Komariv_(East_Med_Profile)_(n=1),Ukraine_LIA-Late_Antiquity_Chernyakhiv_Komariv
Ukraine_LIA-Late_Antiquity_Chernyakhiv_Shyshaky_(Central_Euro_Profile)_(n=1),Ukraine_LIA-Late_Antiquity_Chernyakhiv_Shyshaky
Ukraine_LIA-Late_Antiquity_Chernyakhiv_Shyshaky_(West_Med_Profile)_(n=1),Ukraine_LIA-Late_Antiquity_Chernyakhiv_Shyshaky
Ukraine_LIA-Late_Antiquity_Sarmatian_Liubivka_(Transcaucasian_Profile)_(n=1),Ukraine_LIA-Late_Antiquity_Sarmatian_Liubivka
Ukraine_MBA_Alexandria_(n=1),Ukraine_MBA_Alexandria
Ukraine_MBA_Catacomb_(n=2),Ukraine_MBA_Catacomb
Ukraine_MBA_Igren_(n=1),Ukraine_MBA_Igren
Ukraine_MBA_Komarow_(n=3),Ukraine_MBA_Komarow
Ukraine_MBA_Multi-Cordoned_Ware_(n=3),Ukraine_MBA_Multi-Cordoned_Ware
Ukraine_MBA_Multi-Cordoned_Ware_o_(n=1),Ukraine_MBA_Multi-Cordoned_Ware
Ukraine_MBA_Verteba_(n=1),Ukraine_MBA_Verteba
Ukraine_Mesolithic_Dereivka_I_(n=4),Ukraine_Mesolithic_Dereivka_I
Ukraine_Mesolithic_Dereivka_III_(n=1),Ukraine_Mesolithic_Dereivka_III
Ukraine_Mesolithic_Vasil'evka_(n=6),Ukraine_Mesolithic_Vasil'evka
Ukraine_Mesolithic_Vasil'evka_(low_res)_(n=4),Ukraine_Mesolithic_Vasil'evka
Ukraine_Mesolithic_Voloshskoe_(low_res)_(n=1),Ukraine_Mesolithic_Voloshskoe
Ukraine_MLBA_Srubnaya_(n=1),Ukraine_MLBA_Srubnaya
Ukraine_N_Dereivka_I_(n=20),Ukraine_N_Dereivka_I
Ukraine_N_Dereivka_I_o_(n=1),Ukraine_N_Dereivka_I
Ukraine_N_Dnieper-Donets_Lysa_Gora_(low_res)_(n=2),Ukraine_N_Dnieper-Donets_Lysa_Gora
Ukraine_N_Dnieper-Donets_Mamai-Gora_(low_res)_(n=2),Ukraine_N_Dnieper-Donets_Mamai-Gora
Ukraine_N_Dnieper-Donets_Volniensky_(n=8),Ukraine_N_Dnieper-Donets_Volniensky
Ukraine_N_Dnieper-Donets_Yasinovatka_(n=5),Ukraine_N_Dnieper-Donets_Yasinovatka
Ukraine_N_Globular_Amphora_Ilatka_(n=3),Ukraine_N_Globular_Amphora_Ilatka
Ukraine_N_Igren_(n=2),Ukraine_N_Igren
Ukraine_N_Igren_(low_res)_(n=1),Ukraine_N_Igren
Ukraine_N_Mariupol_(n=1),Ukraine_N_Mariupol
Ukraine_N_Mariupol_Yasynuvatka_(n=2),Ukraine_N_Mariupol_Yasynuvatka
Ukraine_N_Nikol'ske_(n=2),Ukraine_N_Nikol'ske
Ukraine_N_Vasil'evka_(n=3),Ukraine_N_Vasil'evka
Ukraine_N_Vovnigi_(n=18),Ukraine_N_Vovnigi
Uruguay_Rocha_600BP_(n=1),Uruguay_Rocha_600BP
USA_Alaska_Ancient_Beringian_(n=2),USA_Alaska_Ancient_Beringian
USA_Alaska_Athabaskan_1100BP_(n=3),USA_Alaska_Athabaskan_1100BP
USA_Alaska_Athabaskan_Late_Modern_(n=1),USA_Alaska_Athabaskan_Late_Modern
USA_Alaska_Neo-Aleut_(n=7),USA_Alaska_Neo-Aleut
USA_Alaska_Paleo-Aleut_(n=2),USA_Alaska_Paleo-Aleut
USA_Alaska_Paleo-Aleut_(low_res)_(n=1),USA_Alaska_Paleo-Aleut
USA_Alaska_Trail_Creek_9000BP_(n=1),USA_Alaska_Trail_Creek_9000BP
USA_California_Carmel_Precolonial_(n=3),USA_California_Carmel_Precolonial
USA_California_Carpinteria_7000BP_(n=6),USA_California_Carpinteria_7000BP
USA_California_Castroville_Precolonial_(n=1),USA_California_Castroville_Precolonial
USA_California_Cave_of_the_Skulls_1500BP_(n=1),USA_California_Cave_of_the_Skulls_1500BP
USA_California_Goleta_1200BP_(n=2),USA_California_Goleta_1200BP
USA_California_Goleta_1700BP_(n=1),USA_California_Goleta_1700BP
USA_California_Goleta_2600BP_(n=1),USA_California_Goleta_2600BP
USA_California_Goleta_3000BP_(n=1),USA_California_Goleta_3000BP
USA_California_Goleta_4700BP_(n=3),USA_California_Goleta_4700BP
USA_California_Goleta_Precolonial_(n=4),USA_California_Goleta_Precolonial
USA_California_Lake_Cachuma_Precolonial_(n=1),USA_California_Lake_Cachuma_Precolonial
USA_California_Malibu_3400BP_(n=2),USA_California_Malibu_3400BP
USA_California_Moaning_Cave_Precolonial_(n=6),USA_California_Moaning_Cave_Precolonial
USA_California_Monterey_1000BP_(n=1),USA_California_Monterey_1000BP
USA_California_New_Cuyama_Precolonial_Mainland_Chumash_(n=1),USA_California_New_Cuyama_Precolonial_Mainland_Chumash
USA_California_Ojai_1400BP_(n=2),USA_California_Ojai_1400BP
USA_California_Pacific_Grove_200BP_(low_res)_(n=1),USA_California_Pacific_Grove_200BP
USA_California_Pacific_Grove_5200BP_(n=1),USA_California_Pacific_Grove_5200BP
USA_California_Point_Sal_Precolonial_Mainland_Chumash_(n=2),USA_California_Point_Sal_Precolonial_Mainland_Chumash
USA_California_Point_Sal_Precolonial_Mainland_Chumash_(low_res)_(n=4),USA_California_Point_Sal_Precolonial_Mainland_Chumash
USA_California_Rancho_San_Carlos_Precolonial_(n=2),USA_California_Rancho_San_Carlos_Precolonial
USA_California_San_Francisco_Bay_Precolonial_Period-Late_Modern_(n=1),USA_California_San_Francisco_Bay_Precolonial_Period-Late_Modern
USA_California_Santa_Barbara_1300BP_(n=1),USA_California_Santa_Barbara_1300BP
USA_California_Santa_Barbara_4600BP_(n=1),USA_California_Santa_Barbara_4600BP
USA_California_Santa_Barbara_Precolonial_(n=1),USA_California_Santa_Barbara_Precolonial
USA_Delaware_Early_Modern_Avery's_Rest_(Mixed_SSA_Profile)_(n=1),USA_Delaware_Early_Modern_Avery's_Rest
USA_Delaware_Early_Modern_Avery's_Rest_(Northwest_Euro_Profile)_(n=7),USA_Delaware_Early_Modern_Avery's_Rest
USA_Delaware_Early_Modern_Avery's_Rest_(West/Central_African_Profile)_(n=1),USA_Delaware_Early_Modern_Avery's_Rest
USA_Maryland_Early_Modern_St._Mary's_City_English_(n=2),USA_Maryland_Early_Modern_St._Mary's_City_English
USA_Maryland_Early-Late_Modern_Catoctin_Furnace_(African_American_Profile)_(n=13),USA_Maryland_Early-Late_Modern_Catoctin_Furnace
USA_Maryland_Early-Late_Modern_Catoctin_Furnace_(Central/Southern_African_Bantu_Profile)_(n=3),USA_Maryland_Early-Late_Modern_Catoctin_Furnace
USA_Maryland_Early-Late_Modern_Catoctin_Furnace_(West_African_Profile)_(n=8),USA_Maryland_Early-Late_Modern_Catoctin_Furnace
USA_Montana_Anzick_Clovis_(n=1),USA_Montana_Anzick_Clovis
USA_Nevada_Lovelock_Cave_1850BP_(n=3),USA_Nevada_Lovelock_Cave_1850BP
USA_Nevada_Lovelock_Cave_600BP_(n=1),USA_Nevada_Lovelock_Cave_600BP
USA_Nevada_Spirit_Cave_11000BP_(n=2),USA_Nevada_Spirit_Cave_11000BP
USA_New_Mexico_Chaco_Anasazi_(n=2),USA_New_Mexico_Chaco_Anasazi
USA_New_Mexico_Chaco_Anasazi_(low_res)_(n=2),USA_New_Mexico_Chaco_Anasazi
USA_Pennsylvania_Early_Modern_Shohola_Creek_(Northwest_Euro_Profile)_(n=1),USA_Pennsylvania_Early_Modern_Shohola_Creek
USA_San_Catalina_Island_[Pre-]Colonial_Period_(n=1),USA_San_Catalina_Island_[Pre-]Colonial_Period
USA_San_Clemente_Island_Precolonial_(n=13),USA_San_Clemente_Island_Precolonial
USA_San_Cruz_Island_Precolonial_Chumash_(n=1),USA_San_Cruz_Island_Precolonial_Chumash
USA_San_Miguel_Island_Precolonial_Chumash_(n=1),USA_San_Miguel_Island_Precolonial_Chumash
USA_San_Miguel_Island_Precolonial_Chumash_(low_res)_(n=1),USA_San_Miguel_Island_Precolonial_Chumash
USA_San_Nicolas_Early_Precolonial_(n=5),USA_San_Nicolas_Early_Precolonial
USA_San_Nicolas_Late_Precolonial_(n=10),USA_San_Nicolas_Late_Precolonial
USA_Santa_Rosa_Island_3000BP_(n=3),USA_Santa_Rosa_Island_3000BP
USA_Santa_Rosa_Island_3200BP_(n=2),USA_Santa_Rosa_Island_3200BP
USA_Santa_Rosa_Island_4900BP_(n=1),USA_Santa_Rosa_Island_4900BP
USA_Santa_Rosa_Island_7400BP_(n=4),USA_Santa_Rosa_Island_7400BP
USA_Santa_Rosa_Island_Late_Precolonial_(n=6),USA_Santa_Rosa_Island_Late_Precolonial
USA_Washington_Paleo-Indian_Kennewick_(n=1),USA_Washington_Paleo-Indian_Kennewick
Uzbekistan_BA_Bustan_(n=6),Uzbekistan_BA_Bustan
Uzbekistan_BA_Bustan_o1_(n=1),Uzbekistan_BA_Bustan
Uzbekistan_BA_Bustan_o2_(South_Asian_Profile)_(n=1),Uzbekistan_BA_Bustan
Uzbekistan_BA_Dzharkutan_(n=7),Uzbekistan_BA_Dzharkutan
Uzbekistan_BA_Dzharkutan_o_(n=2),Uzbekistan_BA_Dzharkutan
Uzbekistan_BA_Kashkarchi_(n=2),Uzbekistan_BA_Kashkarchi
Uzbekistan_BA_Kokcha_(n=3),Uzbekistan_BA_Kokcha
Uzbekistan_BA_Sappali_Tepe_(n=12),Uzbekistan_BA_Sappali_Tepe
Uzbekistan_BA_Sappali_Tepe_o1_(n=1),Uzbekistan_BA_Sappali_Tepe
Uzbekistan_BA_Sappali_Tepe_o2_(n=1),Uzbekistan_BA_Sappali_Tepe
Uzbekistan_CA_Bustan_(n=1),Uzbekistan_CA_Bustan
Uzbekistan_HP_Kushan_Rabat_(n=10),Uzbekistan_HP_Kushan_Rabat
Uzbekistan_HP_Kushan_Rabat_o_(n=1),Uzbekistan_HP_Kushan_Rabat
Uzbekistan_HP_Kushan_Serkharakat_(n=1),Uzbekistan_HP_Kushan_Serkharakat
Van_IA_Urartian_(n=3),Van_IA_Urartian
Van_IA_Urartian_o_(Mixed_Near_Eastern_Profile)_(n=1),Van_IA_Urartian
Van_IA_Urartian-Median/Achaemenid_(n=1),Van_IA_Urartian-Median/Achaemenid
Van_LBA_(n=1),Van_LBA
Vanuatu_1100BP_(n=3),Vanuatu_1100BP
Vanuatu_1200BP_(n=1),Vanuatu_1200BP
Vanuatu_1300BP_(n=2),Vanuatu_1300BP
Vanuatu_1450CE_(n=1),Vanuatu_1450CE
Vanuatu_1600CE_(n=4),Vanuatu_1600CE
Vanuatu_1800CE_(n=8),Vanuatu_1800CE
Vanuatu_2000BP_(n=1),Vanuatu_2000BP
Vanuatu_2300BP_(n=1),Vanuatu_2300BP
Vanuatu_2350BP_(n=1),Vanuatu_2350BP
Vanuatu_2500BP_(n=2),Vanuatu_2500BP
Vanuatu_2900BP_(n=5),Vanuatu_2900BP
Venezuela_Ceramic_(n=8),Venezuela_Ceramic
Vietnam_BA_Dong_Son_Culture_(n=2),Vietnam_BA_Dong_Son_Culture
Vietnam_BA_Nui_Nap_(n=2),Vietnam_BA_Nui_Nap
Vietnam_Early-Late_Modern_Quang_Ninh_(n=1),Vietnam_Early-Late_Modern_Quang_Ninh
Vietnam_LN_Ha_Long_Hhon_Hai_Co_Tien_(n=1),Vietnam_LN_Ha_Long_Hhon_Hai_Co_Tien
Vietnam_LN_Mai_Da_Dieu_(n=2),Vietnam_LN_Mai_Da_Dieu
Vietnam_LN_Nam_Tun_(n=1),Vietnam_LN_Nam_Tun
Vietnam_N_Man_Bac_(n=4),Vietnam_N_Man_Bac
Wales_CA-EBA_(n=1),Wales_CA-EBA
Wales_Early_Medieval_Viking_Age_Anglesey_(low_res)_(n=1),Wales_Early_Medieval_Viking_Age_Anglesey
Wales_EIA_(n=1),Wales_EIA
Wales_LBA_(n=1),Wales_LBA
Wales_LIA_(n=2),Wales_LIA
Wales_MBA_(n=2),Wales_MBA
Wales_MBA_(low_res)_(n=1),Wales_MBA
Wales_Mesolithic_Ogof-yr-Ychen_(n=1),Wales_Mesolithic_Ogof-yr-Ychen
Wales_MIA_(n=1),Wales_MIA
Wales_N_(n=3),Wales_N
Wales_N_(low_res)_(n=3),Wales_N
Watom_Island_Precolonial_(n=2),Watom_Island_Precolonial
Watom_Island_Precolonial_o_(n=1),Watom_Island_Precolonial
Xinjiang_EBA_Afanasievo_Dzungaria_(n=4),Xinjiang_EBA_Afanasievo_Dzungaria
Xinjiang_EBA_Afanasievo_Dzungaria_o_(n=1),Xinjiang_EBA_Afanasievo_Dzungaria
Xinjiang_EBA_Afanasievo_Tian_Shan_(n=4),Xinjiang_EBA_Afanasievo_Tian_Shan
Xinjiang_EBA_Afanasievo_Tian_Shan_o_(n=1),Xinjiang_EBA_Afanasievo_Tian_Shan
Xinjiang_EBA_Chemurchek_(n=5),Xinjiang_EBA_Chemurchek
Xinjiang_EBA_Chemurchek_o1_(n=1),Xinjiang_EBA_Chemurchek
Xinjiang_EBA_Chemurchek_o2_(n=3),Xinjiang_EBA_Chemurchek
Xinjiang_EBA_Chemurchek_o3_(n=3),Xinjiang_EBA_Chemurchek
Xinjiang_EBA_Jirentaigoukou_(n=1),Xinjiang_EBA_Jirentaigoukou
Xinjiang_EBA_Songshugou_(n=2),Xinjiang_EBA_Songshugou
Xinjiang_EBA_Tuoganbai_(n=4),Xinjiang_EBA_Tuoganbai
Xinjiang_EMBA_Xiaohe_Beifang_(n=2),Xinjiang_EMBA_Xiaohe_Beifang
Xinjiang_EMBA_Xiaohe_Xiaohe_(n=10),Xinjiang_EMBA_Xiaohe_Xiaohe
Xinjiang_HP_Abusanteer_(n=1),Xinjiang_HP_Abusanteer
Xinjiang_HP_Ayousaigoukou_(n=1),Xinjiang_HP_Ayousaigoukou
Xinjiang_HP_Baiyanghe_(n=1),Xinjiang_HP_Baiyanghe
Xinjiang_HP_Dongtalede_(n=1),Xinjiang_HP_Dongtalede
Xinjiang_HP_Gongnaisi_(n=1),Xinjiang_HP_Gongnaisi
Xinjiang_HP_Hetian_(n=5),Xinjiang_HP_Hetian
Xinjiang_HP_Hetian_o_(n=1),Xinjiang_HP_Hetian
Xinjiang_HP_Jirentaigoukou_(n=1),Xinjiang_HP_Jirentaigoukou
Xinjiang_HP_Junmachanyilian_(n=1),Xinjiang_HP_Junmachanyilian
Xinjiang_HP_Junmachanyilian_(South_Asian_Profile)_(n=1),Xinjiang_HP_Junmachanyilian
Xinjiang_HP_Junmachanyilian_(South_Central_Asian_Profile)_(n=1),Xinjiang_HP_Junmachanyilian
Xinjiang_HP_Kafulang_(n=1),Xinjiang_HP_Kafulang
Xinjiang_HP_Keqikesubutai_(n=1),Xinjiang_HP_Keqikesubutai
Xinjiang_HP_Shanpula_(n=2),Xinjiang_HP_Shanpula
Xinjiang_HP_Simutasi_(n=1),Xinjiang_HP_Simutasi
Xinjiang_HP_Tang_Dynasty-Uygur_Period_Lafuqueke_(Intermediate_Profile)_(n=15),Xinjiang_HP_Tang_Dynasty-Uygur_Period_Lafuqueke
Xinjiang_HP_Tang_Dynasty-Uygur_Period_Lafuqueke_(Intermediate_Profile)_(low_res)_(n=1),Xinjiang_HP_Tang_Dynasty-Uygur_Period_Lafuqueke
Xinjiang_HP_Tang_Dynasty-Uygur_Period_Lafuqueke_(Mongolic_Profile)_(n=1),Xinjiang_HP_Tang_Dynasty-Uygur_Period_Lafuqueke
Xinjiang_HP_Tang_Dynasty-Uygur_Period_Lafuqueke_(North_China_Profile)_(n=4),Xinjiang_HP_Tang_Dynasty-Uygur_Period_Lafuqueke
Xinjiang_HP_Tang_Dynasty-Uygur_Period_Lafuqueke_(Sino-Tibetan_Profile)_(n=2),Xinjiang_HP_Tang_Dynasty-Uygur_Period_Lafuqueke
Xinjiang_HP_Tang_Dynasty-Uygur_Period_Lafuqueke_(South_Central_Asian_Profile)_(n=3),Xinjiang_HP_Tang_Dynasty-Uygur_Period_Lafuqueke
Xinjiang_HP_Tang_Dynasty-Uygur_Period_Lafuqueke_(Upper_Yellow_River_Profile)_(n=1),Xinjiang_HP_Tang_Dynasty-Uygur_Period_Lafuqueke
Xinjiang_HP_Tangbalesayi_(n=2),Xinjiang_HP_Tangbalesayi
Xinjiang_HP_Tangbalesayi_o_(n=1),Xinjiang_HP_Tangbalesayi
Xinjiang_HP_Xianshuiquangucheng_(n=1),Xinjiang_HP_Xianshuiquangucheng
Xinjiang_HP_Xikakandasayi_(n=1),Xinjiang_HP_Xikakandasayi
Xinjiang_IA_Abusanteer_(n=5),Xinjiang_IA_Abusanteer
Xinjiang_IA_Abusanteer_o_(n=1),Xinjiang_IA_Abusanteer
Xinjiang_IA_Axile_(n=2),Xinjiang_IA_Axile
Xinjiang_IA_Ayousaigoukou_(n=3),Xinjiang_IA_Ayousaigoukou
Xinjiang_IA_Baiyanghe_(n=2),Xinjiang_IA_Baiyanghe
Xinjiang_IA_Bolati_(n=1),Xinjiang_IA_Bolati
Xinjiang_IA_Caishichang_(n=6),Xinjiang_IA_Caishichang
Xinjiang_IA_Caishichang_o_(n=1),Xinjiang_IA_Caishichang
Xinjiang_IA_Chaganguole_(n=1),Xinjiang_IA_Chaganguole
Xinjiang_IA_Dongmaili_(n=3),Xinjiang_IA_Dongmaili
Xinjiang_IA_Dongtalede_(n=2),Xinjiang_IA_Dongtalede
Xinjiang_IA_Dongtalede_o_(n=1),Xinjiang_IA_Dongtalede
Xinjiang_IA_Eminhuojierte_(n=1),Xinjiang_IA_Eminhuojierte
Xinjiang_IA_Gongnaisi_(n=5),Xinjiang_IA_Gongnaisi
Xinjiang_IA_Guanjingtai_(n=1),Xinjiang_IA_Guanjingtai
Xinjiang_IA_Jirentaigoukou_(n=7),Xinjiang_IA_Jirentaigoukou
Xinjiang_IA_Jirentaigoukou_o1_(n=1),Xinjiang_IA_Jirentaigoukou
Xinjiang_IA_Jirentaigoukou_o2_(n=1),Xinjiang_IA_Jirentaigoukou
Xinjiang_IA_Jirentaigoukou_o3_(n=1),Xinjiang_IA_Jirentaigoukou
Xinjiang_IA_Jirzankal_(n=12),Xinjiang_IA_Jirzankal
Xinjiang_IA_Jirzankal_o_(n=1),Xinjiang_IA_Jirzankal
Xinjiang_IA_Junmachanyilian_(n=2),Xinjiang_IA_Junmachanyilian
Xinjiang_IA_Kalatasi_(n=2),Xinjiang_IA_Kalatasi
Xinjiang_IA_Kuokesuxi_(n=5),Xinjiang_IA_Kuokesuxi
Xinjiang_IA_Kuokesuxi_o_(n=1),Xinjiang_IA_Kuokesuxi
Xinjiang_IA_Liushui_(n=2),Xinjiang_IA_Liushui
Xinjiang_IA_Pazyryk_Tuwaxingcun_(n=1),Xinjiang_IA_Pazyryk_Tuwaxingcun
Xinjiang_IA_Qiafuqihaishuiku_(n=1),Xinjiang_IA_Qiafuqihaishuiku
Xinjiang_IA_Sahaxibei_(n=1),Xinjiang_IA_Sahaxibei
Xinjiang_IA_Shirenzigou_(n=8),Xinjiang_IA_Shirenzigou
Xinjiang_IA_Simutasi_(n=2),Xinjiang_IA_Simutasi
Xinjiang_IA_Songshugou_(n=4),Xinjiang_IA_Songshugou
Xinjiang_IA_Songshugou_o_(n=1),Xinjiang_IA_Songshugou
Xinjiang_IA_Tangbalesayi_(n=5),Xinjiang_IA_Tangbalesayi
Xinjiang_IA_Tangbalesayi_o_(n=2),Xinjiang_IA_Tangbalesayi
Xinjiang_IA_Tielieketesai_(n=2),Xinjiang_IA_Tielieketesai
Xinjiang_IA_Unknown_Site_(n=1),Xinjiang_IA_Unknown_Site
Xinjiang_IA_Wulanbuluke_(n=3),Xinjiang_IA_Wulanbuluke
Xinjiang_IA_Wutulan_(n=11),Xinjiang_IA_Wutulan
Xinjiang_IA_Wuzan_(n=3),Xinjiang_IA_Wuzan
Xinjiang_IA_Wuzan_o_(n=1),Xinjiang_IA_Wuzan
Xinjiang_IA_Zaghunluq_(n=7),Xinjiang_IA_Zaghunluq
Xinjiang_IA_Zaghunluq_o1_(n=1),Xinjiang_IA_Zaghunluq
Xinjiang_IA_Zaghunluq_o2_(n=2),Xinjiang_IA_Zaghunluq
Xinjiang_IA_Zaghunluq_o3_(n=1),Xinjiang_IA_Zaghunluq
Xinjiang_IA_Zaghunluq_o4_(n=1),Xinjiang_IA_Zaghunluq
Xinjiang_IA_Zeketai_(n=2),Xinjiang_IA_Zeketai
Xinjiang_LBA_Andronovo_Jirentaigoukou_(n=2),Xinjiang_LBA_Andronovo_Jirentaigoukou
Xinjiang_LBA_Andronovo_Kuokesuxi_(n=1),Xinjiang_LBA_Andronovo_Kuokesuxi
Xinjiang_LBA_Andronovo_Tangbalesayi_(n=1),Xinjiang_LBA_Andronovo_Tangbalesayi
Xinjiang_LBA_Andronovo_Wutulan_(n=1),Xinjiang_LBA_Andronovo_Wutulan
Xinjiang_LBA_Songshugou_(n=1),Xinjiang_LBA_Songshugou
Zabaykalsky_BA_Okoshki_(n=1),Zabaykalsky_BA_Okoshki
Zabaykalsky_Mesolithic_Bol'shaya_Kanga_(n=1),Zabaykalsky_Mesolithic_Bol'shaya_Kanga
Zabaykalsky_N_Dvorcy-Dacha_(n=1),Zabaykalsky_N_Dvorcy-Dacha
Zabaykalsky_N_Izvestkovaja_(n=1),Zabaykalsky_N_Izvestkovaja
Zabaykalsky_N_Nozhyj_Lake_(n=2),Zabaykalsky_N_Nozhyj_Lake
Zabaykalsky_N_Pad_Tokui_(n=1),Zabaykalsky_N_Pad_Tokui
Zabaykalsky_N_Zhindo_(n=2),Zabaykalsky_N_Zhindo
Zambia_LSA_(low_res)_(n=1),Zambia_LSA
