label,lat,lon,precision,place
Abazin,44.22,42.05,ethnic,"Karachay-Cherkessia, Russia"
Abdal,39.47,76.0,guess,"Aynu (Abdal) area, southern Xinjiang, China"
Abkhazia_Late_Modern_Tkhina,42.85,41.55,site,"Tkhina, Ochamchira, Abkhazia"
Abkhazian,43.0,41.02,ethnic,"Sukhumi, Abkhazia"
Adygea_EBA_Maykop_Late,44.61,40.1,region,"Maykop, Adygea, Russia"
Adygea_EBA_Maykop_Novosvobodnaya_Klady,44.36,40.45,site,"Novosvobodnaya (Klady), Adygea, Russia"
Adygea_EBA_Maykop_Novosvobodnaya_Tsarskaya,44.36,40.45,site,"Novosvobodnaya (Tsarskaya), Adygea, Russia"
Adygea_Eneolithic_Darkveti-Meshoko_Unakozovskaya,44.28,40.18,site,"Unakozovskaya cave, Adygea, Russia"
Adygea_LBA_Dolmen_Shushuk,44.3,40.3,site,"Shushuk dolmen, Adygea, Russia"
Aeta,15.3,120.2,ethnic,"Zambales/Pampanga, Luzon, Philippines"
Afar_Ethiopia,11.79,41.0,district,"Afar Region, Ethiopia"
Afghanistan_MBA_Darra-i-Kur,36.85,70.45,site,"Darra-i-Kur cave, Badakhshan, Afghanistan"
African_American,33.75,-84.39,guess,"Atlanta, Georgia, USA"
Afrikaner,-25.75,28.19,ethnic,"Pretoria, South Africa"
Afro-Kuwaiti,29.38,47.99,guess,"Kuwait City, Kuwait"
Agaw,10.9,36.9,ethnic,"Agew Awi, Amhara, Ethiopia"
Aghem,6.38,10.07,ethnic,"Wum, Northwest Region, Cameroon"
Agta,17.0,122.0,ethnic,"Sierra Madre, northeastern Luzon, Philippines"
Akan_Ghana,6.69,-1.62,ethnic,"Kumasi, Ashanti, Ghana"
Akha_Thailand,20.0,99.9,district,"Chiang Rai Province, Thailand"
Akhvakh,42.4,46.2,district,"Akhvakhsky District, Dagestan, Russia"
Alawite_Syria,35.52,35.79,region,"Latakia, Syria"
Alawite_Turkey,36.2,36.16,district,"Hatay Province, Turkey"
Albania_EBA,41.15,20.17,country,Albania
Albania_EN_Podgorie,40.75,20.85,site,"Podgorie, Korce, Albania"
Albania_Early_Medieval_Kenete,42.05,20.4,site,"Kenete, Kukes, Albania"
Albania_Early_Medieval_Shtike,40.35,20.65,site,"Shtike, Korce, Albania"
Albania_Early_Modern_Barc_Roma,40.65,20.75,site,"Barc, Korce, Albania"
Albania_Early_Modern_Bardhoc,42.1,20.35,site,"Bardhoc, Kukes, Albania"
Albania_Early_Modern_Pazhok,41.05,20.0,site,"Pazhok, Elbasan, Albania"
Albania_LBA-LIA_Cinamak,42.05,20.45,site,"Cinamak, Kukes, Albania"
Albania_LIA-Roman_Republic_Cinamak,42.05,20.45,site,"Cinamak, Kukes, Albania"
Albania_LIA_Cinamak,42.05,20.45,site,"Cinamak, Kukes, Albania"
Albania_LNCA,41.15,20.17,country,Albania
Albania_Late_Medieval_Barc,40.65,20.75,site,"Barc, Korce, Albania"
Albania_MBA,41.15,20.17,country,Albania
Albania_MLBA-LIA_Cinamak,42.05,20.45,site,"Cinamak, Kukes, Albania"
Albanian,41.33,19.82,country,"Tirana, Albania"
Albanian_Gheg,42.07,19.51,region,"Shkoder, northern Albania"
Albanian_Gheg_Kosovo,42.66,21.16,region,"Pristina, Kosovo"
Albanian_Gheg_Montenegro,41.93,19.22,district,"Ulcinj, Montenegro"
Albanian_Gheg_North_Macedonia,42.01,20.97,region,"Tetovo, North Macedonia"
Albanian_Gheg_Serbia,42.31,21.65,district,"Presevo Valley, Serbia"
Albanian_Tosk,40.62,20.78,region,"Korce, southern Albania"
Albanian_Tosk_Cham_Greece,39.5,20.4,region,"Chameria (Thesprotia), Epirus, Greece"
Albanian_Tosk_North_Macedonia,41.18,20.68,district,"Struga, North Macedonia"
Aleut_(European-Mixed),53.87,-166.54,ethnic,"Unalaska, Aleutian Islands, Alaska, USA"
Algeria_N,36.2,4.5,country,Northern Algeria
Algeria_Roman_Empire-Late_Antiquity_Sitifis,36.19,5.41,site,"Sitifis (Setif), Algeria"
Algeria_Roman_Empire_Sitifis,36.19,5.41,site,"Sitifis (Setif), Algeria"
Algerian_Arab,36.75,3.06,country,"Algiers, Algeria"
Algerian_Arab-Berber,36.2,2.8,country,northern Algeria
Algerian_Arab_Algiers,36.75,3.06,site,"Algiers, Algeria"
Algerian_Jew,36.75,3.06,ethnic,"Algiers, Algeria"
Algonquin_(European-Mixed),46.8,-77.0,ethnic,"Ottawa Valley, Quebec/Ontario, Canada"
Alor,-8.25,124.6,district,"Alor Island, Indonesia"
Alsatian_Bas-Rhin,48.58,7.75,district,"Strasbourg, Bas-Rhin, France"
Alsatian_Haut-Rhin,48.08,7.36,district,"Colmar, Haut-Rhin, France"
Altai-Kizhi,50.75,86.15,ethnic,"Ongudai, southern Altai Republic, Russia"
Altai_EBA_Afanasievo,51.5,86.0,region,"Altai Mountains, Russia"
Altai_Early_Medieval_Kytmanovo,53.46,85.45,site,"Kytmanovo, Altai Krai, Russia"
Altai_Eneolithic_Bol'shoy_Mys_Kostenkova_Izbushka,52.45,84.95,guess,"Bolshoy Mys, Lake Itkul, Altai Krai, Russia"
Altai_MLBA_Andronovo_Kytmanovo,53.46,85.45,site,"Kytmanovo, Altai Krai, Russia"
Altai_N-Eneolithic_Bol'shoy_Mys_Itkul,52.45,84.95,site,"Bolshoy Mys, Lake Itkul, Altai Krai, Russia"
Altai_N_Chumysh-Perekat,53.3,85.2,guess,"Chumysh river, Altai Krai, Russia"
Altai_N_Firsovo,53.25,83.95,site,"Firsovo, Altai Krai, Russia"
Altai_N_Kuznetsk-Altai_Ust-Isha,52.3,86.2,site,"Ust-Isha, Altai Krai, Russia"
Altai_N_Nizhnetytkesken,51.4,85.9,site,"Nizhnetytkesken cave, Altai Republic, Russia"
Altai_N_Novoaltaysk-Razvilka,53.41,83.94,site,"Novoaltaysk, Altai Krai, Russia"
Altai_N_Tuzovskie_Bugry,53.0,84.5,guess,"Tuzovskie Bugry, Altai Krai, Russia"
Altai_N_Ust-Isha,52.3,86.2,site,"Ust-Isha, Altai Krai, Russia"
Altai_UP_Denisova,51.4,84.68,site,"Denisova Cave, Altai Krai, Russia"
Altaian,51.96,85.96,ethnic,"Gorno-Altaysk, Altai Republic, Russia"
Alur,2.48,31.09,ethnic,"Nebbi, northwestern Uganda"
Amerindian_North,45.0,-100.0,guess,"Northern Great Plains, North America"
Amhara,11.6,37.4,ethnic,"Bahir Dar, Amhara, Ethiopia"
Ami,23.8,121.5,ethnic,"Hualien, eastern Taiwan"
Amur_IA_Oktyabr'skoe,50.7,128.3,guess,"Oktyabrsky district, Amur Oblast, Russia"
Anakalangu,-9.6,119.5,district,"Anakalang, Sumba, Indonesia"
Anatolia_Achaemenid-Hellenistic_Halicarnassus,37.04,27.43,site,"Halicarnassus (Bodrum), Turkey"
Anatolia_Archaic-Achaemenid_Degirmendere,38.11,27.14,site,"Degirmendere (Kolophon), Izmir, Turkey"
Anatolia_CA_Kuriki_Hoyuk,37.8,41.4,site,"Kuriki Hoyuk, Batman, Turkey"
Anatolia_Classical-Achaemenid_Halicarnassus,37.04,27.43,site,"Halicarnassus (Bodrum), Turkey"
Anatolia_EBA_Amasya,40.65,35.83,site,"Amasya, Turkey"
Anatolia_EBA_Arslantepe,38.38,38.36,site,"Arslantepe, Malatya, Turkey"
Anatolia_EBA_Isparta,37.76,30.55,district,"Isparta, Turkey"
Anatolia_EBA_Izmir_Yassitepe,38.46,27.2,site,"Yassitepe, Izmir, Turkey"
Anatolia_EBA_Ovaoren,38.95,34.6,site,"Ovaoren, Nevsehir, Turkey"
Anatolia_ECA_Buyukkaya,40.02,34.62,site,"Buyukkaya, Bogazkoy, Corum, Turkey"
Anatolia_Early-High_Medieval_Stratonikeia,37.31,28.06,site,"Stratonikeia, Mugla, Turkey"
Anatolia_Early_Medieval_(Byzantine)_Ilipinar,40.47,29.3,site,"Ilipinar, Bursa, Turkey"
Anatolia_Early_Medieval_(Byzantine)_Nicaea,40.43,29.72,site,"Nicaea (Iznik), Turkey"
Anatolia_Early_Medieval_(Byzantine)_Samantas,40.4,29.5,guess,"Samantas, Bithynia, Turkey"
Anatolia_Early_Medieval_(Byzantine)_Zeytinliada,40.4,27.8,site,"Zeytinliada, Erdek, Balikesir, Turkey"
Anatolia_Early_Modern_Capalibag,39.4,28.0,guess,"Capalibag, western Anatolia, Turkey"
Anatolia_Early_Modern_Kaman-Kalehoyuk,39.36,33.75,site,"Kaman-Kalehoyuk, Kirsehir, Turkey"
Anatolia_Early_Modern_Nicaea,40.43,29.72,site,"Nicaea (Iznik), Turkey"
Anatolia_Early_Modern_Zeytinliada,40.4,27.8,site,"Zeytinliada, Erdek, Balikesir, Turkey"
Anatolia_Hellenistic-Roman_Empire_Gordion,39.65,31.99,site,"Gordion, Ankara, Turkey"
Anatolia_Hellenistic-Roman_Republic_Ephesus,37.94,27.34,site,"Ephesus, Izmir, Turkey"
Anatolia_Hellenistic-Roman_Republic_Gordion,39.65,31.99,site,"Gordion, Ankara, Turkey"
Anatolia_Hellenistic-Roman_Republic_Halicarnassus,37.04,27.43,site,"Halicarnassus (Bodrum), Turkey"
Anatolia_Hellenistic-Roman_Republic_Kaman-Kalehoyuk,39.36,33.75,site,"Kaman-Kalehoyuk, Kirsehir, Turkey"
Anatolia_Hellenistic-Roman_Republic_Samsun,41.29,36.33,site,"Samsun, Turkey"
Anatolia_High_Medieval-Late_Modern_Bogazkoy,40.02,34.62,site,"Bogazkoy, Corum, Turkey"
Anatolia_High_Medieval_Stratonikeia,37.31,28.06,site,"Stratonikeia, Mugla, Turkey"
Anatolia_IA_Gordion,39.65,31.99,site,"Gordion, Ankara, Turkey"
Anatolia_LCA-EBA_Ulucak,38.45,27.35,site,"Ulucak Hoyuk, Izmir, Turkey"
Anatolia_LCA_Arslantepe,38.38,38.36,site,"Arslantepe, Malatya, Turkey"
Anatolia_LCA_Barcin,40.27,29.6,site,"Barcin Hoyuk, Bursa, Turkey"
Anatolia_LCA_Camlibel_Tarlasi,40.05,34.55,site,"Camlibel Tarlasi, Corum, Turkey"
Anatolia_LCA_Ikiztepe,41.65,35.88,site,"Ikiztepe, Samsun, Turkey"
Anatolia_LCA_Ilipinar,40.47,29.3,site,"Ilipinar, Bursa, Turkey"
Anatolia_LN_Kumtepe,39.98,26.23,site,"Kumtepe, Canakkale, Turkey"
Anatolia_Late_Antiquity-Early_Medieval_(Byzantine)_Nicaea,40.43,29.72,site,"Nicaea (Iznik), Turkey"
Anatolia_Late_Antiquity-Early_Medieval_(Byzantine)_Zeytinliada,40.4,27.8,site,"Zeytinliada, Erdek, Balikesir, Turkey"
Anatolia_Late_Antiquity_(Roman_Empire-Byzantine)_Nicaea,40.43,29.72,site,"Nicaea (Iznik), Turkey"
Anatolia_Late_Antiquity_Bogazkoy,40.02,34.62,site,"Bogazkoy, Corum, Turkey"
Anatolia_Late_Antiquity_Samsun,41.29,36.33,site,"Samsun, Turkey"
Anatolia_Late_Medieval-Early_Modern_Capalibag,39.4,28.0,guess,"Capalibag, western Anatolia, Turkey"
Anatolia_Late_Medieval_Capalibag,39.4,28.0,guess,"Capalibag, western Anatolia, Turkey"
Anatolia_MBA_Cine-Tepecik,37.6,27.95,site,"Cine-Tepecik, Aydin, Turkey"
Anatolia_MBA_Izmir_Yassitepe,38.46,27.2,site,"Yassitepe, Izmir, Turkey"
Anatolia_MLBA_Kaman-Kalehoyuk,39.36,33.75,site,"Kaman-Kalehoyuk, Kirsehir, Turkey"
Anatolia_Mesolithic_Pinarbasi,37.5,33.05,site,"Pinarbasi, Konya, Turkey"
Anatolia_N_Aceramic_Asikli_Hoyuk,38.35,34.23,site,"Asikli Hoyuk, Aksaray, Turkey"
Anatolia_N_Aceramic_Boncuklu,37.77,32.85,site,"Boncuklu Hoyuk, Konya, Turkey"
Anatolia_N_Aceramic_Musular,38.35,34.22,site,"Musular, Aksaray, Turkey"
Anatolia_N_Ceramic_Aktopraklik,40.2,28.75,site,"Aktopraklik, Bursa, Turkey"
Anatolia_N_Ceramic_Barcin,40.27,29.6,site,"Barcin Hoyuk, Bursa, Turkey"
Anatolia_N_Ceramic_Catalhoyuk,37.67,32.83,site,"Catalhoyuk, Konya, Turkey"
Anatolia_N_Ceramic_Ilipinar,40.47,29.3,site,"Ilipinar, Bursa, Turkey"
Anatolia_N_Ceramic_Mentese,40.27,29.65,site,"Mentese Hoyuk, Bursa, Turkey"
Anatolia_N_Ceramic_Tepecik_Ciftlik,38.05,34.55,site,"Tepecik-Ciftlik, Nigde, Turkey"
Anatolia_Roman_Empire-Late_Antiquity_Bogazkoy,40.02,34.62,site,"Bogazkoy, Corum, Turkey"
Anatolia_Roman_Empire_Camandiras-Dalagoz,38.5,30.5,guess,"Camandiras-Dalagoz, western Anatolia, Turkey"
Anatolia_Roman_Republic-Empire_Apollonia_ad_Rhyndacum,40.17,28.68,site,"Apollonia ad Rhyndacum (Golyazi), Bursa, Turkey"
Andhra_Pradeshi_Brahmin,16.5,80.6,region,"Andhra Pradesh, India"
Andi,42.75,46.2,ethnic,"Andi, Botlikhsky District, Dagestan, Russia"
Anglo-American,39.5,-98.35,country,United States
Anglo-American_Utah,40.76,-111.89,district,"Salt Lake City, Utah, USA"
Anglo-Canadian,43.65,-79.38,country,"Toronto, Ontario, Canada"
Anglo-New_Zealander,-41.29,174.78,country,"Wellington, New Zealand"
Anuak_Ethiopia,8.25,34.59,ethnic,"Gambela, Ethiopia"
Argentina_Aconcagua_500BP,-32.65,-70.01,site,"Aconcagua, Mendoza, Argentina"
Argentina_Arroyo_Seco_II_7700BP,-38.36,-60.24,site,"Arroyo Seco 2, Tres Arroyos, Buenos Aires, Argentina"
Argentina_Calingasta_1450BP,-31.33,-69.42,site,"Calingasta, San Juan, Argentina"
Argentina_Fuego_Patagonian,-54.0,-68.0,region,"Tierra del Fuego, Argentina"
Argentina_Haush_400BP,-54.75,-66.0,ethnic,"Peninsula Mitre, Tierra del Fuego, Argentina"
Argentina_La_Arcillosa_2_5800BP,-53.4,-68.1,site,"La Arcillosa 2, Tierra del Fuego, Argentina"
Argentina_Laguna_Chica_1600BP,-37.5,-62.8,guess,"Laguna Chica, Buenos Aires province, Argentina"
Argentina_Laguna_Chica_6800BP,-37.5,-62.8,guess,"Laguna Chica, Buenos Aires province, Argentina"
Argentina_Laguna_Toro_2400BP,-38.0,-62.0,guess,"Laguna Toro, Pampas, Argentina"
Argentina_Selknam_500BP,-53.8,-68.3,ethnic,"Tierra del Fuego (Selknam), Argentina"
Argentina_Yamana_100BP,-54.9,-67.6,ethnic,"Beagle Channel (Yamana), Argentina"
Argentina_Yamana_1500BP,-54.9,-67.6,ethnic,"Beagle Channel (Yamana), Argentina"
Argentine_Euro-Mestizo,-34.6,-58.38,country,"Buenos Aires, Argentina"
Ari,5.78,36.57,ethnic,"Jinka, South Omo, Ethiopia"
Ari_Blacksmith,5.78,36.57,ethnic,"Jinka, South Omo, Ethiopia"
Ari_Cultivator,5.78,36.57,ethnic,"Jinka, South Omo, Ethiopia"
Aringa,3.46,31.25,ethnic,"Yumbe District, Uganda"
Armenia_Achaemenid-Hellenistic_(Orontid)_Karmir_Blur,40.15,44.47,site,"Karmir Blur, Yerevan, Armenia"
Armenia_Achaemenid-Hellenistic_(Orontid)_Keti,40.75,43.95,site,"Keti, Shirak, Armenia"
Armenia_Achaemenid-Hellenistic_(Orontid)_Noratus,40.38,45.18,site,"Noratus, Gegharkunik, Armenia"
Armenia_Achaemenid_(Orontid)_Beniamin,40.68,43.9,site,"Beniamin, Shirak, Armenia"
Armenia_CA_Areni,39.73,45.2,site,"Areni-1 cave, Vayots Dzor, Armenia"
Armenia_EBA_Kura-Araxes_Berkaber,41.02,45.12,site,"Berkaber, Tavush, Armenia"
Armenia_EBA_Kura-Araxes_Kalavan,40.65,45.25,site,"Kalavan, Gegharkunik, Armenia"
Armenia_EBA_Kura-Araxes_Kaps,40.85,43.85,site,"Kaps, Shirak, Armenia"
Armenia_EBA_Kura-Araxes_Karnut,40.87,43.83,site,"Karnut, Shirak, Armenia"
Armenia_EBA_Kura-Araxes_Talin,40.39,43.88,site,"Talin, Aragatsotn, Armenia"
Armenia_EIA_Lchashen-Metsamor_Bagheri_Tchala,40.6,43.9,guess,"Bagheri Chala, Shirak, Armenia"
Armenia_EIA_Lchashen-Metsamor_Beniamin,40.68,43.9,site,"Beniamin, Shirak, Armenia"
Armenia_EIA_Lchashen-Metsamor_Bover,41.05,44.65,site,"Bover, Lori, Armenia"
Armenia_EIA_Lchashen-Metsamor_Bragdzor,40.9,44.5,guess,"Bragdzor, Lori, Armenia"
Armenia_EIA_Lchashen-Metsamor_Kapan,39.21,46.41,site,"Kapan, Syunik, Armenia"
Armenia_EIA_Lchashen-Metsamor_Karashamb,40.45,44.65,site,"Karashamb, Kotayk, Armenia"
Armenia_EIA_Lchashen-Metsamor_Karmir_Blur,40.15,44.47,site,"Karmir Blur, Yerevan, Armenia"
Armenia_EIA_Lchashen-Metsamor_Karnut,40.87,43.83,site,"Karnut, Shirak, Armenia"
Armenia_EIA_Lchashen-Metsamor_Keti,40.75,43.95,site,"Keti, Shirak, Armenia"
Armenia_EIA_Lchashen-Metsamor_Norabak,40.2,45.7,site,"Norabak, Gegharkunik, Armenia"
Armenia_EIA_Lchashen-Metsamor_Noratus,40.38,45.18,site,"Noratus, Gegharkunik, Armenia"
Armenia_EIA_Lchashen-Metsamor_Pijut,40.7,43.9,guess,"Pijut, Shirak, Armenia"
Armenia_EIA_Lchashen-Metsamor_Sarukhan,40.45,45.05,site,"Sarukhan, Gegharkunik, Armenia"
Armenia_Hellenistic-Roman_Empire_(Artaxiad)_Beniamin,40.68,43.9,site,"Beniamin, Shirak, Armenia"
Armenia_Hellenistic-Roman_Empire_(Artaxiad)_Sarukhan,40.45,45.05,site,"Sarukhan, Gegharkunik, Armenia"
Armenia_Hellenistic-Roman_Empire_(Artaxiad-Arsacid)_Aghitu,39.55,46.05,site,"Aghitu, Syunik, Armenia"
Armenia_High_Medieval_Agarak,40.3,44.3,site,"Agarak, Aragatsotn, Armenia"
Armenia_IA_Lchashen-Metsamor/Urartian-Median/Achaemenid_Bardzryal,40.8,43.95,guess,"Bardzryal, Shirak, Armenia"
Armenia_IA_Lchashen-Metsamor/Urartian-Median/Achaemenid_Bover,41.05,44.65,site,"Bover, Lori, Armenia"
Armenia_IA_Lchashen-Metsamor/Urartian-Median/Achaemenid_Harjis,39.55,46.0,site,"Harzhis, Syunik, Armenia"
Armenia_IA_Lchashen-Metsamor/Urartian-Median/Achaemenid_Karmir_Blur,40.15,44.47,site,"Karmir Blur, Yerevan, Armenia"
Armenia_IA_Lchashen-Metsamor/Urartian-Median/Achaemenid_Keti,40.75,43.95,site,"Keti, Shirak, Armenia"
Armenia_IA_Lchashen-Metsamor/Urartian-Median/Achaemenid_Lori_Berd,41.05,44.42,site,"Lori Berd, Lori, Armenia"
Armenia_IA_Lchashen-Metsamor/Urartian-Median/Achaemenid_Noratus,40.38,45.18,site,"Noratus, Gegharkunik, Armenia"
Armenia_IA_Lchashen-Metsamor/Urartian-Median/Achaemenid_Pijut,40.7,43.9,guess,"Pijut, Shirak, Armenia"
Armenia_IA_Lchashen-Metsamor/Urartian_Bardzryal,40.8,43.95,guess,"Bardzryal, Shirak, Armenia"
Armenia_IA_Lchashen-Metsamor/Urartian_Beniamin,40.68,43.9,site,"Beniamin, Shirak, Armenia"
Armenia_IA_Lchashen-Metsamor/Urartian_Bover,41.05,44.65,site,"Bover, Lori, Armenia"
Armenia_IA_Lchashen-Metsamor/Urartian_Karmir_Blur,40.15,44.47,site,"Karmir Blur, Yerevan, Armenia"
Armenia_LBA-EIA_Lchashen-Metsamor_Beniamin,40.68,43.9,site,"Beniamin, Shirak, Armenia"
Armenia_LBA-EIA_Lchashen-Metsamor_Noratus,40.38,45.18,site,"Noratus, Gegharkunik, Armenia"
Armenia_LBA_Keti,40.75,43.95,site,"Keti, Shirak, Armenia"
Armenia_LBA_Lchashen-Metsamor_Beniamin,40.68,43.9,site,"Beniamin, Shirak, Armenia"
Armenia_LBA_Lchashen-Metsamor_Black_Fortress,40.78,43.85,site,"Black Fortress (Sev Berd), Gyumri, Armenia"
Armenia_LBA_Lchashen-Metsamor_Dzori_Gekh,40.9,44.5,guess,"Dzori Gekh, Lori, Armenia"
Armenia_LBA_Lchashen-Metsamor_Karashamb,40.45,44.65,site,"Karashamb, Kotayk, Armenia"
Armenia_LBA_Lchashen-Metsamor_Lchashen,40.52,44.93,site,"Lchashen, Gegharkunik, Armenia"
Armenia_LBA_Lchashen-Metsamor_Lernakert,40.62,43.95,site,"Lernakert, Shirak, Armenia"
Armenia_LBA_Lchashen-Metsamor_Lori_Berd,41.05,44.42,site,"Lori Berd, Lori, Armenia"
Armenia_LBA_Lchashen-Metsamor_Nerkin_Getashen,40.15,45.28,site,"Nerkin Getashen, Gegharkunik, Armenia"
Armenia_LBA_Lchashen-Metsamor_Noratus,40.38,45.18,site,"Noratus, Gegharkunik, Armenia"
Armenia_LBA_Lchashen-Metsamor_Sarukhan,40.45,45.05,site,"Sarukhan, Gegharkunik, Armenia"
Armenia_LBA_Lchashen-Metsamor_Tekhut,40.9,44.0,guess,"Tekhut, northern Armenia"
Armenia_LN_Aratashen-Shulaveri-Shomutepe,40.13,44.13,site,"Aratashen, Armavir, Armenia"
Armenia_Late_Antiquity-Early_Medieval_Beniamin,40.68,43.9,site,"Beniamin, Shirak, Armenia"
Armenia_Late_Antiquity_Sarukhan_(Arsacid),40.45,45.05,site,"Sarukhan, Gegharkunik, Armenia"
Armenia_MBA_Trialeti,40.5,44.5,region,Northern Armenia (Trialeti culture)
Armenia_MLBA_Katnaghhiur,40.32,44.1,site,"Katnaghbyur, Aragatsotn, Armenia"
Armenia_MLBA_Lchashen,40.52,44.93,site,"Lchashen, Gegharkunik, Armenia"
Armenia_Roman_Republic-Empire_(Artaxiad)_Beniamin,40.68,43.9,site,"Beniamin, Shirak, Armenia"
Armenia_Roman_Republic-Late_Antiquity_(Artaxiad-Arsacid)_Beniamin,40.68,43.9,site,"Beniamin, Shirak, Armenia"
Armenian,40.18,44.51,country,"Yerevan, Armenia"
Armenian_Adana,37.0,35.32,site,"Adana, Turkey"
Armenian_Aintab,37.07,37.38,site,"Gaziantep (Aintab), Turkey"
Armenian_Alashkert,39.8,42.68,site,"Eleskirt (Alashkert), Agri, Turkey"
Armenian_Amasia,40.65,35.83,site,"Amasya, Turkey"
Armenian_Ararat,39.95,44.55,district,"Ararat Province, Armenia"
Armenian_Artsakh,39.82,46.75,region,"Stepanakert, Nagorno-Karabakh"
Armenian_Artvin,41.18,41.82,district,"Artvin, Turkey"
Armenian_Ashtarak,40.3,44.36,site,"Ashtarak, Armenia"
Armenian_Bayazet,39.55,44.08,site,"Dogubayazit (Bayazet), Turkey"
Armenian_Erzurum,39.9,41.27,site,"Erzurum, Turkey"
Armenian_Gardman,40.6,46.0,region,"Gardman (Shamkir/Gadabay), Azerbaijan"
Armenian_Gegharkunik,40.35,45.13,district,"Gegharkunik Province, Armenia"
Armenian_Gesaria,38.73,35.49,site,"Kayseri (Gesaria), Turkey"
Armenian_Gurin,38.72,37.27,site,"Gurun, Sivas, Turkey"
Armenian_Halep,36.2,37.16,site,"Aleppo, Syria"
Armenian_Hemshin,41.05,40.9,district,"Hemsin, Rize, Turkey"
Armenian_Iran,32.64,51.65,country,"New Julfa, Isfahan, Iran"
Armenian_Kars,40.6,43.1,site,"Kars, Turkey"
Armenian_Kessab,35.93,35.99,site,"Kessab, Syria"
Armenian_Kharberd,38.71,39.22,site,"Harput (Kharberd), Elazig, Turkey"
Armenian_Lebanon,33.89,35.54,country,"Bourj Hammoud, Beirut, Lebanon"
Armenian_Lori,40.81,44.49,district,"Lori Province (Vanadzor), Armenia"
Armenian_Mardin,37.31,40.74,site,"Mardin, Turkey"
Armenian_Mush,38.73,41.49,site,"Mus, Turkey"
Armenian_Parspatunik,38.6,44.8,guess,"Parspatunik, historical Vaspurakan, Turkey/Iran border"
Armenian_Sasun,38.33,41.4,site,"Sason (Sasun), Batman, Turkey"
Armenian_Sebastia,39.75,37.02,site,"Sivas (Sebastia), Turkey"
Armenian_Shamakhi,40.63,48.64,site,"Shamakhi, Azerbaijan"
Armenian_Syunik,39.2,46.4,district,"Syunik Province (Kapan), Armenia"
Armenian_Tigranakert_(Diyarbakir),37.91,40.24,site,"Diyarbakir, Turkey"
Armenian_Urfa,37.15,38.79,site,"Sanliurfa, Turkey"
Armenian_Van,38.49,43.38,site,"Van, Turkey"
Armenian_Yerevan,40.18,44.51,site,"Yerevan, Armenia"
Ashaninka,-11.0,-74.3,ethnic,"Junin/Ucayali, Peruvian Amazon"
Ashkenazi_Jew,52.23,21.01,guess,"Warsaw, Poland"
Ashkenazi_Jew_Austria,48.21,16.37,country,"Vienna, Austria"
Ashkenazi_Jew_Belarus,53.9,27.57,country,"Minsk, Belarus"
Ashkenazi_Jew_France,48.86,2.35,country,"Paris, France"
Ashkenazi_Jew_Germany,52.52,13.4,country,"Berlin, Germany"
Ashkenazi_Jew_Latvia,56.95,24.11,country,"Riga, Latvia"
Ashkenazi_Jew_Lithuania,54.69,25.28,country,"Vilnius, Lithuania"
Ashkenazi_Jew_Poland,52.23,21.01,country,"Warsaw, Poland"
Ashkenazi_Jew_Romania,44.43,26.1,country,"Bucharest, Romania"
Ashkenazi_Jew_Russia,55.76,37.62,country,"Moscow, Russia"
Ashkenazi_Jew_Ukraine,50.45,30.52,country,"Kyiv, Ukraine"
Assamese,26.14,91.74,region,"Guwahati, Assam, India"
Assamese_Brahmin,26.14,91.74,region,"Guwahati, Assam, India"
Assyrian_Chaldean_Catholic_Iraq,36.73,43.1,region,"Alqosh, Nineveh Plains, Iraq"
Assyrian_Iran_Urmia,37.55,45.07,site,"Urmia, Iran"
Assyrian_Iraq,36.5,43.2,region,"Nineveh Plains, Iraq"
Assyrian_Syriac_Orthodox_Turkey_Tur_Abdin,37.42,41.37,district,"Midyat, Tur Abdin, Turkey"
Assyrian_Turkey_Hakkari,37.58,43.74,district,"Hakkari, Turkey"
Asur,23.5,84.5,ethnic,"Netarhat/Gumla, Jharkhand, India"
Atayal,24.4,121.3,ethnic,"northern mountains, Taiwan"
Australia_Barham_1600-1400BP,-35.63,144.13,site,"Barham, New South Wales, Australia"
Australia_Cairns_420BP,-16.92,145.77,site,"Cairns, Queensland, Australia"
Australia_Mapoon_112BP,-12.0,141.9,site,"Mapoon, Cape York, Queensland, Australia"
Australia_Weipa_112BP,-12.63,141.88,site,"Weipa, Cape York, Queensland, Australia"
Australia_Willandra_Lakes_4000BP,-33.75,143.05,site,"Willandra Lakes, New South Wales, Australia"
Australian_Aboriginal,-23.7,133.88,ethnic,"Alice Springs, Northern Territory, Australia"
Austria_EN_LBK_Kleinhadersdorf,48.62,16.63,site,"Kleinhadersdorf, Lower Austria, Austria"
Austria_Early_Medieval_Avar_Period,48.0,16.7,region,Eastern Austria (Avar period)
Austria_Early_Medieval_Moedling_Lerchengasse,48.09,16.29,site,"Moedling, Lower Austria, Austria"
Austria_Early_Medieval_Pottenbrunn,48.23,15.7,site,"Pottenbrunn, Lower Austria, Austria"
Austria_Early_Medieval_Wels,48.16,14.03,site,"Wels, Upper Austria, Austria"
Austria_IA_La_Tene,47.5,14.0,country,Austria
Austria_LN_LBK_Asparn_Schletz,48.58,16.5,site,"Asparn-Schletz, Lower Austria, Austria"
Austria_Late_Antiquity-Early_Medieval_Lombard_Moedling_Leinerinnen,48.09,16.29,site,"Moedling, Lower Austria, Austria"
Austria_Late_Antiquity_Klosterneuburg,48.31,16.33,site,"Klosterneuburg, Lower Austria, Austria"
Austria_Late_Modern_Vienna,48.21,16.37,site,"Vienna, Austria"
Austria_MLN_LBK_Kleinhadersdorf,48.62,16.63,site,"Kleinhadersdorf, Lower Austria, Austria"
Austria_MLN_LBK_Ratzerdorf,48.22,15.66,site,"Ratzersdorf, St. Poelten, Lower Austria, Austria"
Austria_Mesolithic_Wollersdorf,47.85,16.17,site,"Woellersdorf, Lower Austria, Austria"
Austria_Roman_Empire-Late_Antiquity_Klosterneuburg,48.31,16.33,site,"Klosterneuburg, Lower Austria, Austria"
Austria_Roman_Empire-Late_Antiquity_Wels,48.16,14.03,site,"Wels, Upper Austria, Austria"
Austria_Roman_Empire_Klosterneuburg,48.31,16.33,site,"Klosterneuburg, Lower Austria, Austria"
Austria_Roman_Empire_Wels,48.16,14.03,site,"Wels, Upper Austria, Austria"
Austria_UP_Gravettian_Krems,48.41,15.6,site,"Krems-Wachtberg, Lower Austria, Austria"
Austrian,48.21,16.37,country,"Vienna, Austria"
Austrian_Carinthia,46.62,14.31,district,"Klagenfurt, Carinthia, Austria"
Avar,42.55,46.7,ethnic,"Khunzakh, Dagestan, Russia"
Awadhi_Brahmin_Saryupareen,26.79,82.2,region,"Ayodhya, Awadh, Uttar Pradesh, India"
Awadhi_Muslim,26.85,80.95,region,"Lucknow, Awadh, Uttar Pradesh, India"
Aymara_Bolivia,-16.5,-68.15,ethnic,"La Paz, Bolivia"
Aymara_Peru,-15.84,-70.02,ethnic,"Puno, Peru"
Aymara_Peru_Titicaca,-15.8,-69.5,district,"Lake Titicaca, Peru"
Azerbaijan_EN_Mentesh_Tepe,40.98,45.55,site,"Mentesh Tepe, Tovuz, Azerbaijan"
Azerbaijan_LCA_Alkhantepe,39.9,47.7,guess,"Alkhantepe, Mil plain, Azerbaijan"
Azerbaijan_LN_Mentesh_Tepe,40.98,45.55,site,"Mentesh Tepe, Tovuz, Azerbaijan"
Azerbaijan_LN_Polutepe,39.25,48.5,site,"Polutepe, Jalilabad, Azerbaijan"
Azerbaijan_Roman_Empire-Late_Antiquity_Shamakhi,40.63,48.64,site,"Shamakhi, Azerbaijan"
Azeri_Armenia,40.18,44.51,country,Armenia (former Azeri communities)
Azeri_Azerbaijan,40.41,49.87,country,"Baku, Azerbaijan"
Azeri_Azerbaijan_Aghjabadi,40.05,47.46,site,"Aghjabadi, Azerbaijan"
Azeri_Azerbaijan_Aghstafa,41.12,45.45,site,"Agstafa, Azerbaijan"
Azeri_Azerbaijan_Gabala,40.98,47.85,site,"Gabala, Azerbaijan"
Azeri_Azerbaijan_Karabakh,39.87,46.75,region,"Karabakh, Azerbaijan"
Azeri_Azerbaijan_Nakhchivan,39.21,45.41,region,"Nakhchivan, Azerbaijan"
Azeri_Azerbaijan_Qazax,41.09,45.37,site,"Qazax, Azerbaijan"
Azeri_Azerbaijan_Shaki,41.19,47.17,site,"Shaki, Azerbaijan"
Azeri_Azerbaijan_Shamkir,40.83,46.02,site,"Shamkir, Azerbaijan"
Azeri_Dagestan,42.06,48.29,district,"Derbent, Dagestan, Russia"
Azeri_Georgia,41.47,44.81,district,"Marneuli, Kvemo Kartli, Georgia"
Azeri_Iran,38.08,46.29,region,"Iranian Azerbaijan (Tabriz), Iran"
Azeri_Iran_Ardabil,38.25,48.29,district,"Ardabil, Iran"
Azeri_Iran_East_Azerbaijan_Tabriz,38.08,46.29,site,"Tabriz, Iran"
Azeri_Iran_Tehran,35.69,51.39,site,"Tehran, Iran"
Azeri_Iran_West_Azerbaijan_Maku,39.29,44.51,site,"Maku, Iran"
Azeri_Iran_Zanjan,36.68,48.5,district,"Zanjan, Iran"
Azeri_Turkey_Igdir,39.92,44.04,site,"Igdir, Turkey"
Azeri_Turkey_Kars,40.6,43.1,site,"Kars, Turkey"
Baggara_Chad_A,12.1,20.3,ethnic,"Salamat/Batha, Chad"
Baggara_Chad_B,12.1,20.3,ethnic,"Salamat/Batha, Chad"
Baggara_Chad_C,12.1,20.3,ethnic,"Salamat/Batha, Chad"
Baggara_Messiria_Sudan,11.8,28.4,ethnic,"Muglad, West Kordofan, Sudan"
Baggara_Sudan,12.0,27.0,ethnic,"Kordofan/Darfur, Sudan"
Bagvalal,42.3,46.0,ethnic,"Tsumadinsky District, Dagestan, Russia"
Bahamas_Ceramic,24.5,-76.5,country,Bahamas
Bahamas_Precolonial_Taino,24.5,-76.5,country,Bahamas
Bahrain_Early_Medieval,26.07,50.55,country,Bahrain
Bahrain_Hellenistic-Late_Antiquity,26.07,50.55,country,Bahrain
Bahrain_Late_Antiquity-Early_Medieval,26.07,50.55,country,Bahrain
Bai,25.6,100.27,ethnic,"Dali, Yunnan, China"
Bai_Guizhou_Bijie,27.3,105.29,site,"Bijie, Guizhou, China"
Baining,-4.4,152.0,ethnic,"East New Britain, Papua New Guinea"
Bajo,-5.3,123.0,ethnic,"Bajo (Sama-Bajau), southeast Sulawesi, Indonesia"
Baka,2.7,14.5,ethnic,southeastern Cameroon
Bakoko,3.8,10.13,ethnic,"Edea, Cameroon"
Bakola,2.95,10.2,ethnic,"Kribi hinterland, southwestern Cameroon"
Baleares_Formentera_MBA,38.7,1.43,district,"Formentera, Balearic Islands, Spain"
Baleares_Ibiza_Punic,38.91,1.43,district,"Ibiza, Balearic Islands, Spain"
Baleares_Mallorca_EBA,39.62,2.98,district,"Mallorca, Balearic Islands, Spain"
Baleares_Menorca_LBA,39.95,4.1,district,"Menorca, Balearic Islands, Spain"
Balinese,-8.4,115.19,ethnic,"Bali, Indonesia"
Balkar,43.4,42.9,ethnic,"Tyrnyauz, Kabardino-Balkaria, Russia"
Balochi_Iran,29.5,60.86,region,"Zahedan, Sistan and Baluchestan, Iran"
Balochi_Pakistan,30.18,66.99,region,"Quetta, Balochistan, Pakistan"
Balti,35.3,75.63,ethnic,"Skardu, Baltistan, Pakistan"
Bamar,21.98,96.08,ethnic,"Mandalay, Myanmar"
Bambara_Mali,12.65,-8.0,ethnic,"Bamako/Segou, Mali"
Bangwa,5.6,9.95,ethnic,"Lebialem, Southwest Region, Cameroon"
Bari,4.85,31.58,ethnic,"Juba, South Sudan"
Bashkir,54.74,55.97,ethnic,"Ufa, Bashkortostan, Russia"
Bashkir_Baimaksky,52.59,58.31,district,"Baymaksky District, Bashkortostan, Russia"
Bashkir_Kugarchinsky,52.72,56.63,district,"Kugarchinsky District, Bashkortostan, Russia"
Bashkir_Miyakinsky,53.63,54.83,district,"Miyakinsky District, Bashkortostan, Russia"
Bashkortostan_IA_Sarmatian_Avlasovo,53.0,56.5,guess,"Avlasovo, Bashkortostan, Russia"
Bashkortostan_IA_Sarmatian_Ivanovka,52.9,55.9,guess,"Ivanovka, Bashkortostan, Russia"
Bashkortostan_IA_Sarmatian_Perevolochan,52.0,58.2,site,"Perevolochan, Khaybullinsky district, Bashkortostan, Russia"
Bashkortostan_IA_Sarmatian_Sibai,52.72,58.67,site,"Sibai, Bashkortostan, Russia"
Bashkortostan_IA_Sarmatian_Temyasovo,52.99,58.1,site,"Temyasovo, Baymaksky district, Bashkortostan, Russia"
Basque_France,43.49,-1.48,region,"Bayonne, French Basque Country"
Basque_France_Labourd,43.4,-1.45,district,"Labourd, Pyrenees-Atlantiques, France"
Basque_France_Lower_Navarre,43.16,-1.24,district,"Saint-Jean-Pied-de-Port, Lower Navarre, France"
Basque_France_Soule,43.22,-0.88,district,"Mauleon-Licharre, Soule, France"
Basque_Spain,43.26,-2.93,region,"Bilbao, Basque Country, Spain"
Basque_Spain_Alava,42.85,-2.67,district,"Vitoria-Gasteiz, Alava, Spain"
Basque_Spain_Biscay,43.26,-2.93,district,"Biscay, Spain"
Basque_Spain_Gipuzkoa_Central,43.13,-2.2,district,"central Gipuzkoa, Spain"
Basque_Spain_Gipuzkoa_Southwest,43.0,-2.42,district,"Onati/Bergara, southwest Gipuzkoa, Spain"
Basque_Spain_Gipuzkoa_Tolosa,43.13,-2.07,site,"Tolosa, Gipuzkoa, Spain"
Basque_Spain_Navarre,42.81,-1.64,district,"Pamplona, Navarre, Spain"
Basque_Spain_Navarre_Central-West,42.67,-2.03,district,"Estella, Navarre, Spain"
Basque_Spain_Navarre_Northwest,43.1,-1.7,district,"Baztan/Leitza, northwest Navarre, Spain"
Basque_Spain_Navarre_Roncal,42.8,-0.95,district,"Roncal Valley, Navarre, Spain"
Baster,-23.32,17.08,ethnic,"Rehoboth, Namibia"
Batak_Palawan,10.4,119.0,ethnic,"northern Palawan, Philippines"
Batak_Toba,2.6,98.9,ethnic,"Lake Toba, North Sumatra, Indonesia"
Bedik,12.53,-12.32,ethnic,"Bandafassi, Kedougou, Senegal"
Bedouin_Algeria,33.8,2.87,ethnic,"Laghouat, Algerian steppe"
Bedouin_Jordan,31.2,36.5,ethnic,"eastern desert, Jordan"
Bedouin_Libya,31.5,20.0,ethnic,"Cyrenaica, Libya"
Bedouin_Negev,31.25,34.79,district,"Negev (Beersheba), Israel"
Bedouin_Sudan_Rashaida,17.5,37.5,ethnic,"Red Sea coast, eastern Sudan"
Bedouin_Syria,34.6,38.3,ethnic,"Syrian Desert (Palmyra), Syria"
Bedzan,5.8,11.3,ethnic,"Ngambe Tikar, Cameroon"
Beja_Beni-Amer,15.45,36.4,ethnic,"Kassala, Sudan/Eritrea border"
Beja_Hadendowa,18.83,36.83,ethnic,"Sinkat, Red Sea State, Sudan"
Belarus_Early-High_Medieval,53.9,27.6,country,Belarus
Belarusian,53.9,27.57,country,"Minsk, Belarus"
Belgian,50.85,4.35,country,"Brussels, Belgium"
Belgium_Early-High_Medieval_Sint-Truiden,50.82,5.19,site,"Sint-Truiden, Limburg, Belgium"
Belgium_Early-Late_Modern_St._Rombout's,51.03,4.48,site,"St. Rombout's, Mechelen, Belgium"
Belgium_Early_Medieval_Merovingian_Koksijde,51.11,2.65,site,"Koksijde, West Flanders, Belgium"
Belgium_Early_Modern_St._Rombout's,51.03,4.48,site,"St. Rombout's, Mechelen, Belgium"
Belgium_High-Late_Medieval_St._Rombout's,51.03,4.48,site,"St. Rombout's, Mechelen, Belgium"
Belgium_High_Medieval_St._Rombout's,51.03,4.48,site,"St. Rombout's, Mechelen, Belgium"
Belgium_High_Medieval_Wulpen,51.09,2.72,site,"Wulpen, Koksijde, West Flanders, Belgium"
Belgium_LN_Vlaardingen_Pommeroeul,50.45,3.73,site,"Pommeroeul, Hainaut, Belgium"
Belgium_Late_Medieval-Early_Modern_St._Rombout's,51.03,4.48,site,"St. Rombout's, Mechelen, Belgium"
Belgium_Late_Medieval_St._Rombout's,51.03,4.48,site,"St. Rombout's, Mechelen, Belgium"
Belgium_Late_Medieval_Wulpen,51.09,2.72,site,"Wulpen, Koksijde, West Flanders, Belgium"
Belgium_Mesolithic_Abri_des_Autours,50.3,4.85,site,"Abri des Autours, Anhee, Namur, Belgium"
Belgium_Mesolithic_Malonne_Petit_Ri,50.44,4.8,site,"Malonne, Namur, Belgium"
Belgium_Mesolithic_Waulsort_Caverne_X,50.2,4.87,site,"Waulsort, Namur, Belgium"
Belgium_Roman_Empire-Late_Antiquity_Pommeroeul,50.45,3.73,site,"Pommeroeul, Hainaut, Belgium"
Belgium_Roman_Empire-Late_Antiquity_Tongeren,50.78,5.46,site,"Tongeren, Limburg, Belgium"
Belgium_UP_Aurignacian_Goyet,50.45,5.01,site,"Goyet caves, Namur, Belgium"
Belgium_UP_Gravettian_Goyet,50.45,5.01,site,"Goyet caves, Namur, Belgium"
Belgium_UP_Magdalenian_Goyet,50.45,5.01,site,"Goyet caves, Namur, Belgium"
Belize_Mayahak_Cab_Pek_3600BP,16.5,-88.9,site,"Mayahak Cab Pek, Bladen Nature Reserve, Belize"
Belize_Mayahak_Cab_Pek_4000BP,16.5,-88.9,site,"Mayahak Cab Pek, Bladen Nature Reserve, Belize"
Belize_Mayahak_Cab_Pek_4400BP,16.5,-88.9,site,"Mayahak Cab Pek, Bladen Nature Reserve, Belize"
Belize_Mayahak_Cab_Pek_4600BP,16.5,-88.9,site,"Mayahak Cab Pek, Bladen Nature Reserve, Belize"
Belize_Mayahak_Cab_Pek_4900BP,16.5,-88.9,site,"Mayahak Cab Pek, Bladen Nature Reserve, Belize"
Belize_Mayahak_Cab_Pek_5500BP,16.5,-88.9,site,"Mayahak Cab Pek, Bladen Nature Reserve, Belize"
Belize_Mayahak_Cab_Pek_9300BP,16.5,-88.9,site,"Mayahak Cab Pek, Bladen Nature Reserve, Belize"
Belize_Mayahak_Cab_Pek_9400BP,16.5,-88.9,site,"Mayahak Cab Pek, Bladen Nature Reserve, Belize"
Belize_Saki_Tzul_4600BP,16.5,-88.85,site,"Saki Tzul, Bladen Nature Reserve, Belize"
Belize_Saki_Tzul_4900BP,16.5,-88.85,site,"Saki Tzul, Bladen Nature Reserve, Belize"
Belize_Saki_Tzul_7400BP,16.5,-88.85,site,"Saki Tzul, Bladen Nature Reserve, Belize"
Bengali,22.57,88.36,region,"Bengal (Kolkata), India"
Bengali_Bangladesh,23.81,90.41,country,"Dhaka, Bangladesh"
Bengali_Bangladesh_Brahmanbaria,23.96,91.11,district,"Brahmanbaria, Bangladesh"
Bengali_Bangladesh_Southeast,22.36,91.78,region,"Chittagong, southeastern Bangladesh"
Bengali_Bangladesh_Sylhet,24.9,91.87,district,"Sylhet, Bangladesh"
Bengali_Brahmin_West_Bengal,22.57,88.36,region,"West Bengal (Kolkata), India"
Bengali_India,22.57,88.36,region,"West Bengal (Kolkata), India"
Berber_Algeria_Gourara_Timimoun,29.26,0.24,site,"Timimoun, Gourara, Algeria"
Berber_Algeria_Kabyle,36.71,4.05,region,"Tizi Ouzou, Kabylia, Algeria"
Berber_Algeria_Mozabite,32.49,3.67,site,"Ghardaia (Mzab), Algeria"
Berber_Algeria_Shawiya,35.55,6.17,region,"Aures (Batna), Algeria"
Berber_Algeria_Tuareg,22.79,5.53,region,"Tamanrasset, Algeria"
Berber_Egypt_Hawwara,26.16,32.72,district,"Qena, Upper Egypt"
Berber_Mali_Tuareg,18.44,1.41,region,"Kidal, Mali"
Berber_Morocco_Central_Atlas_Tamazight,32.94,-5.67,region,"Khenifra, Middle Atlas, Morocco"
Berber_Morocco_Central_Atlas_Tamazight_Errachidia,31.93,-4.42,site,"Errachidia, Morocco"
Berber_Morocco_Eastern_Middle_Atlas_Tamazight,33.37,-4.73,district,"Boulemane, eastern Middle Atlas, Morocco"
Berber_Morocco_Riffian,35.25,-3.93,region,"Al Hoceima, Rif, Morocco"
Berber_Morocco_Senhaja_de_Srair,34.9,-4.55,district,"Ketama, Senhaja de Srair, Morocco"
Berber_Morocco_Shilha,30.42,-9.6,region,"Souss (Agadir), Morocco"
Berber_Morocco_Shilha_Ait_Atta,31.0,-6.0,district,"Jbel Saghro (Ait Atta), Morocco"
Berber_Morocco_Shilha_Ouarzazate,30.93,-6.91,site,"Ouarzazate, Morocco"
Berber_Morocco_Shilha_Tiznit,29.7,-9.73,site,"Tiznit, Morocco"
Berber_Tunisia_East_Zenati_Chenini,32.9,10.27,site,"Chenini, Tataouine, Tunisia"
Berber_Tunisia_East_Zenati_Djerba,33.8,10.86,site,"Djerba, Tunisia"
Berber_Tunisia_East_Zenati_Matmata,33.54,9.97,site,"Matmata, Tunisia"
Berber_Tunisia_East_Zenati_Sened,34.5,9.36,site,"Sened, Gafsa, Tunisia"
Berber_Tunisia_East_Zenati_Tamezret,33.55,9.87,site,"Tamezret, Gabes, Tunisia"
Berber_Tunisia_East_Zenati_Zraoua,33.6,9.9,site,"Zraoua, Gabes, Tunisia"
Besermyan,58.14,52.66,ethnic,"Yukamensky/Glazov, Udmurtia, Russia"
Beta_Israel_(Ethiopian_Jew),12.6,37.47,ethnic,"Gondar, Ethiopia"
Bezhta,42.1,46.1,ethnic,"Bezhta, Tsuntinsky District, Dagestan, Russia"
Bhojpuri_Kshatriya,25.56,84.66,region,"Ara, Bhojpur, Bihar, India"
Bhumij,22.5,86.2,ethnic,"Jharkhand/Odisha border, India"
Bhunjia_Chhattisgarh,20.63,82.06,ethnic,"Gariaband, Chhattisgarh, India"
Biaka,3.6,17.4,ethnic,"Lobaye, Central African Republic"
Bihari_Brahmin_Bhumihar,25.6,85.14,region,"Patna, Bihar, India"
Bihari_Kayastha,25.6,85.14,region,"Patna, Bihar, India"
Birhor,23.99,85.36,ethnic,"Hazaribagh, Jharkhand, India"
Bitonga,-23.87,35.38,ethnic,"Inhambane, Mozambique"
Blang,21.96,100.45,ethnic,"Menghai, Xishuangbanna, Yunnan, China"
Bolivia_Akapana_Tiwanaku_1000BP,-16.55,-68.67,site,"Akapana, Tiwanaku, Bolivia"
Bolivia_Carangas_1000-1470_CE,-18.5,-68.5,region,"Carangas, Oruro, Bolivia"
Bolivia_Iroco_1050BP,-17.85,-67.15,site,"Iroco, Oruro, Bolivia"
Bolivia_La_Paz_Tiwanaku_1100BP,-16.55,-68.67,site,"Tiwanaku, La Paz, Bolivia"
Bolivia_La_Paz_Tiwanaku_900BP,-16.55,-68.67,site,"Tiwanaku, La Paz, Bolivia"
Bolivia_Lukurmata_Tiwanaku_1000BP,-16.42,-68.75,site,"Lukurmata, La Paz, Bolivia"
Bolivia_Lukurmata_Tiwanaku_1700BP,-16.42,-68.75,site,"Lukurmata, La Paz, Bolivia"
Bolivia_Lukurmata_Tiwanaku_400BP,-16.42,-68.75,site,"Lukurmata, La Paz, Bolivia"
Bolivia_Miraflores_1100BP,-16.5,-68.12,guess,"Miraflores, La Paz, Bolivia"
Bolivia_Monolito_Descabezado_Tiwanaku_1000BP,-16.55,-68.67,site,"Tiwanaku, La Paz, Bolivia"
Bolivia_Pumapunku_Tiwanaku_1200BP,-16.56,-68.68,site,"Pumapunku, Tiwanaku, Bolivia"
Bolivia_Putuni_Tiwanaku_1200BP,-16.55,-68.67,site,"Putuni, Tiwanaku, Bolivia"
Bolivia_Totocachi_Tiwanaku_500BP,-16.55,-68.67,guess,"Tiwanaku, La Paz, Bolivia"
Bolivian_Cochabamba,-17.39,-66.16,district,"Cochabamba, Bolivia"
Bolivian_La_Paz,-16.5,-68.15,district,"La Paz, Bolivia"
Bolivian_Pando,-11.03,-68.77,district,"Cobija, Pando, Bolivia"
Bonan,35.7,102.88,ethnic,"Jishishan, Gansu, China"
Bonda,18.35,82.1,ethnic,"Malkangiri, Odisha, India"
Bosnia-Herzegovina_Unknown_Provenance,43.9,17.7,country,Bosnia and Herzegovina
Bosniak,43.86,18.41,ethnic,"Sarajevo, Bosnia and Herzegovina"
Bosniak_Croatia,45.81,15.98,guess,"Zagreb, Croatia"
Bosniak_Sandzak,43.14,20.52,region,"Novi Pazar, Sandzak, Serbia"
Botlikh,42.66,46.22,ethnic,"Botlikh, Dagestan, Russia"
Botswana_Taukome_1100BP,-21.4,27.4,guess,"Taukome, eastern Botswana"
Botswana_Xaro_1400BP,-18.9,22.3,site,"Xaro, Okavango, Botswana"
Bouyei_Guizhou_Guanling,25.94,105.62,site,"Guanling, Guizhou, China"
Brahui,29.03,66.59,ethnic,"Kalat, Balochistan, Pakistan"
Braj_Brahmin_Kanyakubja,27.49,77.67,region,"Mathura, Braj, Uttar Pradesh, India"
Brazil_Cabecuda_3400BP,-28.45,-48.8,site,"Cabecuda, Laguna, Santa Catarina, Brazil"
Brazil_Capelinha_10400BP,-24.7,-48.1,site,"Capelinha, Cajati, Sao Paulo, Brazil"
Brazil_Cubatao_2600BP,-23.89,-46.42,site,"Cubatao, Sao Paulo, Brazil"
Brazil_Jabuticabeira_II_1350BP,-28.6,-48.95,site,"Jabuticabeira II, Jaguaruna, Santa Catarina, Brazil"
Brazil_Jabuticabeira_II_2400BP,-28.6,-48.95,site,"Jabuticabeira II, Jaguaruna, Santa Catarina, Brazil"
Brazil_Jabuticabeira_II_Pre-Colonial,-28.6,-48.95,site,"Jabuticabeira II, Jaguaruna, Santa Catarina, Brazil"
Brazil_Kaingang_100BP,-27.0,-52.0,ethnic,"Kaingang territory, southern Brazil"
Brazil_Koriabo_Palmeira-Xingu_500BP,-3.0,-52.0,guess,"Xingu river, Para, Brazil"
Brazil_Lapa_Do_Santo_9600BP,-19.48,-44.05,site,"Lapa do Santo, Lagoa Santa, Minas Gerais, Brazil"
Brazil_Lapa_Do_Santo_9900BP,-19.48,-44.05,site,"Lapa do Santo, Lagoa Santa, Minas Gerais, Brazil"
Brazil_Laranjal_6700BP,-19.5,-44.0,guess,"Laranjal, Brazil"
Brazil_Laranjeiras_I_4300BP,-27.9,-48.55,site,"Laranjeiras I, Santa Catarina, Brazil"
Brazil_Loco_do_Suin_9100BP,-19.5,-44.0,guess,"Loca do Suin, Lagoa Santa, Minas Gerais, Brazil"
Brazil_Moraes_5800BP,-24.3,-47.5,site,"Moraes, Miracatu, Sao Paulo, Brazil"
Brazil_Pedra_do_Alexandre_4150BP,-6.55,-36.6,site,"Pedra do Alexandre, Carnauba dos Dantas, Rio Grande do Norte, Brazil"
Brazil_Pre-Pottery_Jabuticabeira_2200BP,-28.6,-48.95,site,"Jabuticabeira II, Jaguaruna, Santa Catarina, Brazil"
Brazil_Pre-Pottery_Jabuticabeira_2500BP,-28.6,-48.95,site,"Jabuticabeira II, Jaguaruna, Santa Catarina, Brazil"
Brazil_Sambaqui_do_Limao_1850BP,-25.0,-47.9,guess,"Sambaqui do Limao, southeastern Brazil coast"
Brazil_Sambaqui_do_Limao_2700BP,-25.0,-47.9,guess,"Sambaqui do Limao, southeastern Brazil coast"
Brazil_Sambaqui_do_Limao_500BP,-25.0,-47.9,guess,"Sambaqui do Limao, southeastern Brazil coast"
Brazil_Sambaqui_do_Limao_Pre-Colonial,-25.0,-47.9,guess,"Sambaqui do Limao, southeastern Brazil coast"
Brazil_Sumidouro_10100BP,-19.55,-43.95,site,"Lapa do Sumidouro, Lagoa Santa, Minas Gerais, Brazil"
Brazil_Taquara-Itarare_Galheta_1250BP,-28.5,-48.75,site,"Galheta IV, Laguna, Santa Catarina, Brazil"
Brazil_Una_Vau_1_600BP,-27.5,-48.6,guess,"Una Vau 1, Santa Catarina, Brazil"
Brazilian_Branco,-23.55,-46.63,country,"Sao Paulo, Brazil"
Brazilian_Pardo,-12.97,-38.5,guess,"Salvador, Bahia, Brazil"
Breton,48.2,-3.0,region,"Brittany, France"
Breton_Cotes-d'Armor,48.51,-2.77,district,"Saint-Brieuc, Cotes-d'Armor, France"
Breton_Finistere,48.0,-4.1,district,"Quimper, Finistere, France"
Breton_Ille-et-Vilaine,48.11,-1.68,district,"Ille-et-Vilaine, France"
Breton_Ille-et-Vilaine_Rennes,48.11,-1.68,site,"Rennes, France"
Breton_Loire-Atlantique,47.22,-1.55,district,"Nantes, Loire-Atlantique, France"
Breton_Morbihan,47.66,-2.76,district,"Vannes, Morbihan, France"
Bukharian_Jew,39.77,64.42,ethnic,"Bukhara, Uzbekistan"
Bulala,12.83,17.5,ethnic,"Lake Fitri, Chad"
Bulgaria_CA,42.7,25.5,country,Bulgaria
Bulgaria_CA_Gumelnita/Karanovo_Petko_Karavelovo,43.35,25.55,site,"Petko Karavelovo, Veliko Tarnovo, Bulgaria"
Bulgaria_CA_Gumelnita/Karanovo_Yunatsite,42.22,24.25,site,"Yunatsite, Pazardzhik, Bulgaria"
Bulgaria_CA_Varna,43.21,27.91,site,"Varna, Bulgaria"
Bulgaria_EBA_Beli_Breyag,42.28,26.02,site,"Beli Bryag, Radnevo, Stara Zagora, Bulgaria"
Bulgaria_EBA_Dzhulyunitsa,43.15,25.85,site,"Dzhulyunitsa, Veliko Tarnovo, Bulgaria"
Bulgaria_EBA_Merichleri,42.05,25.5,site,"Merichleri, Haskovo, Bulgaria"
Bulgaria_EBA_Smyadovo,43.07,27.02,site,"Smyadovo, Shumen, Bulgaria"
Bulgaria_EBA_Tell_Ezero,42.43,26.02,site,"Tell Ezero, Nova Zagora, Bulgaria"
Bulgaria_EBA_Tell_Kran,42.68,25.43,site,"Tell Kran, Kazanlak, Bulgaria"
Bulgaria_EBA_Yamnaya_Boyanovo,42.2,26.6,site,"Boyanovo, Yambol, Bulgaria"
Bulgaria_EBA_Yamnaya_Nova_Zagora,42.49,26.01,site,"Nova Zagora, Bulgaria"
Bulgaria_EBA_Yamnaya_Popovo,42.25,26.75,guess,"Popovo, Bolyarovo, Yambol, Bulgaria"
Bulgaria_EBA_Yunatsite,42.22,24.25,site,"Yunatsite, Pazardzhik, Bulgaria"
Bulgaria_EIA_Diamandovo,42.0,25.7,guess,"Diamandovo, Haskovo, Bulgaria"
Bulgaria_EIA_Dzhulyunitsa,43.15,25.85,site,"Dzhulyunitsa, Veliko Tarnovo, Bulgaria"
Bulgaria_EIA_Kapitan_Andreevo,41.72,26.32,site,"Kapitan Andreevo, Haskovo, Bulgaria"
Bulgaria_EMBA_Kapitan_Andreevo,41.72,26.32,site,"Kapitan Andreevo, Haskovo, Bulgaria"
Bulgaria_Early_Medieval_Samovodene,43.15,25.6,site,"Samovodene, Veliko Tarnovo, Bulgaria"
Bulgaria_Hellenistic,42.7,25.5,country,Bulgaria
Bulgaria_High_Medieval_Ryahovets,43.13,25.7,site,"Ryahovets, Gorna Oryahovitsa, Bulgaria"
Bulgaria_IUP_Bacho_Kiro,42.95,25.43,site,"Bacho Kiro cave, Dryanovo, Bulgaria"
Bulgaria_LCA,42.7,25.5,country,Bulgaria
Bulgaria_Late_Antiquity,42.7,25.5,country,Bulgaria
Bulgaria_MCA,42.7,25.5,country,Bulgaria
Bulgaria_MLBA,42.7,25.5,country,Bulgaria
Bulgaria_N,42.7,25.5,country,Bulgaria
Bulgaria_N_Dzhulyunitsa,43.15,25.85,site,"Dzhulyunitsa, Veliko Tarnovo, Bulgaria"
Bulgaria_N_Krepost,41.98,25.55,site,"Krepost, Haskovo, Bulgaria"
Bulgaria_N_Malak_Preslavets,44.05,26.85,site,"Malak Preslavets, Silistra, Bulgaria"
Bulgaria_UP_Gravettian_Bacho_Kiro,42.95,25.43,site,"Bacho Kiro cave, Dryanovo, Bulgaria"
Bulgarian,42.7,23.32,country,"Sofia, Bulgaria"
Bunu_Baiku_Yao,25.0,107.55,site,"Nandan, Guangxi, China"
Bunu_Changshan_Yao,23.93,108.1,guess,"Du'an, Guangxi, China"
Bunu_Qing_Yao,24.7,107.6,guess,"Hechi, Guangxi, China"
Burusho,36.32,74.65,ethnic,"Hunza, Gilgit-Baltistan, Pakistan"
Buryat,51.83,107.58,ethnic,"Ulan-Ude, Buryatia, Russia"
Buryat_Aginsky,51.1,114.53,district,"Aginskoye, Zabaykalsky Krai, Russia"
Buryat_Duldurginsky,50.68,113.6,district,"Duldurga, Zabaykalsky Krai, Russia"
Buryat_Irkutsk,52.8,104.75,district,"Ust-Orda, Irkutsk Oblast, Russia"
Buryat_Khorinsky,52.16,109.77,district,"Khorinsk, Buryatia, Russia"
Buryat_Mongolia,48.07,114.53,district,"Choibalsan, Dornod, Mongolia"
Buryat_Zakamensky,50.37,103.28,district,"Zakamensk, Buryatia, Russia"
Buryatia_EN_Kitoi_Fofonovo,52.2,106.7,site,"Fofonovo, Kabansky district, Buryatia, Russia"
Buryatia_IA_Xiongnu_Late,51.0,107.5,region,"Buryatia, Russia"
Buryatia_Mesolithic_Dzhylinda,55.2,113.5,guess,"Dzhilinda, Buryatia, Russia"
Buryatia_UP_Ust-Kyakhta,50.55,106.15,site,"Ust-Kyakhta, Buryatia, Russia"
Cachi,-25.12,-66.16,guess,"Cachi, Salta, Argentina"
Cajun,30.22,-92.02,region,"Lafayette, Louisiana, USA"
Cambodian,11.56,104.92,country,"Phnom Penh, Cambodia"
Cameroon_Shum_Laka_3000BP,5.85,10.07,site,"Shum Laka, Northwest Region, Cameroon"
Cameroon_Shum_Laka_8000BP,5.85,10.07,site,"Shum Laka, Northwest Region, Cameroon"
Cameroonian_Bafut,6.09,10.1,site,"Bafut, Northwest Region, Cameroon"
Cameroonian_Bantu,3.85,11.5,region,"Yaounde, southern Cameroon"
Cameroonian_Semi-Bantu,5.96,10.15,region,"Bamenda, Western Highlands, Cameroon"
Canada_Atholville_400BP_Mi'kmaq,47.99,-66.72,site,"Atholville, New Brunswick, Canada"
Canada_Big_Bar_Lake_5700BP,51.33,-121.85,site,"Big Bar Lake, British Columbia, Canada"
Canada_Lucier_400BP,42.2,-82.9,guess,"Lucier site, Windsor area, Ontario, Canada"
Canada_Lucier_4845BP,42.2,-82.9,guess,"Lucier site, Windsor area, Ontario, Canada"
Canada_Lucy_Island_6000BP,54.3,-130.62,site,"Lucy Island, British Columbia, Canada"
Canada_Paleo-Eskimo_Late_Dorset,64.0,-80.0,region,"Eastern Canadian Arctic (Nunavut), Canada"
Canada_Paleo-Eskimo_Middle_Dorset,64.0,-80.0,region,"Eastern Canadian Arctic (Nunavut), Canada"
Canada_Southampton_Island_Thule,64.5,-84.0,site,"Southampton Island, Nunavut, Canada"
Canada_Teston_Road_500BP_Wendat,43.85,-79.5,site,"Teston Road, Vaughan, Ontario, Canada"
Canada_Turnbull_Ossuary_500BP_Wendat,43.9,-79.4,guess,"Turnbull ossuary, southern Ontario, Canada"
Canary_Islands_Early_Medieval_Guanche,28.3,-16.6,region,"Tenerife, Canary Islands, Spain"
Canary_Islands_High-Late_Medieval_Guanche,28.3,-16.6,region,"Tenerife, Canary Islands, Spain"
Canary_Islands_High_Medieval_Guanche,28.3,-16.6,region,"Tenerife, Canary Islands, Spain"
Canary_Islands_Late_Antiquity-Early_Medieval_Guanche,28.3,-16.6,region,"Tenerife, Canary Islands, Spain"
Canary_Islands_Late_Antiquity_Guanche,28.3,-16.6,region,"Tenerife, Canary Islands, Spain"
Canary_Islands_Late_Medieval-Early_Modern_Guanche,28.3,-16.6,region,"Tenerife, Canary Islands, Spain"
Canary_Islands_Late_Medieval_Guanche,28.3,-16.6,region,"Tenerife, Canary Islands, Spain"
Cashibo,-8.8,-75.3,ethnic,"Ucayali/Huanuco, Peru"
Catalan_Pyrenees-Orientales,42.7,2.9,district,"Perpignan, Pyrenees-Orientales, France"
Central_Uttar_Pradeshi_Brahmin_Lucknow,26.85,80.95,site,"Lucknow, Uttar Pradesh, India"
Chamalal,42.4,46.05,ethnic,"Tsumadinsky District, Dagestan, Russia"
Chamorro_(European-Mixed),13.45,144.75,ethnic,Guam
Chane,-21.9,-63.7,ethnic,"Chaco, Bolivia/Argentina border"
Changana,-24.0,33.0,ethnic,"Gaza Province, Mozambique"
Channel_Islands_Alderney_EIA,49.71,-2.2,district,"Alderney, Channel Islands"
Channel_Islands_Alderney_LIA,49.71,-2.2,district,"Alderney, Channel Islands"
Channel_Islands_Alderney_LIA_La_Tene,49.71,-2.2,district,"Alderney, Channel Islands"
Channel_Islands_Guernsey_LN,49.45,-2.55,district,"Guernsey, Channel Islands"
Channel_Islands_Guernsey_MN,49.45,-2.55,district,"Guernsey, Channel Islands"
Channel_Islands_Herm_MN,49.47,-2.45,district,"Herm, Channel Islands"
Chechen,43.31,45.69,ethnic,"Grozny, Chechnya, Russia"
Chechnya_LIA_Alan_Bratskoe,43.55,45.05,guess,"Bratskoe, Chechnya, Russia"
Chechnya_MBA_Ginchi,42.6,46.2,guess,"Ginchi, Chechnya/Dagestan border, Russia"
Chelyabinsk_EBA_Yamnaya,54.0,60.0,region,"Chelyabinsk Oblast, Russia"
Chelyabinsk_Early_Medieval_Kushnarenkovo-Karayakupovo_Uyelgi,55.75,61.6,site,"Uyelgi, Kunashak district, Chelyabinsk Oblast, Russia"
Chelyabinsk_IA_Scythian_Nikolaevka,53.5,60.0,guess,"Nikolaevka, Chelyabinsk Oblast, Russia"
Chelyabinsk_MLBA_Petrovka_Stepnoe,54.0,60.7,guess,"Stepnoe, Chelyabinsk Oblast, Russia"
Chelyabinsk_MLBA_Sintashta,52.48,60.18,site,"Sintashta, Chelyabinsk Oblast, Russia"
Chelyabinsk_MLBA_Srubnaya_Alakul_Nepluyevsky,52.9,60.0,guess,"Nepluyevsky, Chelyabinsk Oblast, Russia"
Chenchu,16.0,78.9,ethnic,"Nallamala Hills, Andhra Pradesh/Telangana, India"
Chewa_Malawi,-13.98,33.79,ethnic,"Lilongwe, Malawi"
Chhattisgarhi_Satnami,21.25,81.63,region,"Raipur, Chhattisgarh, India"
Chile_Aonikenk_400BP,-52.0,-70.5,ethnic,"Magallanes (Aonikenk), Chile"
Chile_Ayayema_5100BP,-50.2,-75.2,site,"Ayayema, Madre de Dios Island, Chile"
Chile_Caleta_Huelen_MH_1100BP,-21.43,-70.05,site,"Caleta Huelen, Antofagasta, Chile"
Chile_Conchali_700BP,-33.38,-70.68,site,"Conchali, Santiago, Chile"
Chile_Fuego_Patagonian,-54.0,-69.5,region,"Tierra del Fuego, Chile"
Chile_Kaweskar_1000BP,-50.0,-74.5,ethnic,"Patagonian channels (Kaweskar), Chile"
Chile_Los_Rieles_10900BP,-31.9,-71.5,site,"Los Rieles, Coquimbo, Chile"
Chile_Los_Rieles_5100BP,-31.9,-71.5,site,"Los Rieles, Coquimbo, Chile"
Chile_Pica_Ocho_700BP,-20.5,-69.33,site,"Pica 8, Tarapaca, Chile"
Chile_Pukara_600BP,-22.9,-68.2,guess,"Pukara, northern Chile"
Chile_Pukara_700BP,-22.9,-68.2,guess,"Pukara, northern Chile"
Chile_Punta_Santa_Ana_7300BP,-53.63,-70.92,site,"Punta Santa Ana, Magallanes, Chile"
Chile_Selknam_100BP,-53.5,-69.0,ethnic,"Tierra del Fuego (Selknam), Chile"
Chile_Yamana_1000BP,-55.0,-68.0,ethnic,"Beagle Channel (Yamana), Chile"
Chin,22.65,93.61,region,"Hakha, Chin State, Myanmar"
China_Beijing_EUP_Tianyuan,39.65,115.85,site,"Tianyuan Cave, Zhoukoudian, Beijing, China"
China_Fujian_EP_Qihe,25.3,117.4,site,"Qihe Cave, Zhangping, Fujian, China"
China_Fujian_HP_Ming-Qing_Dynasty_Chuanyun,26.0,118.5,guess,"Chuanyun, Fujian, China"
China_Fujian_LN_Tanshishan,26.1,119.15,site,"Tanshishan, Minhou, Fujian, China"
China_Fujian_LN_Xitoucun,25.55,119.55,guess,"Xitoucun, Fujian, China"
China_Fujian_N_Qihe,25.3,117.4,site,"Qihe Cave, Zhangping, Fujian, China"
China_Gansu_HP_Sixteen_Kingdoms_Foyemiaowan,40.1,94.9,site,"Foyemiaowan, Dunhuang, Gansu, China"
China_Gansu_HP_Sui_Dynasty_Foyemiaowan,40.1,94.9,site,"Foyemiaowan, Dunhuang, Gansu, China"
China_Gansu_HP_Tang_Dynasty_Foyemiaowan,40.1,94.9,site,"Foyemiaowan, Dunhuang, Gansu, China"
China_Gansu_HP_Tang_Dynasty_Foyemiaowan_o_(Eastern_Iranic-Mixed),40.1,94.9,site,"Foyemiaowan, Dunhuang, Gansu, China"
China_Gansu_HP_Wei_Dynasty_Foyemiaowan,40.1,94.9,site,"Foyemiaowan, Dunhuang, Gansu, China"
China_Gansu_HP_Wei_Dynasty_Foyemiaowan_o_(Turanian-Mixed),40.1,94.9,site,"Foyemiaowan, Dunhuang, Gansu, China"
China_Gansu_IA_Eastern_Han_Dynasty_Heishuiguo,38.95,100.35,site,"Heishuiguo, Zhangye, Gansu, China"
China_Gansu_IA_Western_Han_Dynasty_Heishuiguo,38.95,100.35,site,"Heishuiguo, Zhangye, Gansu, China"
China_Guangxi_EN_Dushan,23.3,108.0,guess,"Dushan, Guangxi, China"
China_Guangxi_EP_Longlin,24.77,105.33,site,"Longlin, Guangxi, China"
China_Guangxi_HP_Jin-Southern_Dynasties_Balong,23.7,108.8,guess,"Balong, Guangxi, China"
China_Guangxi_HP_Jin-Southern_Dynasties_Layi,23.7,108.8,guess,"Layi, Guangxi, China"
China_Guangxi_HP_Jin-Southern_Dynasties_Qinchang,23.7,108.8,guess,"Qinchang, Guangxi, China"
China_Guangxi_HP_Late_Yuan-Ming_Dynasty_Baitaishan,23.7,108.8,guess,"Baitaishan, Guangxi, China"
China_Guangxi_HP_Late_Yuan-Ming_Dynasty_Huatudong,23.7,108.8,guess,"Huatudong, Guangxi, China"
China_Guangxi_HP_Ming-Qing_Dynasty_Gaofeng,23.7,108.8,guess,"Gaofeng, Guangxi, China"
China_Guangxi_HP_Ming_Dynasty_Huaqiao,23.7,108.8,guess,"Huaqiao, Guangxi, China"
China_Guangxi_HP_Ming_Dynasty_Huatuyan,23.7,108.8,guess,"Huatuyan, Guangxi, China"
China_Guangxi_HP_Ming_Dynasty_Yinwang,23.7,108.8,guess,"Yinwang, Guangxi, China"
China_Guangxi_HP_Southern-Tang_Dynasty_Yiyang,23.7,108.8,guess,"Yiyang, Guangxi, China"
China_Guangxi_HP_Southern_Tang_Dynasty_Banda,23.7,108.8,guess,"Banda, Guangxi, China"
China_Guangxi_HP_Southern_Tang_Dynasty_Cenxun,23.7,108.8,guess,"Cenxun, Guangxi, China"
China_Guangxi_HP_Southern_Tang_Dynasty_Lada,23.7,108.8,guess,"Lada, Guangxi, China"
China_Guangxi_HP_Sui-Tang_Dynasty_Shenxian,23.7,108.8,guess,"Shenxian, Guangxi, China"
China_Guangxi_MN_Baojianshan,23.2,107.6,guess,"Baojianshan, Long'an, Guangxi, China"
China_Guizhou_HP_Ming_Dynasty_Songshan,26.6,106.7,guess,"Songshan, Guizhou, China"
China_Guizhou_HP_Song-Ming_Dynasty_Songshan,26.6,106.7,guess,"Songshan, Guizhou, China"
China_Guizhou_HP_Song_Dynasty_Songshan,26.6,106.7,guess,"Songshan, Guizhou, China"
China_Guizhou_HP_Yuan-Ming_Dynasty_Songshan,26.6,106.7,guess,"Songshan, Guizhou, China"
China_Heilongjiang_EN_Acheng,45.54,126.97,site,"Acheng, Harbin, Heilongjiang, China"
China_Heilongjiang_EN_Lanxi,46.27,126.28,site,"Lanxi, Heilongjiang, China"
China_Heilongjiang_EN_Songbei,45.81,126.56,site,"Songbei, Harbin, Heilongjiang, China"
China_Heilongjiang_EN_Xiangfang,45.72,126.68,site,"Xiangfang, Harbin, Heilongjiang, China"
China_Heilongjiang_EN_Zhaodong,46.07,125.98,site,"Zhaodong, Heilongjiang, China"
China_Heilongjiang_EUP_Acheng,45.54,126.97,site,"Acheng, Harbin, Heilongjiang, China"
China_Heilongjiang_LUP_Zhaodong,46.07,125.98,site,"Zhaodong, Heilongjiang, China"
China_Heilongjiang_MN_Zhaodong,46.07,125.98,site,"Zhaodong, Heilongjiang, China"
China_Heilongjiang_UP_Zhaodong,46.07,125.98,site,"Zhaodong, Heilongjiang, China"
China_Henan_EBA_Erlitou_Wangchenggang,34.4,113.05,site,"Wangchenggang, Dengfeng, Henan, China"
China_Henan_Early-Late_Modern_Qing_Dynasty_Lusixi,34.5,113.5,guess,"Lusixi, Henan, China"
China_Henan_HP_Ming-Qing_Dynasty_Lusixi,34.5,113.5,guess,"Lusixi, Henan, China"
China_Henan_HP_Tang_Dynasty_Lusixi,34.5,113.5,guess,"Lusixi, Henan, China"
China_Henan_IA_Warring_States-Early_Imperial_Luoheguxiang,33.58,114.02,guess,"Luohe, Henan, China"
China_Henan_LBA_Shang_Dynasty_Jiaozuoniecun,35.22,113.24,site,"Niecun, Jiaozuo, Henan, China"
China_Henan_LBA_Spring_and_Autumn_Period_Lusixi,34.5,113.5,guess,"Lusixi, Henan, China"
China_Henan_LBA_Western_Zhou_Dynasty_Lusixi,34.5,113.5,guess,"Lusixi, Henan, China"
China_Henan_LBIA_Eastern_Zhou_Dynasty_Haojiatai,33.58,114.0,site,"Haojiatai, Luohe, Henan, China"
China_Henan_LBIA_Zhou_Dynasty_Guanzhuang,34.8,113.4,site,"Guanzhuang, Xingyang, Henan, China"
China_Henan_LN_Longshan_Haojiatai,33.58,114.0,site,"Haojiatai, Luohe, Henan, China"
China_Henan_LN_Longshan_Pingliangtai,33.72,114.85,site,"Pingliangtai, Huaiyang, Henan, China"
China_Henan_LN_Longshan_Wadian,34.15,113.45,site,"Wadian, Yuzhou, Henan, China"
China_Henan_LN_Longshan_Yuzhuang,34.5,113.5,guess,"Yuzhuang, Henan, China"
China_Henan_MN_Yangshao_Wanggou,34.75,113.65,site,"Wanggou, Zhengzhou, Henan, China"
China_Henan_MN_Yangshao_Xiaowu,34.5,113.5,guess,"Xiaowu, Henan, China"
China_Henan_N_Longshan_Yangshao,34.5,113.5,region,"Henan, China"
China_Henan_N_Qinwangzhai_Zhanmatun,34.7,113.6,guess,"Zhanmatun, Henan, China"
China_Inner_Mongolia_BA_Longtoushan,42.3,119.0,guess,"Longtoushan, Chifeng, Inner Mongolia, China"
China_Inner_Mongolia_EN_Yumin,41.9,114.0,site,"Yumin, Huade, Inner Mongolia, China"
China_Inner_Mongolia_EN_Zhalainuoer,49.45,117.7,site,"Zhalainuoer, Hulunbuir, Inner Mongolia, China"
China_Inner_Mongolia_HP_Wei_Dynasty_Qilangshan,41.3,112.6,guess,"Qilangshan, Ulanqab, Inner Mongolia, China"
China_Inner_Mongolia_IA_Xianbei_Zhalainuoer,49.45,117.7,site,"Zhalainuoer, Hulunbuir, Inner Mongolia, China"
China_Inner_Mongolia_LN_Lower_Xiajiadian_Erdaojingzi,42.3,118.9,site,"Erdaojingzi, Chifeng, Inner Mongolia, China"
China_Inner_Mongolia_MN_Haminmangha,43.3,122.0,site,"Haminmangha, Horqin, Inner Mongolia, China"
China_Inner_Mongolia_MN_Miaozigou,41.0,113.2,site,"Miaozigou, Ulanqab, Inner Mongolia, China"
China_Liaoning_LBA_Upper_Xiajiadian_Majiazishan,41.5,120.5,guess,"Majiazishan, Liaoning, China"
China_Liaoning_MN_Hongshan_Banlashan,41.4,120.5,site,"Banlashan, Chaoyang, Liaoning, China"
China_Qinghai_Early_Medieval_Tubo_Dulan,36.3,98.1,site,"Dulan, Qinghai, China"
China_Qinghai_IA_Eastern_Han_Dynasty_Dacaozi,36.9,101.7,site,"Dacaozi, Datong, Qinghai, China"
China_Qinghai_LN_Qijia_Jinchankou,36.3,102.8,site,"Jinchankou, Minhe, Qinghai, China"
China_Qinghai_LN_Qijia_Lajia,35.87,102.8,site,"Lajia, Minhe, Qinghai, China"
China_Shaanxi_HP_Northern_Zhou_Dynasty_Xianyang,34.33,108.7,site,"Xianyang, Shaanxi, China"
China_Shaanxi_HP_Tang_Dynasty_Xingfulindai,34.25,108.95,guess,"Xingfulindai, Xi'an, Shaanxi, China"
China_Shaanxi_LN_Longshan_Shengedaliang,38.8,110.5,site,"Shengedaliang, Shenmu, Shaanxi, China"
China_Shandong_EBA_Yueshi_Chengziya,36.75,117.55,site,"Chengziya, Zhangqiu, Shandong, China"
China_Shandong_HP_Ming_Dynasty_Dongguandongnan,36.5,117.5,guess,"Dongguandongnan, Shandong, China"
China_Shandong_HP_Northern_Qi-Sui_Dynasty_Xisanjia,36.7,118.0,guess,"Xisanjia, Shandong, China"
China_Shandong_HP_Song_Dynasty_Dongguandongnan,36.5,117.5,guess,"Dongguandongnan, Shandong, China"
China_Shandong_HP_Tang_Dynasty_Fudamen,36.7,118.0,guess,"Fudamen, Shandong, China"
China_Shandong_HP_Wei-Jin_Dynasty_Xisanjia,36.7,118.0,guess,"Xisanjia, Shandong, China"
China_Shandong_HP_Western_Jin_Dynasty_Jianyaomiao,36.7,118.0,guess,"Jianyaomiao, Shandong, China"
China_Shandong_HP_Western_Jin_Dynasty_Xiyanchi,36.7,118.0,guess,"Xiyanchi, Shandong, China"
China_Shandong_HP_Yuan_Dynasty_Dongguandongnan,36.5,117.5,guess,"Dongguandongnan, Shandong, China"
China_Shandong_IA_Han_Dynasty-HP_Tang_Dynasty_Linzi,36.83,118.3,site,"Linzi, Zibo, Shandong, China"
China_Shandong_IA_Han_Dynasty_Dinggong,37.0,117.75,site,"Dinggong, Zouping, Shandong, China"
China_Shandong_IA_Han_Dynasty_Dongxiaogong,36.7,118.0,guess,"Dongxiaogong, Shandong, China"
China_Shandong_IA_Han_Dynasty_Fengshan,36.7,118.0,guess,"Fengshan, Shandong, China"
China_Shandong_IA_Han_Dynasty_Liujiazhuang,36.7,118.0,guess,"Liujiazhuang, Shandong, China"
China_Shandong_IA_Han_Dynasty_Xisanjia,36.7,118.0,guess,"Xisanjia, Shandong, China"
China_Shandong_IA_Warring_States-Eastern_Han_Dynasty_Linzi,36.83,118.3,site,"Linzi, Zibo, Shandong, China"
China_Shandong_IA_Warring_States-Eastern_Han_Dynasty_Yixi,36.7,118.0,guess,"Yixi, Shandong, China"
China_Shandong_IA_Warring_States-HP_Ming_Dynasty_Linzi,36.83,118.3,site,"Linzi, Zibo, Shandong, China"
China_Shandong_IA_Warring_States_Xisanjia,36.7,118.0,guess,"Xisanjia, Shandong, China"
China_Shandong_IA_Western_Han_Dynasty_Xujiaying,36.7,118.0,guess,"Xujiaying, Shandong, China"
China_Shandong_LBA_Erligang_Chengziya,36.75,117.55,site,"Chengziya, Zhangqiu, Shandong, China"
China_Shandong_LBA_Late_Shang-Early_Western_Zhou_Dynasty_Chengziya,36.75,117.55,site,"Chengziya, Zhangqiu, Shandong, China"
China_Shandong_LBA_Late_Shang-Early_Western_Zhou_Dynasty_Wucun,36.7,118.0,guess,"Wucun, Shandong, China"
China_Shandong_LBA_Late_Western_Zhou_Dynasty_Liangchun,36.7,118.0,guess,"Liangchun, Shandong, China"
China_Shandong_LBA_Shang_Dynasty_Xichen,36.7,118.0,guess,"Xichen, Shandong, China"
China_Shandong_LBA_Spring_and_Autumn_Period-IA_Warring_States_Chengziya,36.75,117.55,site,"Chengziya, Zhangqiu, Shandong, China"
China_Shandong_LBA_Spring_and_Autumn_Period_Xisanjia,36.7,118.0,guess,"Xisanjia, Shandong, China"
China_Shandong_LBA_Western_Zhou_Dynasty-IA_Western_Han_Dynasty_Xinzhi,36.7,118.0,guess,"Xinzhi, Shandong, China"
China_Shandong_LBA_Western_Zhou_Dynasty_Houli,36.85,118.25,site,"Houli, Linzi, Shandong, China"
China_Shandong_LBA_Western_Zhou_Dynasty_Liujiazhuang,36.7,118.0,guess,"Liujiazhuang, Shandong, China"
China_Shandong_LBA_Zhou_Dynasty-IA_Eastern_Han_Dynasty_Liujiazhuang,36.7,118.0,guess,"Liujiazhuang, Shandong, China"
China_Shandong_LBIA_Eastern_Zhou_Dynasty_Dongkangliu,36.7,118.0,guess,"Dongkangliu, Shandong, China"
China_Shandong_LBIA_Zhou_Dynasty_Liangchun,36.7,118.0,guess,"Liangchun, Shandong, China"
China_Shandong_LBIA_Zhou_Dynasty_Wucun,36.7,118.0,guess,"Wucun, Shandong, China"
China_Shandong_N_Early-Middle_Dawenkou_Beiqian,36.55,120.55,site,"Beiqian, Jimo, Shandong, China"
China_Shandong_N_Houli_Bianbian,36.2,118.2,site,"Bianbian Cave, Yiyuan, Shandong, China"
China_Shandong_N_Houli_Boshan,36.5,117.85,site,"Boshan, Zibo, Shandong, China"
China_Shandong_N_Houli_Xiaogao,36.68,117.53,site,"Xiaogao, Zhangqiu, Jinan, Shandong, China"
China_Shandong_N_Houli_Xiaojingshan,36.72,117.52,site,"Xiaojingshan, Zhangqiu, Jinan, Shandong, China"
China_Shandong_N_Late_Dawenkou_Dawenkou,35.96,117.03,site,"Dawenkou, Tai'an, Shandong, China"
China_Shandong_N_Late_Dawenkou_Fujia,37.05,118.41,site,"Fujia, Guangrao County, Dongying, Shandong, China"
China_Shandong_N_Late_Dawenkou_Gangshang,35.08,117.15,site,"Gangshang, Tengzhou, Shandong, China"
China_Shandong_N_Late_Dawenkou_Jiaojia,36.72,117.42,site,"Jiaojia, Zhangqiu, Jinan, Shandong, China"
China_Shandong_N_Late_Dawenkou_Sanlihe,36.28,120.03,site,"Sanlihe, Jiaozhou, Qingdao, Shandong, China"
China_Shandong_N_Late_Dawenkou_Wucun,36.8,118.05,guess,"Wucun, central Shandong (Zibo area), China"
China_Shandong_N_Late_Dawenkou_Wutai,36.7,119.1,guess,"Wutai, Weifang area, Shandong, China"
China_Shandong_N_Late_Dawenkou_Xixiahou,35.6,117.05,site,"Xixiahou, Qufu, Shandong, China"
China_Shandong_N_Longshan_Chengziya,36.72,117.38,site,"Chengziya, Longshan, Zhangqiu, Shandong, China"
China_Shandong_N_Longshan_Dinggong,36.9,117.75,site,"Dinggong, Zouping, Shandong, China"
China_Shandong_N_Longshan_Sanlihe,36.28,120.03,site,"Sanlihe, Jiaozhou, Qingdao, Shandong, China"
China_Shandong_N_Longshan_Tonglin,36.6,119.0,guess,"Tonglin, Weifang area, Shandong, China"
China_Shandong_N_Longshan_Wutai,36.7,119.1,guess,"Wutai, Weifang area, Shandong, China"
China_Shandong_N_Longshan_Yinjiacheng,35.65,117.28,site,"Yinjiacheng, Sishui County, Shandong, China"
China_Shandong_N_Middle_Dawenkou_Liulin,35.0,117.5,guess,"Liulin, southern Shandong, China"
China_Sichuan_LN_Baodun_Gaoshan,30.6,103.53,site,"Gaoshan ancient city, Dayi County, Chengdu, Sichuan, China"
China_Yunnan_EBA_Haimenkou,26.53,99.9,site,"Haimenkou, Jianchuan County, Dali, Yunnan, China"
Chipewyan,59.5,-109.0,ethnic,"northern Saskatchewan, Canada"
Chitak_Greece_Eastern_Macedonia_and_Thrace,41.1,25.4,district,"Xanthi/Komotini, Thrace, Greece"
Choctaw,32.78,-89.12,ethnic,"Philadelphia, Mississippi, USA"
Chopi,-24.4,34.8,ethnic,"Zavala, Inhambane, Mozambique"
Chukchi,64.73,177.51,ethnic,"Anadyr, Chukotka, Russia"
Chukchi_(European-Mixed),64.73,177.51,ethnic,"Anadyr, Chukotka, Russia"
Chukotka_Old_Bering_Sea_Ekven,66.16,-169.75,site,"Ekven, Chukotka, Russia"
Chukotka_Old_Bering_Sea_Uelen,66.16,-169.81,site,"Uelen, Chukotka, Russia"
Chuvash,56.13,47.25,ethnic,"Cheboksary, Chuvashia, Russia"
Circassian_Adyghe,44.61,40.1,ethnic,"Maykop, Adygea, Russia"
Circassian_Kabardian,43.48,43.6,ethnic,"Nalchik, Kabardino-Balkaria, Russia"
Cochin_Jew,9.97,76.28,ethnic,"Kochi, Kerala, India"
Cochin_Jew_Paradesi,9.96,76.26,site,"Mattancherry, Kochi, Kerala, India"
Colla,-23.2,-65.5,ethnic,"Jujuy/Salta, Argentina"
Colombian_Mestizo,4.71,-74.07,country,"Bogota, Colombia"
Coloured,-33.92,18.42,region,"Cape Town, South Africa"
Comorian,-11.7,43.26,country,"Moroni, Comoros"
Cornish,50.26,-5.05,region,"Truro, Cornwall, England"
Corsican,42.15,9.1,region,"Corsica, France"
Corsican_Corse-du-Sud,41.93,8.74,district,"Ajaccio, Corse-du-Sud, France"
Cree_(European-Mixed),54.0,-100.0,ethnic,"Manitoba/Saskatchewan, Canada"
Crimea_Hellenistic-Roman_Empire_Scythian_Maslyny,45.52,32.9,site,"Maslyny, north-western Crimea"
Crimea_Late_Antiquity,45.3,34.4,region,Crimea
Crimean_Tatar_Steppe,45.6,34.3,region,"northern steppe, Crimea"
Crimean_Tatar_Steppe_Dobruja,44.18,28.63,region,"Constanta, Dobruja, Romania"
Croat,45.81,15.98,country,"Zagreb, Croatia"
Croat_Bosnia,44.23,17.67,region,"Travnik/Vitez, central Bosnia"
Croat_Dalmatia,43.51,16.44,region,"Split, Dalmatia, Croatia"
Croat_Herzegovina,43.34,17.81,region,"Mostar, Herzegovina"
Croat_Kajkavian_Northern_Croatia,46.31,16.34,region,"Varazdin, northern Croatia"
Croat_Slavonia,45.55,18.69,region,"Osijek, Slavonia, Croatia"
Croatia_CA,45.5,16.0,country,Croatia
Croatia_CA_Kostolac,45.35,19.0,region,"eastern Slavonia (Vukovar area), Croatia"
Croatia_CA_Lasinja,45.55,15.65,site,"Lasinja, Karlovac County, Croatia"
Croatia_CA_Vucedol,45.33,19.05,site,"Vucedol, near Vukovar, Croatia"
Croatia_EBA,45.5,16.0,country,Croatia
Croatia_EIA-LIA_Sveti_Kriz_Brdovecki,45.85,15.72,site,"Sveti Kriz Brdovecki, Zagreb County, Croatia"
Croatia_EIA_Jazinka,44.9,15.6,guess,"Jazinka cave, Lika, Croatia"
Croatia_EIA_Mala_Metaljka,44.7,15.5,guess,"Mala Metaljka, Lika, Croatia"
Croatia_EIA_Skradnik,45.2,15.3,site,"Skradnik, Josipdol, Karlovac County, Croatia"
Croatia_EIA_Smiljan,44.57,15.3,site,"Smiljan, near Gospic, Lika, Croatia"
Croatia_EIA_Sveti_Kriz_Brdovecki,45.85,15.72,site,"Sveti Kriz Brdovecki, Zagreb County, Croatia"
Croatia_EIA_Velim-Kosa,43.94,15.66,site,"Velim-Kosa, near Stankovci, Dalmatia, Croatia"
Croatia_EMBA_Cetina,43.72,16.72,region,"Cetina valley, Dalmatia, Croatia"
Croatia_EN_Starcevo,45.4,18.5,region,"Slavonia, Croatia"
Croatia_Early_Medieval_(Byzantine)_Gardun,43.62,16.72,site,"Gardun (Tilurium), near Trilj, Dalmatia, Croatia"
Croatia_Early_Medieval_(Byzantine)_Novo_Selo-Bunje,43.3,16.65,site,"Novo Selo Bunje, Brac island, Croatia"
Croatia_Early_Medieval_(Byzantine)_Trogir,43.52,16.25,site,"Trogir, Dalmatia, Croatia"
Croatia_Early_Medieval_Avar_Period_Late_Nustar,45.34,18.87,site,"Nustar, Vukovar-Srijem County, Croatia"
Croatia_Early_Medieval_Avar_Period_Middle/Late_Jagodnjak,45.7,18.6,site,"Jagodnjak, Osijek-Baranja County, Croatia"
Croatia_Early_Medieval_Brekinjova_Kosa,45.29,15.98,guess,"Brekinjova Kosa, near Topusko, Croatia"
Croatia_Early_Medieval_Cepinski-Martinci,45.53,18.51,site,"Cepinski Martinci, Osijek-Baranja County, Croatia"
Croatia_Early_Medieval_Sipar,45.45,13.53,site,"Sipar, near Umag, Istria, Croatia"
Croatia_Early_Modern_Gornji_Kosinj,44.77,15.3,site,"Gornji Kosinj, Lika, Croatia"
Croatia_Early_Modern_Lepoglava_Hunyadi_Family,46.21,16.03,site,"Lepoglava, Varazdin County, Croatia"
Croatia_Early_Modern_Vinkovci,45.29,18.8,site,"Vinkovci, Croatia"
Croatia_High_Medieval-Early_Modern_Torcec,46.2,16.85,site,"Torcec, near Koprivnica, Croatia"
Croatia_High_Medieval_Gornji_Kosinj,44.77,15.3,site,"Gornji Kosinj, Lika, Croatia"
Croatia_LBA-EIA_Liburnian_Velim-Kosa,43.94,15.66,site,"Velim-Kosa, near Stankovci, Dalmatia, Croatia"
Croatia_LBA_Velim-Kosa,43.94,15.66,site,"Velim-Kosa, near Stankovci, Dalmatia, Croatia"
Croatia_LIA_La_Tene_Osijek,45.55,18.69,site,"Osijek, Croatia"
Croatia_LIA_Sveti_Kriz_Brdovecki,45.85,15.72,site,"Sveti Kriz Brdovecki, Zagreb County, Croatia"
Croatia_LIA_Velim-Kosa,43.94,15.66,site,"Velim-Kosa, near Stankovci, Dalmatia, Croatia"
Croatia_LN_Starcevo,45.4,18.5,region,"Slavonia, Croatia"
Croatia_Late_Antiquity-Early_Medieval_Gardun,43.62,16.72,site,"Gardun (Tilurium), near Trilj, Dalmatia, Croatia"
Croatia_Late_Antiquity-Early_Medieval_Mirine-Fulfinum,45.22,14.55,site,"Mirine-Fulfinum, Omisalj, Krk island, Croatia"
Croatia_Late_Antiquity-Early_Medieval_Scitarjevo,45.75,16.1,site,"Scitarjevo (Andautonia), near Velika Gorica, Croatia"
Croatia_Late_Antiquity-Early_Medieval_Trogir,43.52,16.25,site,"Trogir, Dalmatia, Croatia"
Croatia_Late_Antiquity-Early_Medieval_Velic,43.63,16.75,guess,"Velic, near Trilj, Dalmatia, Croatia"
Croatia_Late_Antiquity_Beli_Manastir-Popova-zemlja,45.77,18.61,site,"Beli Manastir, Baranja, Croatia"
Croatia_Late_Antiquity_Beli_Manastir-Popova_zemlja,45.77,18.61,site,"Beli Manastir, Baranja, Croatia"
Croatia_Late_Antiquity_Hvar_Radosevic,43.17,16.44,site,"Hvar island, Dalmatia, Croatia"
Croatia_Late_Antiquity_Scitarjevo,45.75,16.1,site,"Scitarjevo (Andautonia), near Velika Gorica, Croatia"
Croatia_Late_Antiquity_Sisak,45.49,16.37,site,"Sisak (Siscia), Croatia"
Croatia_MBA,45.5,16.0,country,Croatia
Croatia_MBA_Posusje,43.47,17.32,site,"Posusje, western Herzegovina (Posusje culture)"
Croatia_MBA_Southern_Danubian_Encrusted_Pottery,45.5,18.7,region,"eastern Slavonia, Croatia"
Croatia_MLBA_Bezdanjaca,44.83,15.42,site,"Bezdanjaca cave, Vrhovine, Lika, Croatia"
Croatia_MLBA_Gudnja,42.9,17.45,site,"Gudnja cave, Peljesac, Croatia"
Croatia_MLBA_Matkovici,42.87,17.65,guess,"Matkovici, southern Dalmatia, Croatia"
Croatia_MLBA_Musego,43.4,17.4,guess,"Musego, Dalmatian hinterland, Croatia"
Croatia_MLBA_Velim-Kosa,43.94,15.66,site,"Velim-Kosa, near Stankovci, Dalmatia, Croatia"
Croatia_MN_Sopot,45.28,18.78,site,"Sopot, near Vinkovci, Croatia"
Croatia_Mesolithic_Vela_Spila,42.96,16.71,site,"Vela Spila, Vela Luka, Korcula, Croatia"
Croatia_N_Cardial,43.7,16.0,region,"Dalmatian coast, Croatia"
Croatia_N_Impressa,43.7,16.0,region,"Dalmatian coast, Croatia"
Croatia_Roman_Empire-Late_Antiquity_Osijek,45.55,18.69,site,"Osijek (Mursa), Croatia"
Croatia_Roman_Empire-Late_Antiquity_Trogir,43.52,16.25,site,"Trogir, Dalmatia, Croatia"
Croatia_Roman_Empire-Late_Antiquity_Zadar,44.12,15.23,site,"Zadar (Iader), Croatia"
Croatia_Roman_Empire_Trogir,43.52,16.25,site,"Trogir, Dalmatia, Croatia"
Croatia_Roman_Empire_Zadar,44.12,15.23,site,"Zadar (Iader), Croatia"
Cuba_Archaic,21.5,-78.8,country,Cuba
Cuba_Archaic-Ceramic,21.5,-78.8,country,Cuba
Cuba_Ceramic,21.5,-78.8,country,Cuba
Cuban_Blanco,23.11,-82.37,country,"Havana, Cuba"
Curacao_Ceramic,12.17,-68.99,country,Curacao
Cypriot_Arab_Maronite,35.34,33.07,site,"Kormakitis, Cyprus"
Czech,50.08,14.44,country,"Prague, Czechia"
Czechia_Bell_Beaker_Early,50.1,14.4,region,"Bohemia, Czechia"
Czechia_Bell_Beaker_Late,50.1,14.4,region,"Bohemia, Czechia"
Czechia_CA,49.8,15.0,country,Czechia
Czechia_CA_Baden,49.2,16.6,region,"Moravia, Czechia"
Czechia_CA_Rivnac,50.16,14.36,site,"Rivnac hill, near Levy Hradec, Bohemia, Czechia"
Czechia_Corded_Ware_Early,50.1,14.4,region,"Bohemia, Czechia"
Czechia_Corded_Ware_Late,50.1,14.4,region,"Bohemia, Czechia"
Czechia_EBA_Unetice,50.15,14.35,site,"Unetice, near Prague, Czechia"
Czechia_EBA_Unetice_Classic,50.15,14.35,site,"Unetice, near Prague, Czechia"
Czechia_EBA_Unetice_Pre-Classic,50.15,14.35,site,"Unetice, near Prague, Czechia"
Czechia_EIA_Hallstatt_Bylany,49.93,15.2,site,"Bylany, Kutna Hora, Czechia"
Czechia_EN_LBK,50.1,14.4,region,"Bohemia, Czechia"
Czechia_Early_Medieval_Breclav-Libiva,48.76,16.88,site,"Breclav-Libiva, South Moravia, Czechia"
Czechia_Early_Medieval_Early_Slav_Brandysek,50.19,14.19,site,"Brandysek, Kladno, Czechia"
Czechia_Early_Medieval_Early_Slav_Pohansko,48.72,16.89,site,"Pohansko, near Breclav, Czechia"
Czechia_IA_La_Tene,50.1,14.4,region,"Bohemia, Czechia"
Czechia_IUP_Zlaty_kun,49.91,14.07,site,"Zlaty kun, Koneprusy, Czechia"
Czechia_LBA_Urnfield_Knoviz,50.22,14.13,site,"Knoviz, near Slany, Czechia"
Czechia_LBA_Veterov,49.03,17.02,site,"Veterov, South Moravia, Czechia"
Czechia_LN_Funnelbeaker_(TRB),50.1,14.4,region,"Bohemia, Czechia"
Czechia_LN_Funnelbeaker_(TRB)_Baalberge,50.1,14.4,region,"Bohemia, Czechia"
Czechia_LN_Funnelbeaker_(TRB)_Baalberge/Sirem,50.1,14.4,region,"Bohemia, Czechia"
Czechia_LN_Funnelbeaker_(TRB)_Michelsberg/Baalberge,50.1,14.4,region,"Bohemia, Czechia"
Czechia_LN_Funnelbeaker_(TRB)_Sirem,50.1,14.4,region,"Bohemia, Czechia"
Czechia_MBA_Tumulus,49.7,14.0,region,"southern Bohemia, Czechia"
Czechia_MN,50.1,14.4,region,"Bohemia, Czechia"
Czechia_MN_Stroked_Pottery,50.1,14.4,region,"Bohemia, Czechia"
Czechia_N_Globular_Amphora,49.8,15.5,country,Czechia
Czechia_Proto-CA_Jordanow,50.1,14.4,guess,"Bohemia, Czechia (Jordanow culture)"
Czechia_UP_Gravettian_Vestonice,48.89,16.64,site,"Dolni Vestonice, South Moravia, Czechia"
Dagestan_EBA_Kura-Araxes_Velikent,42.15,48.15,site,"Velikent, Derbent district, Dagestan, Russia"
Dagestan_MBA_Ginchi,42.45,46.75,guess,"Ginchi, mountainous Dagestan, Russia"
Dai,22.0,100.8,ethnic,"Jinghong, Xishuangbanna, Yunnan, China"
Daju_Nyala_(Gemar),12.05,24.88,ethnic,"Nyala, South Darfur, Sudan"
Daju_Sudan,12.0,25.0,ethnic,"Darfur, Sudan"
Dakhni_Muslim_Hyderabad,17.39,78.49,site,"Hyderabad, Telangana, India"
Damara,-20.37,14.97,ethnic,"Khorixas, Damaraland, Namibia"
Dangaleat,12.18,18.7,ethnic,"Mongo, Guera, Chad"
Danish,55.68,12.57,country,"Copenhagen, Denmark"
Dargin,42.44,47.32,ethnic,"Levashi, Dagestan, Russia"
Dargin_Urkarah,42.3,47.5,site,"Urkarakh, Dakhadayevsky District, Dagestan, Russia"
Datog,-3.9,35.1,ethnic,"Lake Eyasi, Tanzania"
Daur,48.5,124.5,ethnic,"Morin Dawa, Inner Mongolia, China"
Democratic_Republic_of_the_Congo_Kindoki_230BP,-5.25,15.0,site,"Kindoki, Mbanza Nzundu, Kongo Central, DR Congo"
Democratic_Republic_of_the_Congo_Ngongo_Mbata_220BP,-5.42,15.15,site,"Ngongo Mbata, Kongo Central, DR Congo"
Denmark_EBA_Nordic_Bronze_Age,56.0,9.5,country,Denmark
Denmark_EN,56.0,9.5,country,Denmark
Denmark_EN-MN_A,56.0,9.5,country,Denmark
Denmark_Early_Medieval_Viking_Age_Funen,55.3,10.4,district,"Funen, Denmark"
Denmark_Early_Medieval_Viking_Age_Jutland,56.2,9.5,region,"Jutland, Denmark"
Denmark_Early_Medieval_Viking_Age_Langeland,54.9,10.8,district,"Langeland, Denmark"
Denmark_Early_Medieval_Viking_Age_Zealand,55.5,11.8,region,"Zealand, Denmark"
Denmark_Early_Modern_Aalborg,57.05,9.92,site,"Aalborg, Denmark"
Denmark_High-Late_Medieval_Aalborg,57.05,9.92,site,"Aalborg, Denmark"
Denmark_High_Medieval-Early_Modern_Aalborg,57.05,9.92,site,"Aalborg, Denmark"
Denmark_High_Medieval_Aalborg,57.05,9.92,site,"Aalborg, Denmark"
Denmark_High_Medieval_Copenhagen,55.68,12.57,site,"Copenhagen, Denmark"
Denmark_High_Medieval_Holbaek,55.72,11.71,site,"Holbaek, Zealand, Denmark"
Denmark_High_Medieval_Randers,56.46,10.04,site,"Randers, Jutland, Denmark"
Denmark_IA_Jutland,56.2,9.5,region,"Jutland, Denmark"
Denmark_IA_Zealand,55.5,11.8,region,"Zealand, Denmark"
Denmark_LBA_Nordic_Bronze_Age,56.0,9.5,country,Denmark
Denmark_LN,56.0,9.5,country,Denmark
Denmark_LNBA_Zealand,55.5,11.8,region,"Zealand, Denmark"
Denmark_Late_Medieval-Early_Modern_Holbaek,55.72,11.71,site,"Holbaek, Zealand, Denmark"
Denmark_Late_Medieval_Aalborg,57.05,9.92,site,"Aalborg, Denmark"
Denmark_Late_Medieval_Holbaek,55.72,11.71,site,"Holbaek, Zealand, Denmark"
Denmark_Late_Medieval_Randers,56.46,10.04,site,"Randers, Jutland, Denmark"
Denmark_Late_Mesolithic-EN_Syltholm,54.68,11.35,site,"Syltholm, Lolland, Denmark"
Denmark_MBA_Nordic_Bronze_Age_Zealand,55.5,11.8,region,"Zealand, Denmark"
Denmark_MN_A,56.0,9.5,country,Denmark
Denmark_MN_A_Funnelbeaker_(TRB),56.0,9.5,country,Denmark
Denmark_MN_A_Pitted_Ware,56.0,9.5,country,Denmark
Denmark_MN_B,56.0,9.5,country,Denmark
Denmark_MN_B_Funnelbeaker_(TRB),56.0,9.5,country,Denmark
Denmark_Mesolithic_Bjornsholm,56.9,9.35,site,"Bjornsholm, Himmerland, Denmark"
Denmark_Mesolithic_Bodal_K,55.55,11.45,site,"Bodal K, Amose bog, Zealand, Denmark"
Denmark_Mesolithic_Dragsholm,55.75,11.4,site,"Dragsholm, Zealand, Denmark"
Denmark_Mesolithic_Ertebolle,56.8,9.13,site,"Ertebolle, Limfjord, Denmark"
Denmark_Mesolithic_Fannerup,56.42,10.65,site,"Fannerup, Djursland, Denmark"
Denmark_Mesolithic_Henriksholm-Bogebakken,55.85,12.55,site,"Henriksholm-Bogebakken, Vedbaek, Zealand, Denmark"
Denmark_Mesolithic_Koed,56.42,10.6,site,"Koed, Djursland, Denmark"
Denmark_Mesolithic_Koelbjerg,55.42,10.15,site,"Koelbjerg, Funen, Denmark"
Denmark_Mesolithic_Koge_Sonakke,55.44,12.2,site,"Koge Sonakke, Zealand, Denmark"
Denmark_Mesolithic_Kongemose,55.55,11.45,site,"Kongemose, Amose, Zealand, Denmark"
Denmark_Mesolithic_Kongemose_Orehoved_Sejlrende,54.95,11.85,site,"Orehoved, Falster, Denmark"
Denmark_Mesolithic_Kongemose_Ronsten,55.6,11.3,guess,"Ronsten, Zealand, Denmark"
Denmark_Mesolithic_Kongemose_Vedbaek_Boldbaner,55.85,12.55,site,"Vedbaek Boldbaner, Zealand, Denmark"
Denmark_Mesolithic_Korsor_Nor,55.33,11.15,site,"Korsor Nor, Zealand, Denmark"
Denmark_Mesolithic_Lango_Skaldynge,54.87,11.1,guess,"Lango, near Nakskov, Lolland, Denmark"
Denmark_Mesolithic_Nederst,56.38,10.62,site,"Nederst, Djursland, Denmark"
Denmark_Mesolithic_Norsminde,56.02,10.25,site,"Norsminde, eastern Jutland, Denmark"
Denmark_Mesolithic_Rodhals,56.4,10.55,guess,"Rodhals, Djursland, Denmark"
Denmark_Mesolithic_Solager,55.95,11.95,site,"Solager, Halsnaes, Zealand, Denmark"
Denmark_Mesolithic_Stroby_Groftemark,55.42,12.25,site,"Stroby, Zealand, Denmark"
Denmark_Mesolithic_Tudse_Hage,55.72,11.45,site,"Tudse Hage, near Holbaek, Zealand, Denmark"
Denmark_Mesolithic_Tybrind_Vig,55.4,9.85,site,"Tybrind Vig, western Funen, Denmark"
Denmark_Single_Grave,56.2,9.3,region,"Jutland, Denmark"
Denmark_Single_Grave-LN,56.2,9.3,region,"Jutland, Denmark"
Dhurwa_Odisha,18.8,82.7,ethnic,"Koraput, Odisha, India"
Dinka,6.21,31.56,ethnic,"Bor, South Sudan"
Dogon,14.35,-3.61,ethnic,"Bandiagara, Mali"
Dogra_Brahmin_Jammu,32.73,74.86,site,"Jammu, India"
Dolgan,69.4,86.18,ethnic,"Dudinka, Taimyr, Krasnoyarsk Krai, Russia"
Dominican_Republic_Archaic,18.75,-70.2,country,Dominican Republic
Dominican_Republic_Ceramic,18.75,-70.2,country,Dominican Republic
Dong_Guizhou_Congjiang,25.75,108.9,site,"Congjiang, Guizhou, China"
Dong_Guizhou_Liping,26.23,109.14,site,"Liping, Guizhou, China"
Dong_Guizhou_Rongjiang,25.93,108.52,site,"Rongjiang, Guizhou, China"
Dong_Guizhou_Tianzhu,26.91,109.21,site,"Tianzhu, Guizhou, China"
Dong_Guizhou_Tongren,27.72,109.19,site,"Tongren, Guizhou, China"
Dong_Hunan,26.16,109.79,region,"Tongdao, Hunan, China"
Dongxiang,35.66,103.39,ethnic,"Dongxiang, Linxia, Gansu, China"
Druze_Israel,32.7,35.05,district,"Daliyat al-Karmel, Israel"
Druze_Lebanon,33.69,35.58,district,"Chouf (Beiteddine), Lebanon"
Dungan,43.05,74.7,ethnic,"Masanchi/Korday, Kazakhstan-Kyrgyzstan border"
Dusadh,25.6,85.1,ethnic,"Bihar, India"
Dusun_Brunei,4.8,114.65,ethnic,"Tutong, Brunei"
Dutch,52.09,5.12,country,"Utrecht, Netherlands"
Dutch_Central,52.09,5.5,region,"Utrecht/Gelderland, Netherlands"
Dutch_Central+South,51.7,5.3,region,central-southern Netherlands
Dutch_Groningen,53.22,6.57,district,"Groningen, Netherlands"
Dutch_Limburg,50.85,5.69,district,"Maastricht, Limburg, Netherlands"
Dutch_North,52.9,5.6,region,northern Netherlands
Dutch_North_Brabant,51.7,5.3,district,"'s-Hertogenbosch, North Brabant, Netherlands"
Dutch_South_Holland,51.98,4.4,district,"South Holland, Netherlands"
Eastern_Uttar_Pradeshi_Brahmin,25.32,82.97,region,"Varanasi, eastern Uttar Pradesh, India"
Eastern_Uttar_Pradeshi_Kalal,25.32,82.97,region,"Varanasi, eastern Uttar Pradesh, India"
Eastern_Uttar_Pradeshi_Teli,25.32,82.97,region,"Varanasi, eastern Uttar Pradesh, India"
Egypt_Hellenistic-Roman_Empire_Abusir-el_Meleq,29.25,31.1,site,"Abusir el-Meleq, Beni Suef, Egypt"
Egypt_Late_Period_Abusir-el_Meleq,29.25,31.1,site,"Abusir el-Meleq, Beni Suef, Egypt"
Egyptian_Arab_Muslim,30.04,31.24,country,"Cairo, Egypt"
Egyptian_Arab_Muslim_Alexandria,31.2,29.92,site,"Alexandria, Egypt"
Egyptian_Arab_Muslim_Beheira,31.04,30.47,district,"Damanhur, Beheira, Egypt"
Egyptian_Arab_Muslim_Cairo,30.04,31.24,site,"Cairo, Egypt"
Egyptian_Arab_Muslim_Dakahlia,31.04,31.38,district,"Mansoura, Dakahlia, Egypt"
Egyptian_Arab_Muslim_Gharbia,30.79,31.0,district,"Tanta, Gharbia, Egypt"
Egyptian_Arab_Muslim_Giza,30.01,31.21,district,"Giza, Egypt"
Egyptian_Arab_Muslim_Luxor,25.69,32.64,site,"Luxor, Egypt"
Egyptian_Arab_Muslim_Qalyubia,30.46,31.18,district,"Banha, Qalyubia, Egypt"
Egyptian_Arab_Muslim_Sharqia,30.59,31.5,district,"Zagazig, Sharqia, Egypt"
Egyptian_Copt,27.18,31.18,ethnic,"Asyut, Egypt"
Egyptian_Copt_Sudan,15.5,32.56,ethnic,"Khartoum, Sudan"
Elmolo,2.75,36.72,ethnic,"Loiyangalani, Lake Turkana, Kenya"
Emirati,24.45,54.38,country,"Abu Dhabi, United Arab Emirates"
Emirati_Arab,24.45,54.38,country,"Abu Dhabi, United Arab Emirates"
England_Bell_Beaker,52.4,-1.5,country,England
England_CA-EBA,52.4,-1.5,country,England
England_EBA,52.4,-1.5,country,England
England_EIA,52.4,-1.5,country,England
England_EMBA,52.4,-1.5,country,England
England_EN,52.4,-1.5,country,England
England_Early-High_Medieval_Cambridgeshire_Cherry_Hinton,52.19,0.17,site,"Cherry Hinton, Cambridge, England"
England_Early_Medieval_Anglian_Hollow_Banks,54.38,-1.62,site,"Hollow Banks, Catterick, North Yorkshire, England"
England_Early_Medieval_Anglo-Saxon_Apple_Down,50.93,-0.83,site,"Apple Down, West Sussex, England"
England_Early_Medieval_Anglo-Saxon_Barrington,52.13,0.02,site,"Barrington, Cambridgeshire, England"
England_Early_Medieval_Anglo-Saxon_Dover_Buckland,51.14,1.3,site,"Buckland, Dover, Kent, England"
England_Early_Medieval_Anglo-Saxon_Eastry_Updown,51.24,1.31,site,"Eastry Updown, Kent, England"
England_Early_Medieval_Anglo-Saxon_Edix_Hill,52.13,0.03,site,"Edix Hill, Barrington, Cambridgeshire, England"
England_Early_Medieval_Anglo-Saxon_Ely,52.4,0.26,site,"Ely, Cambridgeshire, England"
England_Early_Medieval_Anglo-Saxon_Hartlepool,54.69,-1.21,site,"Hartlepool, County Durham, England"
England_Early_Medieval_Anglo-Saxon_Hatherdene_Close,52.19,0.16,site,"Hatherdene Close, Cherry Hinton, Cambridge, England"
England_Early_Medieval_Anglo-Saxon_Hinxton,52.08,0.19,site,"Hinxton, Cambridgeshire, England"
England_Early_Medieval_Anglo-Saxon_Lakenheath,52.41,0.53,site,"Lakenheath, Suffolk, England"
England_Early_Medieval_Anglo-Saxon_Linton,52.1,0.28,site,"Linton, Cambridgeshire, England"
England_Early_Medieval_Anglo-Saxon_Norton,54.58,-1.31,site,"Norton-on-Tees, County Durham, England"
England_Early_Medieval_Anglo-Saxon_Oakington,52.28,0.05,site,"Oakington, Cambridgeshire, England"
England_Early_Medieval_Anglo-Saxon_Polhill,51.3,0.15,site,"Polhill, Kent, England"
England_Early_Medieval_Anglo-Saxon_Ribblesdale,54.05,-2.35,district,"Ribblesdale, North Yorkshire, England"
England_Early_Medieval_Anglo-Saxon_Rookery_Hill,50.78,0.13,site,"Rookery Hill, Bishopstone, East Sussex, England"
England_Early_Medieval_Anglo-Saxon_Sedgeford,52.9,0.55,site,"Sedgeford, Norfolk, England"
England_Early_Medieval_Anglo-Saxon_West_Heslerton,54.15,-0.55,site,"West Heslerton, North Yorkshire, England"
England_Early_Medieval_Anglo-Saxon_Wolverton,52.07,-0.8,site,"Wolverton, Milton Keynes, England"
England_Early_Medieval_Crantock,50.41,-5.11,site,"Crantock, Cornwall, England"
England_Early_Medieval_Fox_Holes_Cave,53.17,-1.78,guess,"Fox Hole Cave, High Wheeldon, Derbyshire, England"
England_Early_Medieval_Viking_Age_Oxford,51.75,-1.26,site,"Oxford, England"
England_Early_Medieval_Viking_Age_Ridgeway_Hill,50.65,-2.42,site,"Ridgeway Hill, Weymouth, Dorset, England"
England_Early_Medieval_Widemouth_Bay,50.79,-4.55,site,"Widemouth Bay, Cornwall, England"
England_Early_Medieval_Worth_Matravers,50.6,-2.04,site,"Worth Matravers, Dorset, England"
England_Early_Modern_Cambridgeshire_Hemingford_Grey_Quaker,52.31,-0.1,site,"Hemingford Grey, Cambridgeshire, England"
England_High-Late_Medieval_Cambridgeshire_All_Saints,52.21,0.12,site,"All Saints, Cambridge, England"
England_High-Late_Medieval_Cambridgeshire_Hospital_of_St._John,52.2,0.12,site,"Hospital of St John, Cambridge, England"
England_High_Medieval-Early_Modern_Cambridgeshire_Clopton,52.13,-0.09,site,"Clopton, Cambridgeshire, England"
England_High_Medieval_Cambridgeshire_Hospital_of_St._John,52.2,0.12,site,"Hospital of St John, Cambridge, England"
England_High_Medieval_Lincoln,53.23,-0.54,site,"Lincoln, England"
England_High_Medieval_Tzarfati_Jew_Norwich,52.63,1.3,site,"Norwich, Norfolk, England"
England_IA,52.4,-1.5,country,England
England_LBA,52.4,-1.5,country,England
England_LIA,52.4,-1.5,country,England
England_LIA-Roman_Empire,52.4,-1.5,country,England
England_LIA-Roman_Empire_Durotrigian,50.75,-2.35,region,"Dorset (Durotriges territory), England"
England_LIA_Durotrigian,50.75,-2.35,region,"Dorset (Durotriges territory), England"
England_LIA_East_Yorkshire,53.95,-0.45,district,"East Yorkshire, England"
England_LIA_Gallic_Warrior,50.79,-0.68,site,"North Bersted, West Sussex, England"
England_Late_Antiquity,52.4,-1.5,country,England
England_Late_Antiquity-Early_Medieval_Anglo-Saxon_Apple_Down,50.93,-0.83,site,"Apple Down, West Sussex, England"
England_Late_Antiquity-Early_Medieval_Anglo-Saxon_Dover_Buckland,51.14,1.3,site,"Buckland, Dover, Kent, England"
England_Late_Antiquity-Early_Medieval_Anglo-Saxon_Dover_Hill,51.1,1.17,site,"Dover Hill, Folkestone, Kent, England"
England_Late_Antiquity-Early_Medieval_Anglo-Saxon_Ely,52.4,0.26,site,"Ely, Cambridgeshire, England"
England_Late_Antiquity-Early_Medieval_Anglo-Saxon_Hatherdene_Close,52.19,0.16,site,"Hatherdene Close, Cherry Hinton, Cambridge, England"
England_Late_Antiquity-Early_Medieval_Anglo-Saxon_Lakenheath,52.41,0.53,site,"Lakenheath, Suffolk, England"
England_Late_Antiquity-Early_Medieval_Anglo-Saxon_Oakington,52.28,0.05,site,"Oakington, Cambridgeshire, England"
England_Late_Antiquity-Early_Medieval_Anglo-Saxon_West_Heslerton,54.15,-0.55,site,"West Heslerton, North Yorkshire, England"
England_Late_Antiquity-Early_Medieval_Slonk_Hill,50.85,-0.27,site,"Slonk Hill, Shoreham-by-Sea, West Sussex, England"
England_Late_Antiquity-Early_Medieval_Winterbourne_Kingston,50.8,-2.19,site,"Winterbourne Kingston, Dorset, England"
England_Late_Medieval-Early_Modern_Cambridgeshire_Augustinian_Friary,52.2,0.12,site,"Augustinian Friary, Cambridge, England"
England_Late_Medieval_Cambridgeshire_Bene't_Street,52.2,0.12,site,"Bene't Street, Cambridge, England"
England_Late_Medieval_Cambridgeshire_Hospital_of_St._John,52.2,0.12,site,"Hospital of St John, Cambridge, England"
England_Late_Modern_Cambridgeshire_Holy_Trinity_College,52.21,0.12,site,"Holy Trinity, Cambridge, England"
England_Late_Modern_Cambridgeshire_Providence_Calvinistic_Baptist_Chapel,52.21,0.13,site,"Providence Chapel, Cambridge, England"
England_MBA,52.4,-1.5,country,England
England_MIA,52.4,-1.5,country,England
England_MIA-LIA,52.4,-1.5,country,England
England_MIA-LIA_East_Yorkshire,53.95,-0.45,district,"East Yorkshire, England"
England_MIA_East_Yorkshire,53.95,-0.45,district,"East Yorkshire, England"
England_Mesolithic_Aveline's_Hole,51.32,-2.75,site,"Aveline's Hole, Burrington Combe, Somerset, England"
England_Mesolithic_Gough's_Cave_(Cheddar_Man),51.28,-2.77,site,"Gough's Cave, Cheddar, Somerset, England"
England_Mesolithic_Kendrick's_Cave,53.33,-3.83,site,"Kendrick's Cave, Llandudno, Wales"
England_Mesolithic_Kent's_Cavern,50.47,-3.5,site,"Kent's Cavern, Torquay, Devon, England"
England_N,52.4,-1.5,country,England
England_N_Hazleton_North,51.86,-1.9,site,"Hazleton North, Gloucestershire, England"
England_N_Megalithic,52.4,-1.5,country,England
England_N_Trumpington,52.17,0.11,site,"Trumpington, Cambridge, England"
England_Roman_Empire,52.4,-1.5,country,England
England_Roman_Empire-Late_Antiquity,52.4,-1.5,country,England
England_UP_Magdalenian_Gough's_Cave,51.28,-2.77,site,"Gough's Cave, Cheddar, Somerset, England"
English,52.5,-1.5,country,"England, United Kingdom"
Eritrean,15.34,38.93,country,"Asmara, Eritrea"
Esan,6.75,6.13,ethnic,"Ekpoma, Edo State, Nigeria"
Estonia_BA,58.6,25.0,country,Estonia
Estonia_Corded_Ware,58.6,25.0,country,Estonia
Estonia_EMN_Narva,58.6,25.0,country,Estonia
Estonia_Early_Medieval_Viking_Age_Saaremaa,58.45,22.55,district,"Saaremaa, Estonia"
Estonia_Early_Modern,58.6,25.0,country,Estonia
Estonia_High_Medieval,58.6,25.0,country,Estonia
Estonia_IA,58.6,25.0,country,Estonia
Estonia_Late_Medieval,58.6,25.0,country,Estonia
Estonia_MN_Comb_Ceramic,58.6,25.0,country,Estonia
Estonian,59.44,24.75,country,"Tallinn, Estonia"
Ethiopia_LSA_Mota_4500BP,6.42,37.05,site,"Mota cave, Gamo highlands, Ethiopia"
Even,62.0,150.0,ethnic,"Magadan/Yakutia, Russia"
Even_(European-Mixed),62.0,150.0,ethnic,"Magadan/Yakutia, Russia"
Evenk,64.28,100.23,ethnic,"Tura, Evenkia, Krasnoyarsk Krai, Russia"
Evenk_Khabarovsk,52.0,136.5,district,"Khabarovsk Krai, Russia"
Evenk_Khabarovsk_(European-Mixed),52.0,136.5,district,"Khabarovsk Krai, Russia"
Evenk_Zabaykalsky,53.6,115.6,district,"Tungokochen, Zabaykalsky Krai, Russia"
Faroes_Early_Medieval_Viking_Age,62.0,-6.8,country,Faroe Islands
Faroes_High_Medieval,62.0,-6.8,country,Faroe Islands
Filipino,14.6,120.98,country,"Manila, Philippines"
Filipino_Luzon,15.5,121.0,region,"Luzon, Philippines"
Finland_Early_Modern_Porvoo,60.39,25.66,site,"Porvoo, Finland"
Finland_IA_Levanluhta,62.95,21.9,site,"Levanluhta, Isokyro, Ostrobothnia, Finland"
Finland_Late_Medieval-Early_Modern_Turku,60.45,22.27,site,"Turku, Finland"
Finnish,60.17,24.94,country,"Helsinki, Finland"
Finnish_Central,62.24,25.75,region,"Jyvaskyla, Central Finland"
Finnish_East,62.89,27.68,region,"Kuopio, eastern Finland"
Finnish_Ingria,59.7,30.0,region,"Ingria, Leningrad Oblast, Russia"
Finnish_North,65.01,25.47,region,"Oulu, northern Finland"
Finnish_Southeast,61.06,28.19,region,"Lappeenranta, southeastern Finland"
Finnish_Southwest,60.45,22.27,region,"Turku, southwestern Finland"
Flemish_Belgium,51.05,3.72,region,"Ghent, Flanders, Belgium"
Flemish_France_Nord,51.03,2.38,district,"Dunkirk, Nord, France"
Formosan,23.7,121.2,ethnic,central-eastern Taiwan
Frafra_Nankam,10.79,-0.85,ethnic,"Bolgatanga, Upper East Region, Ghana"
France_Bell_Beaker_Grand_Est,48.7,6.2,region,"Grand Est, France"
France_Bell_Beaker_Hauts-de-France,50.0,2.8,region,"Hauts-de-France, France"
France_Bell_Beaker_Ile-de-France,48.8,2.4,region,"Ile-de-France, France"
France_Bell_Beaker_Occitanie,43.7,2.5,region,"Occitanie, France"
France_Bell_Beaker_Provence,43.7,5.8,region,"Provence, France"
France_Bell_Beaker_Rhone-Alpes,45.4,5.0,region,"Rhone-Alpes, France"
France_EBA_Brittany,48.2,-2.9,region,"Brittany, France"
France_EBA_Grand_Est,48.7,6.2,region,"Grand Est, France"
France_EBA_Occitanie,43.7,2.5,region,"Occitanie, France"
France_EMBA_Occitanie,43.7,2.5,region,"Occitanie, France"
France_ENMN_Les_Breguieres,43.6,7.0,site,"Les Breguieres, Mougins, Alpes-Maritimes, France"
France_EN_Early_Cardial_Pendimoun,43.82,7.51,site,"Pendimoun, Castellar, Alpes-Maritimes, France"
France_EN_LBK_Grand_Est,48.7,6.2,region,"Grand Est, France"
France_EN_LBK_Hauts-de-France,50.0,2.8,region,"Hauts-de-France, France"
France_EN_Villeneuve-Saint-Germain_Ile-de-France,48.8,2.4,region,"Ile-de-France, France"
France_Early-High_Medieval_Chausse_Saint-Pierre,47.6,1.36,guess,"Chausse Saint-Pierre, central France"
France_Early_Medieval_Merovingian_Chemere,47.1,-1.9,site,"Chemere, Loire-Atlantique, France"
France_Early_Modern_Battle_of_Le_Mans_Vendeen_Soldier_French,48.0,0.2,site,"Le Mans, Sarthe, France"
France_Early_Modern_Lariey-Puy-Saint-Pierre,44.9,6.61,site,"Lariey, Puy-Saint-Pierre, Hautes-Alpes, France"
France_Early_Modern_Paris,48.86,2.35,site,"Paris, France"
France_FN_Brittany,48.2,-2.9,region,"Brittany, France"
France_FN_Grand_Est,48.7,6.2,region,"Grand Est, France"
France_IA1_Hallstatt_C-Early_La_Tene_Grand_Est,48.7,6.2,region,"Grand Est, France"
France_IA1_Hallstatt_D-Early_La_Tene_Grand_Est,48.7,6.2,region,"Grand Est, France"
France_IA1_Hallstatt_D-Early_La_Tene_Occitanie,43.7,2.5,region,"Occitanie, France"
France_IA1_Hallstatt_D_Hauts-de-France,50.0,2.8,region,"Hauts-de-France, France"
France_IA1_Hallstatt_D_Occitanie,43.7,2.5,region,"Occitanie, France"
France_IA1_Hallstatt_Grand_Est,48.7,6.2,region,"Grand Est, France"
France_IA2_La_Tene_Bourgogne-Franche-Comte,47.2,5.0,region,"Bourgogne-Franche-Comte, France"
France_IA2_La_Tene_Grand_Est,48.7,6.2,region,"Grand Est, France"
France_IA2_La_Tene_Hauts-de-France,50.0,2.8,region,"Hauts-de-France, France"
France_IA2_La_Tene_Normandy,49.1,0.2,region,"Normandy, France"
France_IA2_La_Tene_Occitanie,43.7,2.5,region,"Occitanie, France"
France_IA2_Provence_Celto-Ligurian,43.5,5.4,region,"Provence, France"
France_LBA_Grand_Est,48.7,6.2,region,"Grand Est, France"
France_LBA_Occitanie,43.7,2.5,region,"Occitanie, France"
France_LN-EBA_Dolmen_des_Fades,43.3,2.72,site,"Dolmen des Fades, Pepieux, Aude, France"
France_LN-EBA_Grotte_Mandrin,44.47,4.75,site,"Grotte Mandrin, Malataverne, Drome, France"
France_LN-EBA_Veraza_La_Clape,43.18,3.15,site,"La Clape, Aude/Herault, France"
France_LN_Breviandes_les_Pointes_et_les_Grevottes,48.26,4.1,site,"Breviandes, Aube, France"
France_LN_Ferrieres_Aven_de_la_Boucle,43.87,3.9,site,"Aven de la Boucle, Corconne, Gard, France"
France_LN_Ferrieres_Mas_Rouge,43.6,3.9,guess,"Mas Rouge, Montpellier area, Herault, France"
France_LN_Megalithic,47.0,2.5,country,France
France_LN_Moussey,48.22,4.02,guess,"Moussey, Aube, France"
France_Late_Antiquity-Early_Medieval_Chausse_Saint-Pierre,47.6,1.36,guess,"Chausse Saint-Pierre, central France"
France_Late_Antiquity-Early_Medieval_Metz,49.12,6.18,site,"Metz, Moselle, France"
France_Late_Antiquity-Early_Medieval_Saint-Lupien,47.19,-1.55,site,"Saint-Lupien, Reze, Loire-Atlantique, France"
France_Late_Antiquity_Sarrebourg,48.73,7.05,site,"Sarrebourg, Moselle, France"
France_Late_Antiquity_Vendeuil-Caply,49.6,2.27,site,"Vendeuil-Caply, Oise, France"
France_Late_Medieval_Metz,49.12,6.18,site,"Metz, Moselle, France"
France_MBA_Aven_de_la_Boucle,43.87,3.9,site,"Aven de la Boucle, Corconne, Gard, France"
France_MBA_Grotte_Mandrin,44.47,4.75,site,"Grotte Mandrin, Malataverne, Drome, France"
France_MBA_La_Clape,43.18,3.15,site,"La Clape, Aude/Herault, France"
France_MLN_Clos_de_Roque,43.45,5.86,site,"Clos de Roque, Saint-Maximin-la-Sainte-Baume, Var, France"
France_MLN_Fleury-sur-Orne,49.14,-0.37,site,"Fleury-sur-Orne, Calvados, France"
France_MLN_Mont-Aime,48.87,4.0,site,"Mont-Aime, Bergeres-les-Vertus, Marne, France"
France_MN1_Cerny_Grand_Est,48.7,6.2,region,"Grand Est, France"
France_MN1_Cerny_Ile-de-France,48.8,2.4,region,"Ile-de-France, France"
France_MN1_Grossgartach_Grand_Est,48.6,7.6,region,"Alsace, Grand Est, France"
France_MN2_BORS-Michelsberg_Grand_Est,48.7,6.2,region,"Grand Est, France"
France_MN2_Grand_Est,48.7,6.2,region,"Grand Est, France"
France_MN2_Michelsberg_Hauts-de-France,50.0,2.8,region,"Hauts-de-France, France"
France_MN2_Noyen_Grand_Est,48.7,6.2,region,"Grand Est, France"
France_MN_Chasseen-LN_Ferrieres_Aven_de_la_Boucle,43.87,3.9,site,"Aven de la Boucle, Corconne, Gard, France"
France_MN_Chasseen_Aven_de_la_Boucle,43.87,3.9,site,"Aven de la Boucle, Corconne, Gard, France"
France_MN_Chasseen_Champ_du_Poste,43.21,2.35,site,"Champ du Poste, Carcassonne, Aude, France"
France_MN_Chasseen_Le_Cres,43.35,3.22,site,"Le Cres, Beziers, Herault, France"
France_MN_Epicardial-Early_Chasseen_Grotte_Gazel,43.35,2.45,site,"Grotte Gazel, Salleles-Cabardes, Aude, France"
France_MN_Fleury-sur-Orne,49.14,-0.37,site,"Fleury-sur-Orne, Calvados, France"
"France_MN_Gurgy_""les_Noisats""",47.87,3.55,site,"Gurgy, Yonne, France"
France_MN_Lingolsheim,48.56,7.68,site,"Lingolsheim, Bas-Rhin, France"
France_MN_Obernai,48.46,7.48,site,"Obernai, Bas-Rhin, France"
France_MN_Prisse-la-Charriere,46.3,-0.45,site,"Prisse-la-Charriere, Deux-Sevres, France"
France_Medieval_Brittany,48.2,-2.9,region,"Brittany, France"
France_Mesolithic_Champigny,48.82,2.51,guess,"Champigny-sur-Marne, Val-de-Marne, France"
France_Mesolithic_Cuiry-les-Chaudardes,49.4,3.73,site,"Cuiry-les-Chaudardes, Aisne, France"
France_Mesolithic_Farman,49.2,4.0,guess,"Farman, Marne area, northern France"
France_Mesolithic_Hoedic,47.34,-2.87,site,"Hoedic island, Morbihan, France"
France_Mesolithic_Maisons-Alfort,48.8,2.44,site,"Maisons-Alfort, Val-de-Marne, France"
France_Mesolithic_Nouvelle-Aquitaine,44.9,0.3,region,"Nouvelle-Aquitaine, France"
France_Mesolithic_Ranchot,47.14,5.62,site,"Ranchot, Jura, France"
France_Mesolithic_Rochedane,47.38,6.8,site,"Rochedane, Villars-sous-Dampjoux, Doubs, France"
France_Mesolithic_Teviec,47.53,-3.15,site,"Teviec, Morbihan, France"
France_Roman_Empire-Late_Antiquity_Sarrebourg,48.73,7.05,site,"Sarrebourg, Moselle, France"
France_UP_Gravettian_Fournol,44.6,1.6,guess,"Grotte de Fournol, Lot, France"
France_UP_Gravettian_Ormesson,48.55,2.55,site,"Ormesson, Seine-et-Marne, France"
France_UP_Magdalenian_La_Marche,46.4,0.73,site,"La Marche, Lussac-les-Chateaux, Vienne, France"
France_UP_Magdalenian_Rigney,47.35,6.13,site,"Rigney, Doubs, France"
French,48.86,2.35,country,"Paris, France"
French_Arpitan_Auvergne-Rhone-Alpes_Isere,45.19,5.72,district,"Grenoble, Isere, France"
French_Arpitan_Auvergne-Rhone-Alpes_Loire,45.44,4.39,district,"Saint-Etienne, Loire, France"
French_Arpitan_Auvergne-Rhone-Alpes_Rhone,45.76,4.84,district,"Lyon, Rhone, France"
French_Arpitan_Auvergne-Rhone-Alpes_Savoie,45.57,5.92,district,"Chambery, Savoie, France"
French_Arpitan_Bourgogne-Franche-Comte_Jura,46.67,5.55,district,"Lons-le-Saunier, Jura, France"
French_Canadian,46.81,-71.21,region,"Quebec City, Quebec, Canada"
French_Occitan_Auvergne-Rhone-Alpes_Ardeche,44.74,4.6,district,"Privas, Ardeche, France"
French_Occitan_Auvergne-Rhone-Alpes_Drome,44.93,4.89,district,"Valence, Drome, France"
French_Occitan_Auvergne-Rhone-Alpes_Haute-Loire,45.04,3.89,district,"Le Puy-en-Velay, Haute-Loire, France"
French_Occitan_Auvergne-Rhone-Alpes_Puy-de-Dome,45.78,3.08,district,"Clermont-Ferrand, Puy-de-Dome, France"
French_Occitan_Nouvelle-Aquitaine_Correze,45.27,1.77,district,"Tulle, Correze, France"
French_Occitan_Nouvelle-Aquitaine_Creuse,46.17,1.87,district,"Gueret, Creuse, France"
French_Occitan_Nouvelle-Aquitaine_Dordogne,45.18,0.72,district,"Perigueux, Dordogne, France"
French_Occitan_Nouvelle-Aquitaine_Gironde,44.84,-0.58,district,"Bordeaux, Gironde, France"
French_Occitan_Nouvelle-Aquitaine_Haute-Vienne,45.83,1.26,district,"Limoges, Haute-Vienne, France"
French_Occitan_Nouvelle-Aquitaine_Landes_Chalosse,43.7,-0.8,district,"Chalosse, Landes, France"
French_Occitan_Nouvelle-Aquitaine_Landes_Chalosse_Dax,43.71,-1.05,site,"Dax, Landes, France"
French_Occitan_Nouvelle-Aquitaine_Pyrenees-Atlantiques_Bearn,43.3,-0.37,district,"Pau, Bearn, France"
French_Occitan_Occitanie_Aveyron,44.35,2.57,district,"Rodez, Aveyron, France"
French_Occitan_Occitanie_Gard,43.84,4.36,district,"Nimes, Gard, France"
French_Occitan_Occitanie_Haute-Garonne,43.6,1.44,district,"Toulouse, Haute-Garonne, France"
French_Occitan_Occitanie_Hautes-Pyrenees_Bigorre,43.23,0.07,district,"Tarbes, Bigorre, France"
French_Occitan_Occitanie_Hautes-Pyrenees_Bigorre_Lourdes,43.09,-0.05,site,"Lourdes, Hautes-Pyrenees, France"
French_Occitan_Occitanie_Herault,43.61,3.88,district,"Montpellier, Herault, France"
French_Occitan_Occitanie_Lozere,44.52,3.5,district,"Mende, Lozere, France"
French_Occitan_Occitanie_Tarn,43.93,2.15,district,"Albi, Tarn, France"
French_Occitan_Provence-Alpes-Cote_d'Azur,43.53,5.45,region,"Aix-en-Provence, Provence, France"
French_Occitan_Provence-Alpes-Cote_d'Azur_Alpes-de-Haute-Provence,44.09,6.24,district,"Digne-les-Bains, Alpes-de-Haute-Provence, France"
French_Occitan_Provence-Alpes-Cote_d'Azur_Bouches-du-Rhone,43.3,5.37,district,"Bouches-du-Rhone, France"
French_Occitan_Provence-Alpes-Cote_d'Azur_Bouches-du-Rhone_Marseille,43.3,5.37,site,"Marseille, France"
French_Oil_Bourgogne-Franche-Comte_Cote-d'Or,47.32,5.04,district,"Dijon, Cote-d'Or, France"
French_Oil_Bourgogne-Franche-Comte_Doubs,47.24,6.02,district,"Besancon, Doubs, France"
French_Oil_Bourgogne-Franche-Comte_Haute-Saone,47.62,6.16,district,"Vesoul, Haute-Saone, France"
French_Oil_Bourgogne-Franche-Comte_Nievre,46.99,3.16,district,"Nevers, Nievre, France"
French_Oil_Bourgogne-Franche-Comte_Saone-et-Loire,46.31,4.83,district,"Macon, Saone-et-Loire, France"
French_Oil_Bourgogne-Franche-Comte_Yonne,47.8,3.57,district,"Auxerre, Yonne, France"
French_Oil_Centre-Val_de_Loire_Indre,46.81,1.69,district,"Chateauroux, Indre, Centre-Val de Loire, France"
French_Oil_Grand_Est_Ardennes,49.77,4.72,district,"Charleville-Mezieres, Ardennes, France"
French_Oil_Grand_Est_Marne,48.96,4.36,district,"Chalons-en-Champagne, Marne, France"
French_Oil_Grand_Est_Moselle,49.12,6.18,district,"Metz, Moselle, France"
French_Oil_Grand_Est_Vosges,48.17,6.45,district,"Epinal, Vosges, France"
French_Oil_Hauts-de-France_Nord,50.63,3.06,district,"Lille, Nord, France"
French_Oil_Hauts-de-France_Pas-de-Calais,50.29,2.78,district,"Arras, Pas-de-Calais, France"
French_Oil_Hauts-de-France_Somme,49.89,2.3,district,"Amiens, Somme, France"
French_Oil_Ile-de-France_Paris,48.86,2.35,site,"Paris, France"
French_Oil_Normandy_Calvados,49.18,-0.37,district,"Caen, Calvados, Normandy, France"
French_Oil_Normandy_Eure,49.02,1.15,district,"Evreux, Eure, Normandy, France"
French_Oil_Normandy_Manche,49.11,-1.09,district,"Saint-Lo, Manche, Normandy, France"
French_Oil_Normandy_Orne,48.43,0.09,district,"Alencon, Orne, Normandy, France"
French_Oil_Normandy_Seine-Maritime,49.44,1.1,district,"Rouen, Seine-Maritime, Normandy, France"
French_Oil_Nouvelle-Aquitaine_Charente-Maritime,46.16,-1.15,district,"La Rochelle, Charente-Maritime, France"
French_Oil_Nouvelle-Aquitaine_Deux-Sevres,46.32,-0.46,district,"Niort, Deux-Sevres, France"
French_Oil_Pays_de_la_Loire_Maine-et-Loire,47.47,-0.55,district,"Angers, Maine-et-Loire, France"
French_Oil_Pays_de_la_Loire_Sarthe,48.0,0.2,district,"Le Mans, Sarthe, France"
French_Oil_Pays_de_la_Loire_Vendee,46.67,-1.43,district,"La Roche-sur-Yon, Vendee, France"
French_Polynesia_150BP,-17.65,-149.43,country,"Tahiti, French Polynesia"
Frisian_Netherlands,53.2,5.79,region,"Leeuwarden, Friesland, Netherlands"
Fulani_Burkina_Faso_A,14.03,-0.03,ethnic,"Dori, Sahel Region, Burkina Faso"
Fulani_Burkina_Faso_B,14.03,-0.03,ethnic,"Dori, Sahel Region, Burkina Faso"
Fulani_Cameroon,9.3,13.4,ethnic,"Garoua, North Region, Cameroon"
Fulani_Gambia_A,13.45,-15.3,ethnic,central Gambia (Fulbe areas)
Fulani_Gambia_B,13.45,-15.3,ethnic,central Gambia (Fulbe areas)
Fulani_Guinea_A,11.32,-12.28,ethnic,"Labe, Fouta Djallon, Guinea"
Fulani_Guinea_B,11.32,-12.28,ethnic,"Labe, Fouta Djallon, Guinea"
Fulani_Senegal,15.66,-13.25,ethnic,"Matam, Fouta Toro, Senegal"
Gagauz,46.3,28.66,district,"Comrat, Gagauzia, Moldova"
Ganguela,-13.5,19.0,ethnic,"Nganguela lands, Moxico/Cuando Cubango, Angola"
Garhwali_Rajput,30.2,78.8,region,"Garhwal, Uttarakhand, India"
Garo,25.51,90.22,ethnic,"Tura, Garo Hills, Meghalaya, India"
Gaud_Saraswat_Brahmin,15.3,74.0,ethnic,"Goa / Konkan coast, India"
Gaziantep_EBA_Tilbasar,36.9,37.55,site,"Tilbesar, Gaziantep, Turkey"
Gaziantep_High_Medieval,37.07,37.38,district,"Gaziantep, Turkey"
Gelao_Guangxi_Longlin,24.77,105.34,site,"Longlin County, Guangxi, China"
Gelao_Guizhou_Wuchuan,28.53,107.89,site,"Wuchuan County, Guizhou, China"
Georgia_EBA_Kura-Araxes_Doghlauri,41.95,44.45,guess,"Doghlauri, Shida Kartli, Georgia"
Georgia_EBA_Kura-Araxes_Dzedzvebi,41.42,43.68,guess,"Dzedzvebi, near Chikiani, southern Georgia"
Georgia_LBA_Didnauri,41.85,45.7,guess,"Didnauri, Kakheti, Georgia"
Georgia_LBA_Nazarlebi,41.4,45.0,guess,"Nazarlebi, Kvemo Kartli, Georgia"
Georgia_LN_Shulaveri-Shomutepe,41.35,44.75,site,"Shulaveri, Kvemo Kartli, Georgia"
Georgia_Mesolithic_Trialetian_Kotias_Klde_(CHG),42.35,42.85,site,"Kotias Klde, Imereti, Georgia"
Georgia_UP_Dzudzuana,42.4,43.25,site,"Dzudzuana cave, Chiatura, Imereti, Georgia"
Georgia_UP_Kotias_Klde,42.35,42.85,site,"Kotias Klde, Imereti, Georgia"
Georgia_UP_Satsurblia_(CHG),42.37,42.62,site,"Satsurblia cave, Imereti, Georgia"
Georgian_Adjarian,41.64,41.64,district,"Batumi, Adjara, Georgia"
Georgian_Gurian,41.93,42.0,district,"Ozurgeti, Guria, Georgia"
Georgian_Imeretian,42.27,42.7,district,"Kutaisi, Imereti, Georgia"
Georgian_Javakhian,41.41,43.48,district,"Akhalkalaki, Javakheti, Georgia"
Georgian_Jew,41.72,44.78,ethnic,"Tbilisi, Georgia"
Georgian_Kakhetian,41.92,45.47,district,"Telavi, Kakheti, Georgia"
Georgian_Kartlian,41.98,44.11,district,"Gori, Shida Kartli, Georgia"
Georgian_Khevsurian,42.66,45.16,district,"Shatili, Khevsureti, Georgia"
Georgian_Lechkhumian,42.65,42.77,district,"Tsageri, Lechkhumi, Georgia"
Georgian_Meskhian,41.64,42.98,district,"Akhaltsikhe, Samtskhe (Meskheti), Georgia"
Georgian_Mtiuletian,42.35,44.68,district,"Pasanauri, Mtiuleti, Georgia"
Georgian_Northeast,42.5,45.5,region,"northeastern highlands (Tusheti/Khevsureti), Georgia"
Georgian_Rachan,42.52,43.15,district,"Ambrolauri, Racha, Georgia"
Georgian_Tbilisi,41.72,44.78,site,"Tbilisi, Georgia"
Georgian_Tushetian,42.38,45.63,district,"Omalo, Tusheti, Georgia"
Georgian_West,42.2,42.5,region,western Georgia (Imereti/Samegrelo)
German,51.1,10.4,country,Germany
German_Baden-Wurttemberg_Ellwangen,48.96,10.13,site,"Ellwangen, Baden-Wurttemberg, Germany"
German_Bavaria_Middle_Franconia_Erlangen,49.6,11.0,site,"Erlangen, Middle Franconia, Bavaria, Germany"
German_East,51.5,13.0,region,eastern Germany (Saxony/Brandenburg)
German_Hamburg,53.55,9.99,site,"Hamburg, Germany"
German_Lower_Saxony,52.37,9.73,region,"Hannover, Lower Saxony, Germany"
German_Lower_Silesia,51.11,17.03,region,"Wroclaw, Lower Silesia, Poland"
German_Mecklenburg,53.63,11.42,region,"Schwerin, Mecklenburg, Germany"
German_North,53.5,10.0,region,northern Germany (Hamburg/Schleswig-Holstein)
German_North_Bohemia,50.66,14.04,region,"Usti nad Labem, north Bohemia, Czechia"
German_North_Rhine-Westphalia,51.23,6.78,region,"Dusseldorf, North Rhine-Westphalia, Germany"
German_Saxony-Anhalt,52.13,11.63,region,"Magdeburg, Saxony-Anhalt, Germany"
German_Saxony_Leipzig,51.34,12.37,site,"Leipzig, Saxony, Germany"
German_Thuringia,50.98,11.03,region,"Erfurt, Thuringia, Germany"
Germany_BA_Tollense_(Female_Outlier),53.72,13.3,site,"Tollense valley, Mecklenburg-Vorpommern, Germany"
Germany_BA_Tollense_(I2a_Group),53.72,13.3,site,"Tollense valley, Mecklenburg-Vorpommern, Germany"
Germany_BA_Tollense_(R1a_Outlier),53.72,13.3,site,"Tollense valley, Mecklenburg-Vorpommern, Germany"
Germany_BA_Tollense_(R1b_Group),53.72,13.3,site,"Tollense valley, Mecklenburg-Vorpommern, Germany"
Germany_Bell_Beaker_Bavaria,48.8,11.5,region,"Bavaria, Germany"
Germany_Bell_Beaker_Bavaria_Lech_Valley,48.4,10.9,district,"Lech valley, near Augsburg, Bavaria, Germany"
Germany_Bell_Beaker_Rhineland-Palatinate_Rhine-Main,49.9,8.3,district,"Rhine-Main area, Rhineland-Palatinate, Germany"
Germany_Bell_Beaker_Saxony-Anhalt_Mittelelbe-Saale,51.5,11.9,district,"Mittelelbe-Saale, Saxony-Anhalt, Germany"
Germany_Corded_Ware,51.0,10.0,country,Germany
Germany_EBA_Lech_Valley,48.4,10.9,district,"Lech valley, near Augsburg, Bavaria, Germany"
Germany_EBA_Singen,47.76,8.84,site,"Singen, Baden-Wurttemberg, Germany"
Germany_EBA_Unetice,51.5,11.9,district,"Mittelelbe-Saale, Saxony-Anhalt, Germany"
Germany_EIA_Hallstatt_D_Asperg-Grafenbuehl,48.91,9.14,site,"Grafenbuhl, Asperg, Baden-Wurttemberg, Germany"
Germany_EIA_Hallstatt_D_Eberdingen-Hochdorf,48.9,9.0,site,"Eberdingen-Hochdorf, Baden-Wurttemberg, Germany"
Germany_EIA_Hallstatt_D_Heuneburg,48.09,9.41,site,"Heuneburg, Herbertingen, Baden-Wurttemberg, Germany"
Germany_EIA_Hallstatt_D_Magdalenenberg,48.05,8.45,site,"Magdalenenberg, Villingen, Baden-Wurttemberg, Germany"
Germany_EIA_Hallstatt_D_Romerhugel,48.9,9.2,site,"Romerhugel, Ludwigsburg, Baden-Wurttemberg, Germany"
Germany_EIA_Singen,47.76,8.84,site,"Singen, Baden-Wurttemberg, Germany"
Germany_EN_Halberstadt-Sonntagsfeld,51.9,11.05,site,"Halberstadt-Sonntagsfeld, Saxony-Anhalt, Germany"
Germany_EN_LBK_Derenburg-Meerenstieg,51.87,10.92,site,"Derenburg-Meerenstieg, Saxony-Anhalt, Germany"
Germany_EN_LBK_Dillingen-Steinheim,48.58,10.49,site,"Dillingen-Steinheim, Bavaria, Germany"
Germany_EN_LBK_Essenbach-Ammerbreite,48.63,12.22,site,"Essenbach-Ammerbreite, Bavaria, Germany"
Germany_EN_LBK_Halberstadt,51.9,11.05,site,"Halberstadt, Saxony-Anhalt, Germany"
Germany_EN_LBK_Herxheim,49.15,8.2,site,"Herxheim bei Landau, Rhineland-Palatinate, Germany"
Germany_EN_LBK_Karsdorf,51.27,11.65,site,"Karsdorf, Saxony-Anhalt, Germany"
Germany_EN_LBK_Schwetzingen,49.38,8.57,site,"Schwetzingen, Baden-Wurttemberg, Germany"
Germany_EN_LBK_Stuttgart-Muhlhausen,48.85,9.22,site,"Stuttgart-Muhlhausen, Germany"
Germany_EN_LBK_Unterwiederstedt,51.65,11.55,site,"Unterwiederstedt, Saxony-Anhalt, Germany"
Germany_EUP_Lincombian-Ranisian-Jerzmanowician_Ihlsenhohle,50.66,11.57,site,"Ilsenhohle, Ranis, Thuringia, Germany"
Germany_Early_Medieval_Alemannic_Niederstotzingen,48.55,10.24,site,"Niederstotzingen, Baden-Wurttemberg, Germany"
Germany_Early_Medieval_Altenerding-Klettham,48.3,11.9,site,"Altenerding-Klettham, Erding, Bavaria, Germany"
Germany_Early_Medieval_Baiuvaric_Altenerding-Klettham,48.3,11.9,site,"Altenerding-Klettham, Erding, Bavaria, Germany"
Germany_Early_Medieval_Baiuvaric_Straubing-Bajuwarenstrasse,48.88,12.57,site,"Straubing-Bajuwarenstrasse, Bavaria, Germany"
Germany_Early_Medieval_Barbing-Irlmauth,48.99,12.22,site,"Barbing-Irlmauth, near Regensburg, Bavaria, Germany"
Germany_Early_Medieval_Drantum,52.85,8.2,site,"Drantum, Emstek, Lower Saxony, Germany"
Germany_Early_Medieval_Dunum,53.6,7.62,site,"Dunum, East Frisia, Lower Saxony, Germany"
Germany_Early_Medieval_Hannover-Anderten,52.35,9.85,site,"Hannover-Anderten, Lower Saxony, Germany"
Germany_Early_Medieval_Liebenau,52.6,9.1,site,"Liebenau, Lower Saxony, Germany"
Germany_Early_Medieval_Merovingian_Lauchheim,48.87,10.24,site,"Lauchheim, Baden-Wurttemberg, Germany"
Germany_Early_Medieval_Schortens,53.53,7.95,site,"Schortens, Lower Saxony, Germany"
Germany_Early_Medieval_Straubing-Bajuwarenstrasse,48.88,12.57,site,"Straubing-Bajuwarenstrasse, Bavaria, Germany"
Germany_Early_Medieval_Zetel,53.42,7.98,site,"Zetel, Lower Saxony, Germany"
Germany_Early_Modern_Dresden_Frauenkirche_(German_Saxony),51.05,13.74,site,"Frauenkirche, Dresden, Saxony, Germany"
Germany_Early_Modern_Ellwangen,48.96,10.13,site,"Ellwangen, Baden-Wurttemberg, Germany"
Germany_FN_Anselfingen,47.85,8.77,site,"Anselfingen, Engen, Baden-Wurttemberg, Germany"
Germany_High-Late_Medieval_Krakauer_Berg,51.53,11.99,guess,"Krakauer Berg, near Halle, Saxony-Anhalt, Germany"
Germany_High_Medieval_Petersberg_Kleiner_Madron,47.74,12.12,site,"Petersberg, Flintsbach am Inn, Bavaria, Germany"
Germany_High_Medieval_Rathausmarkt,53.55,9.99,guess,"Rathausmarkt, Hamburg, Germany"
Germany_LBA_Halberstadt,51.9,11.05,site,"Halberstadt, Saxony-Anhalt, Germany"
Germany_LIA-Early_Medieval_Hassleben,51.1,11.05,site,"Hassleben, Thuringia, Germany"
Germany_LIA_La_Tene_Alte_Burg,48.14,9.3,site,"Alte Burg, Langenenslingen, Baden-Wurttemberg, Germany"
Germany_LN_Alberstedt,51.35,11.6,site,"Alberstedt, Saxony-Anhalt, Germany"
Germany_LN_Benzigerode_Heimburg,51.8,10.93,site,"Benzingerode-Heimburg, Harz, Saxony-Anhalt, Germany"
Germany_LN_Karsdorf,51.27,11.65,site,"Karsdorf, Saxony-Anhalt, Germany"
Germany_LN_Ostorf,53.6,11.4,site,"Ostorf, Schwerin, Mecklenburg, Germany"
Germany_LN_Wartberg,51.2,9.1,region,"Wartberg, northern Hesse, Germany"
Germany_LN_Weyhe_Dreye,53.0,8.8,site,"Dreye, Weyhe, Lower Saxony, Germany"
Germany_Late_Antiquity-Early_Medieval_Alemannic-Frankish_Burgweinting,48.98,12.13,site,"Burgweinting, Regensburg, Bavaria, Germany"
Germany_Late_Antiquity-Early_Medieval_Alt-Inden,50.87,6.36,site,"Alt-Inden, North Rhine-Westphalia, Germany"
Germany_Late_Antiquity-Early_Medieval_Alteglofsheim,48.92,12.19,site,"Alteglofsheim, Bavaria, Germany"
Germany_Late_Antiquity-Early_Medieval_Baiuvaric_Altheim,48.62,12.15,site,"Altheim, Landshut, Bavaria, Germany"
Germany_Late_Antiquity-Early_Medieval_Barbing-Irlmauth,48.99,12.22,site,"Barbing-Irlmauth, near Regensburg, Bavaria, Germany"
Germany_Late_Antiquity-Early_Medieval_Burgweinting,48.98,12.13,site,"Burgweinting, Regensburg, Bavaria, Germany"
Germany_Late_Antiquity-Early_Medieval_Hassleben,51.1,11.05,site,"Hassleben, Thuringia, Germany"
Germany_Late_Antiquity-Early_Medieval_Hiddestorf,52.3,9.68,site,"Hiddestorf, Hemmingen, Lower Saxony, Germany"
Germany_Late_Antiquity-Early_Medieval_Issendorf,53.55,9.53,site,"Issendorf, near Stade, Lower Saxony, Germany"
Germany_Late_Antiquity-Early_Medieval_Straubing-Bajuwarenstrasse,48.88,12.57,site,"Straubing-Bajuwarenstrasse, Bavaria, Germany"
Germany_Late_Antiquity_Freiham-Nord_Roman_Soldier,48.15,11.42,site,"Freiham-Nord, Munich, Bavaria, Germany"
Germany_Late_Antiquity_Haven,52.7,9.2,guess,"Haven, Lower Saxony, Germany"
Germany_Late_Antiquity_Issendorf,53.55,9.53,site,"Issendorf, near Stade, Lower Saxony, Germany"
Germany_Late_Medieval-Early_Modern_Ellwangen,48.96,10.13,site,"Ellwangen, Baden-Wurttemberg, Germany"
Germany_Late_Medieval_Ashkenazi_Jew_Erfurt,50.98,11.03,site,"Erfurt, Thuringia, Germany"
Germany_Late_Medieval_Lubeck,53.87,10.69,site,"Lubeck, Germany"
Germany_MBA_Lech_Valley,48.4,10.9,district,"Lech valley, near Augsburg, Bavaria, Germany"
Germany_MBA_Tumulus,48.8,11.0,region,southern Germany
Germany_MN_A_Funnelbeaker_(TRB),53.0,11.0,region,northern Germany
Germany_MN_Baalberge,51.73,11.75,site,"Baalberge, Saxony-Anhalt, Germany"
Germany_MN_Blatterhohle,51.38,7.48,site,"Blatterhohle, Hagen, North Rhine-Westphalia, Germany"
Germany_MN_Erwitte-Schmerlecke,51.6,8.32,site,"Erwitte-Schmerlecke, North Rhine-Westphalia, Germany"
Germany_MN_Esperstedt,51.35,11.62,site,"Esperstedt, Saxony-Anhalt, Germany"
Germany_MN_Salzmuende,51.53,11.83,site,"Salzmunde, Saxony-Anhalt, Germany"
Germany_Mesolithic_Bad_Durrenberg,51.3,12.07,site,"Bad Durrenberg, Saxony-Anhalt, Germany"
Germany_Mesolithic_Bockstein,48.55,10.17,site,"Bocksteinhohle, Lone valley, Baden-Wurttemberg, Germany"
Germany_Mesolithic_Bottendorf,51.31,11.32,site,"Bottendorf, Thuringia, Germany"
Germany_Mesolithic_Criewen,53.03,14.3,site,"Criewen, Schwedt, Brandenburg, Germany"
Germany_Mesolithic_Drigge,54.28,13.2,site,"Drigge, Rugen, Mecklenburg, Germany"
Germany_Mesolithic_Falkenstein,48.05,9.0,site,"Falkensteinhohle, Swabian Alb, Germany"
Germany_Mesolithic_Gross_Fredenwalde,53.15,13.8,site,"Gross Fredenwalde, Brandenburg, Germany"
Germany_Mesolithic_Tangermunde,52.54,11.97,site,"Tangermunde, Saxony-Anhalt, Germany"
Germany_Mesolithic_Urdhohle,50.68,11.62,site,"Urdhohle, Dobritz, Thuringia, Germany"
Germany_UP_Late_Magdalenian-Federmesser_Oberkassel,50.72,7.17,site,"Bonn-Oberkassel, Germany"
Germany_UP_Magdalenian_Brillenhohle,48.4,9.78,site,"Brillenhohle, Blaubeuren, Baden-Wurttemberg, Germany"
Germany_UP_Magdalenian_Burkardtshohle,48.52,9.62,site,"Burkhardtshohle, Westerheim, Baden-Wurttemberg, Germany"
Germany_UP_Magdalenian_Hohle_Fels,48.38,9.75,site,"Hohle Fels, Schelklingen, Baden-Wurttemberg, Germany"
Gilak,37.28,49.58,ethnic,"Rasht, Gilan, Iran"
Godoberi,42.65,46.2,ethnic,"Godoberi, Botlikh district, Dagestan, Russia"
Gond,21.5,80.5,ethnic,"Gondwana, Madhya Pradesh/Chhattisgarh, India"
Gorno-Altai_EBA_Afanasievo,50.7,86.2,region,"Gorno-Altai, Altai Republic, Russia"
Gorno-Altai_IA_Sary-Bel,50.6,86.3,guess,"Sary-Bel kurgan, Ongudai, Altai Republic, Russia"
Gorno-Altai_IA_Verh-Uimon,50.2,85.85,site,"Verkh-Uymon, Ust-Koksa, Altai Republic, Russia"
Great_Andamanese_100BP,12.5,92.9,ethnic,"Andaman Islands, India"
Greece_Archaic_Phocis,38.48,22.5,district,"Phocis (Delphi), Greece"
Greece_EBA_Cycladic_Koufonisi,36.94,25.6,site,"Koufonisi, Cyclades, Greece"
Greece_EBA_Early_Helladic_Lazarides,37.72,23.47,site,"Lazarides, Aegina, Greece"
Greece_EBA_Early_Helladic_Manika,38.47,23.6,site,"Manika, Chalkis, Euboea, Greece"
Greece_EBA_Early_Helladic_Nea_Styra,38.15,24.23,site,"Nea Styra, Euboea, Greece"
Greece_EBA_Early_Helladic_Perachora,38.03,22.86,site,"Perachora, Corinthia, Greece"
Greece_EBA_Early_Helladic_Sarakenos,38.45,23.2,site,"Sarakenos cave, Akraifnio, Boeotia, Greece"
Greece_EBA_Minoan_Petras,35.2,26.12,site,"Petras, Sitia, Crete, Greece"
Greece_EBA_Thessaly_Theopetra,39.68,21.68,site,"Theopetra Cave, Thessaly, Greece"
Greece_EIA_Argolid,37.63,22.72,region,"Argolid, Peloponnese, Greece"
Greece_EIA_Messenia,37.05,21.95,region,"Messenia, Peloponnese, Greece"
Greece_EMBA_Minoan_Hagios_Charalambos,35.19,25.45,site,"Hagios Charalambos Cave, Lasithi, Crete, Greece"
Greece_LBA_Achaea_Mygdalia,38.2,21.77,site,"Mygdalia, Patras, Achaea, Greece"
Greece_LBA_Crete_Chania,35.51,24.02,site,"Chania, Crete, Greece"
Greece_LBA_Crete_Krousonas,35.23,24.97,site,"Krousonas, Heraklion, Crete, Greece"
Greece_LBA_Minoan_Aposelemis,35.29,25.35,site,"Aposelemis, Hersonissos, Crete, Greece"
Greece_LBA_Mycenaean/Minoan_LBA_Chania,35.51,24.02,site,"Chania, Crete, Greece"
Greece_LBA_Mycenaean_Aegina,37.75,23.43,site,"Aegina, Greece"
Greece_LBA_Mycenaean_Argolid,37.73,22.76,region,"Mycenae, Argolid, Greece"
Greece_LBA_Mycenaean_Attica,38.0,23.75,region,"Attica, Greece"
Greece_LBA_Mycenaean_Corinthia,37.91,22.88,region,"Corinthia, Greece"
Greece_LBA_Mycenaean_Corinthia_o_(noisy),37.91,22.88,region,"Corinthia, Greece"
Greece_LBA_Mycenaean_Cyclades,37.1,25.45,region,"Naxos, Cyclades, Greece"
Greece_LBA_Mycenaean_Messenia,37.03,21.7,region,"Pylos, Messenia, Greece"
Greece_LBA_Mycenaean_Phocis,38.5,22.5,region,"Phocis, Central Greece"
Greece_LBA_Mycenaean_Salamis,37.93,23.5,site,"Salamis, Greece"
Greece_Late_Antiquity_Vranas_Marathon,38.13,23.95,site,"Vranas, Marathon, Attica, Greece"
Greece_Late_Modern_Crete_Adele,35.35,24.57,site,"Adele, Rethymno, Crete, Greece"
Greece_MBA_Macedonia_Logkas,40.15,21.8,guess,"Logkas, Elati, Kozani, Macedonia, Greece"
Greece_MBA_Minoan_Odigitria,34.97,24.85,site,"Moni Odigitria, Asterousia, Crete, Greece"
Greece_MBA_Minoan_Zakros,35.1,26.26,site,"Kato Zakros, Crete, Greece"
Greece_MLBA_Minoan_Chania,35.51,24.02,site,"Chania, Crete, Greece"
Greece_N_Crete_Aposelemis,35.29,25.35,site,"Aposelemis, Hersonissos, Crete, Greece"
Greece_N_Macedonia,40.6,22.6,region,"Central Macedonia, Greece"
Greece_N_Peloponnese_Diros,36.64,22.38,site,"Alepotrypa Cave, Diros, Laconia, Greece"
Greece_N_Peloponnese_Franchthi,37.42,23.13,site,"Franchthi Cave, Argolid, Greece"
Greek_Armenian_Highland_Erzurum,39.91,41.27,district,"Erzurum, Turkey"
Greek_Armenian_Highland_Kars,40.6,43.1,district,"Kars, Turkey"
Greek_Cappadocia_Kaisareia,38.73,35.49,site,"Kayseri (Kaisareia), Cappadocia, Turkey"
Greek_Cappadocia_Nigdi_(Karamanli),37.97,34.68,site,"Nigde, Cappadocia, Turkey"
Greek_Central_Anatolia,38.8,34.0,region,"central Anatolia, Turkey"
Greek_Central_Greece,38.9,22.43,region,Central Greece (Sterea Ellada)
Greek_Central_Greece_Phocis,38.53,22.38,district,"Amfissa, Phocis, Greece"
Greek_Central_Greece_Phthiotis,38.9,22.43,district,"Lamia, Phthiotis, Greece"
Greek_Central_Macedonia,40.64,22.94,region,"Thessaloniki, Central Macedonia, Greece"
Greek_Crete,35.24,24.81,region,"Crete, Greece"
Greek_Crete_Chania,35.51,24.02,district,"Chania, Crete, Greece"
Greek_Crete_Heraklion,35.34,25.13,district,"Heraklion, Crete, Greece"
Greek_Crete_Lasithi,35.19,25.72,district,"Agios Nikolaos, Lasithi, Crete, Greece"
Greek_Crete_Muslim_(Cretan_Turk),35.24,24.81,ethnic,"Crete, Greece (Cretan Muslims)"
Greek_Crete_Rethymno,35.37,24.47,district,"Rethymno, Crete, Greece"
Greek_Cyclades_Amorgos,36.83,25.9,site,"Amorgos, Cyclades, Greece"
Greek_Cyclades_Kea,37.63,24.34,site,"Kea, Cyclades, Greece"
Greek_Cyclades_Milos,36.69,24.44,site,"Milos, Cyclades, Greece"
Greek_Cyclades_Tinos,37.55,25.16,site,"Tinos, Cyclades, Greece"
Greek_Cyprus,35.17,33.36,country,"Nicosia, Cyprus"
Greek_Dodecanese_Kos,36.89,27.29,site,"Kos, Dodecanese, Greece"
Greek_Dodecanese_Rhodes,36.43,28.22,site,"Rhodes, Dodecanese, Greece"
Greek_Eastern_Macedonia_and_Thrace,41.12,25.4,region,"Komotini, Eastern Macedonia and Thrace, Greece"
Greek_Eastern_Rumelia/Northern_Thrace,42.15,24.75,region,"Plovdiv, Eastern Rumelia, Bulgaria"
Greek_Epirus,39.67,20.85,region,"Ioannina, Epirus, Greece"
Greek_Euboea,38.46,23.6,district,"Chalcis, Euboea, Greece"
Greek_Euboea_Central,38.6,23.8,district,"central Euboea, Greece"
Greek_Heptanese_Corfu,39.62,19.92,site,"Corfu, Ionian Islands, Greece"
Greek_Italy_Apulia,40.19,18.28,district,"Grecia Salentina (Calimera), Apulia, Italy"
Greek_Lycaonia_Ikonio,37.87,32.48,site,"Konya (Ikonion), Lycaonia, Turkey"
Greek_Peloponnese_Achaea,38.25,21.73,district,"Patras, Achaea, Greece"
Greek_Peloponnese_Arcadia,37.51,22.38,district,"Tripoli, Arcadia, Greece"
Greek_Peloponnese_Argolis,37.57,22.8,district,"Nafplio, Argolis, Greece"
Greek_Peloponnese_Corinthia,37.94,22.95,district,"Corinth, Corinthia, Greece"
Greek_Peloponnese_Elis,37.68,21.44,district,"Pyrgos, Elis, Greece"
Greek_Peloponnese_Laconia,37.07,22.43,district,"Sparta, Laconia, Greece"
Greek_Peloponnese_Laconia_Deep_Mani,36.67,22.38,district,"Areopoli, Deep Mani, Laconia, Greece"
Greek_Peloponnese_Laconia_Eurotas,36.85,22.68,district,"Skala, Eurotas valley, Laconia, Greece"
Greek_Peloponnese_Laconia_Monemvasia,36.69,23.05,site,"Monemvasia, Laconia, Greece"
Greek_Peloponnese_Laconia_Sparta,37.07,22.43,site,"Sparta, Laconia, Greece"
Greek_Peloponnese_Laconia_Vardounia/East_Taygetos,36.9,22.42,district,"Vardounia, east Taygetos, Laconia, Greece"
Greek_Peloponnese_Messenia,37.04,22.11,district,"Kalamata, Messenia, Greece"
Greek_Peloponnese_Messenia_Outer_Mani,36.89,22.23,district,"Kardamyli, Outer Mani, Messenia, Greece"
Greek_Peloponnese_Tsakonia_Inland,37.35,22.65,district,"Kastanitsa, inland Tsakonia, Arcadia, Greece"
Greek_Peloponnese_Tsakonia_Littoral,37.16,22.86,district,"Leonidio, coastal Tsakonia, Arcadia, Greece"
Greek_Pontus,41.0,39.72,region,"Trabzon, Pontus, Turkey"
Greek_Thessaly,39.64,22.42,region,"Larissa, Thessaly, Greece"
Greek_Western_Anatolia_Phokaia,38.67,26.76,site,"Foca (Phokaia), Izmir, Turkey"
Greek_Western_Anatolia_Smyrna,38.42,27.14,site,"Izmir (Smyrna), Turkey"
Greek_Western_Macedonia_Muslim_(Vallahas/Patriyot),40.08,21.43,district,"Grevena/Anaselitsa, Western Macedonia, Greece"
Greenland_Early-High_Medieval_Viking_Age_Eastern_Settlement_(Early_Norse),61.15,-45.52,district,"Eastern Settlement (Brattahlid), Greenland"
Greenland_Early-High_Medieval_Viking_Age_Eastern_Settlement_(Late_Norse),61.15,-45.52,district,"Eastern Settlement (Brattahlid), Greenland"
Greenland_Early-High_Medieval_Viking_Age_Western_Settlement_(Late_Norse),64.3,-50.5,district,"Western Settlement (Sandnes), Greenland"
Greenland_Early_Medieval_Viking_Age_Western_Settlement_(Early_Norse),64.3,-50.5,district,"Western Settlement (Sandnes), Greenland"
Greenland_High_Medieval_Viking_Age_Western_Settlement_(Late_Norse),64.3,-50.5,district,"Western Settlement (Sandnes), Greenland"
Greenland_Paleo-Eskimo_Saqqaq,70.01,-51.95,site,"Saqqaq, Disko Bay, Greenland"
Greenlander_East,65.61,-37.64,region,"Tasiilaq, East Greenland"
Greenlander_East_(European-Mixed),65.61,-37.64,region,"Tasiilaq, East Greenland"
Greenlander_West,64.18,-51.72,region,"Nuuk, West Greenland"
Greenlander_West_(European-Mixed),64.18,-51.72,region,"Nuuk, West Greenland"
Guadeloupe_Ceramic,16.25,-61.58,country,Guadeloupe
Guam_Latte_Haputo,13.57,144.83,site,"Haputo, Guam"
Guam_Latte_Naton,13.51,144.8,site,"Naton Beach, Tumon, Guam"
Guam_Unai_Late_Naton,13.51,144.8,site,"Naton Beach, Tumon, Guam"
Guam_Unai_Late_Ritidian,13.65,144.86,site,"Ritidian Point, Guam"
Guam_Unai_Naton,13.51,144.8,site,"Naton Beach, Tumon, Guam"
Gujar_Kashmir,34.08,74.8,region,"Srinagar, Kashmir, India"
Gujar_Khyber_Pakhtunkhwa,34.01,71.58,region,"Peshawar, Khyber Pakhtunkhwa, Pakistan"
Gujar_Rajasthan,26.91,75.79,region,"Jaipur, Rajasthan, India"
Gujarati,23.03,72.58,region,"Ahmedabad, Gujarat, India"
Gujarati_Bania,23.03,72.58,region,"Ahmedabad, Gujarat, India"
Gujarati_Brahmin,23.03,72.58,region,"Ahmedabad, Gujarat, India"
Gujarati_Brahmin_Audichya,23.92,72.38,site,"Siddhpur, Gujarat, India"
Gujarati_Brahmin_Bardai,21.64,69.61,district,"Barda hills, Porbandar, Gujarat, India"
Gujarati_Brahmin_Nagar,23.79,72.64,site,"Vadnagar, Gujarat, India"
Gujarati_Koli,22.5,72.0,region,"Gujarat, India"
Gujarati_Muslim_Ismaili,23.03,72.58,region,"Ahmedabad, Gujarat, India"
Gujarati_Muslim_Nagori,23.03,72.58,guess,"Gujarat, India (Nagori Muslims)"
Gujarati_Muslim_Sunni_Bharuchi,21.71,72.99,site,"Bharuch, Gujarat, India"
Gujarati_Patel,22.56,72.96,district,"Anand (Charotar), Gujarat, India"
Gumuz_Ethiopia,10.07,34.53,ethnic,"Assosa, Benishangul-Gumuz, Ethiopia"
Gurung,28.3,84.2,ethnic,"Lamjung/Pokhara area, Nepal"
Hadza,-3.7,35.1,ethnic,"Lake Eyasi, Tanzania"
Haiti_Ceramic,18.97,-72.29,country,Haiti
Hai||om,-19.2,16.2,ethnic,"Etosha area, Namibia"
Hakkipikki,12.97,76.5,ethnic,"southern Karnataka, India"
Han_Beijing,39.9,116.4,site,"Beijing, China"
Han_Chongqing,29.56,106.55,site,"Chongqing, China"
Han_Fujian_Fuzhou,26.07,119.3,site,"Fuzhou, Fujian, China"
Han_Guangdong,23.13,113.26,region,"Guangdong, China"
Han_Guangdong_Guangzhou,23.13,113.26,site,"Guangzhou, Guangdong, China"
Han_Guangxi_Chongzuo,22.38,107.36,site,"Chongzuo, Guangxi, China"
Han_Guangxi_Fusui,22.63,107.9,site,"Fusui County, Guangxi, China"
Han_Guangxi_Guigang,23.1,109.6,site,"Guigang, Guangxi, China"
Han_Guangxi_Hechi,24.69,108.06,site,"Hechi, Guangxi, China"
Han_Guangxi_Jingxi,23.13,106.42,site,"Jingxi, Guangxi, China"
Han_Guangxi_Laibin,23.75,109.22,site,"Laibin, Guangxi, China"
Han_Guangxi_Tianlin,24.29,106.23,site,"Tianlin County, Guangxi, China"
Han_Guangxi_Tianyang,23.74,106.92,site,"Tianyang, Baise, Guangxi, China"
Han_Guizhou_Guiyang,26.65,106.63,site,"Guiyang, Guizhou, China"
Han_Henan_Pingqiao,32.13,114.08,site,"Pingqiao District, Xinyang, Henan, China"
Han_Henan_Zhengzhou,34.75,113.63,site,"Zhengzhou, Henan, China"
Han_Hubei_Wuhan,30.59,114.31,site,"Wuhan, Hubei, China"
Han_Jiangsu_Nanjing,32.06,118.8,site,"Nanjing, Jiangsu, China"
Han_Shandong_Jinan,36.67,117.0,site,"Jinan, Shandong, China"
Han_Shanghai,31.23,121.47,site,"Shanghai, China"
Han_Shanxi_Taiyuan,37.87,112.55,site,"Taiyuan, Shanxi, China"
Han_Sichuan_Chengdu,30.57,104.07,site,"Chengdu, Sichuan, China"
Han_Yunnan_Guangnan,24.05,105.07,site,"Guangnan County, Wenshan, Yunnan, China"
Han_Yunnan_Qiubei,24.05,104.19,site,"Qiubei County, Wenshan, Yunnan, China"
Han_Yunnan_Wenshan,23.37,104.24,site,"Wenshan, Yunnan, China"
Han_Zhejiang_Hangzhou,30.27,120.15,site,"Hangzhou, Zhejiang, China"
Hani,23.37,102.4,ethnic,"Honghe Hani prefecture, Yunnan, China"
Haryanvi_Jatt,28.9,76.58,region,"Rohtak, Haryana, India"
Hatay_ECA_Tell_Kurdu,36.33,36.4,site,"Tell Kurdu, Amuq Plain, Hatay, Turkey"
Hatay_LBA_Alalakh,36.24,36.38,site,"Alalakh (Tell Atchana), Hatay, Turkey"
Hatay_MBA_Alalakh,36.24,36.38,site,"Alalakh (Tell Atchana), Hatay, Turkey"
Hatay_MCA_Tell_Kurdu,36.33,36.4,site,"Tell Kurdu, Amuq Plain, Hatay, Turkey"
Hatay_MLBA_Alalakh,36.24,36.38,site,"Alalakh (Tell Atchana), Hatay, Turkey"
Hausa,12.0,8.52,ethnic,"Kano, northern Nigeria"
Hawaiian,21.31,-157.86,region,"Honolulu, Hawaii, USA"
Hazara_Afghanistan,34.82,67.83,ethnic,"Bamyan, Hazarajat, Afghanistan"
Hazara_Pakistan,30.18,67.0,ethnic,"Quetta, Balochistan, Pakistan"
Hema,1.56,30.25,ethnic,"Bunia, Ituri, DR Congo"
Herero_Namibia,-20.5,17.0,ethnic,"Otjozondjupa, Namibia"
Hezhen,47.65,132.51,ethnic,"Tongjiang, Heilongjiang, China"
Hima,-0.6,30.65,ethnic,"Mbarara, western Uganda"
Himachali_Brahmin,31.1,77.17,region,"Shimla, Himachal Pradesh, India"
Himachali_Rajput,31.1,77.17,region,"Shimla, Himachal Pradesh, India"
Hinukh,42.2,46.1,ethnic,"Hinukh, Tsunta district, Dagestan, Russia"
Hmar,24.3,93.2,ethnic,"Manipur/Mizoram borderlands, India"
Hmong_Thailand,18.79,98.98,ethnic,"Chiang Mai highlands, Thailand"
Ho,22.55,85.8,ethnic,"Chaibasa, West Singhbhum, Jharkhand, India"
Htin_Mal,19.2,100.9,ethnic,"Nan Province, Thailand"
Huambisa,-4.0,-77.8,ethnic,"Rio Santiago, Amazonas, Peru"
Hui_Gansu,35.6,103.21,district,"Linxia, Gansu, China"
Hui_Guizhou,26.65,106.63,guess,"Guiyang, Guizhou, China"
Huichol,22.2,-104.3,ethnic,"Sierra Huichola, Jalisco/Nayarit, Mexico"
Hungarian,47.5,19.04,country,"Budapest, Hungary"
Hungary_BA_Szolad,46.78,17.83,site,"Szolad, Somogy, Hungary"
Hungary_Bell_Beaker,47.43,19.07,region,"Csepel Island, Budapest, Hungary"
Hungary_CA_Balaton_Lasinja,46.83,17.73,region,"Lake Balaton, Hungary"
Hungary_CA_Csongrad,46.71,20.14,site,"Csongrad, Hungary"
Hungary_EBA_Mako,46.22,20.48,site,"Mako, Csongrad, Hungary"
Hungary_EBA_Maros,46.2,20.2,region,"Maros region near Szeged, Hungary"
Hungary_EBA_Protonagyrev,46.95,20.15,region,"Nagyrev, Tisza valley, Hungary"
Hungary_EBA_Yamnaya,47.3,21.2,region,"Hajdu-Bihar, Great Hungarian Plain, Hungary"
Hungary_ECA_Tiszapolgar,47.87,21.12,site,"Tiszapolgar, Hungary"
Hungary_EIA_Hallstatt_C2-D1,47.5,17.3,region,"Western Transdanubia, Hungary"
Hungary_EIA_Hallstatt_D1,47.5,17.3,region,"Western Transdanubia, Hungary"
Hungary_EIA_Mezocsat,47.81,20.91,site,"Mezocsat, Hungary"
Hungary_EMBA_Hatvan/Otomani-Fuzesabony,47.75,20.41,region,"Fuzesabony, NE Hungary"
Hungary_EN_Koros,46.85,20.8,region,"Koros region, SE Hungary"
Hungary_EN_Starcevo,46.2,18.72,region,"Southern Transdanubia (Alsonyek), Hungary"
Hungary_Early-High_Medieval_Conqueror-Early_Arpadian_Period,47.2,19.8,country,Hungary
Hungary_Early_Medieval_Avar_Period,46.9,19.7,country,"Danube-Tisza interfluve, Hungary"
Hungary_Early_Medieval_Avar_Period_Early,46.9,19.7,country,"Danube-Tisza interfluve, Hungary"
Hungary_Early_Medieval_Avar_Period_Early/Middle,46.9,19.7,country,"Danube-Tisza interfluve, Hungary"
Hungary_Early_Medieval_Avar_Period_Late,46.9,19.7,country,"Danube-Tisza interfluve, Hungary"
Hungary_Early_Medieval_Avar_Period_Middle,46.9,19.7,country,"Danube-Tisza interfluve, Hungary"
Hungary_Early_Medieval_Avar_Period_Middle/Late,46.9,19.7,country,"Danube-Tisza interfluve, Hungary"
Hungary_Early_Medieval_Carolingian_Period,46.67,17.15,region,"Zalavar (Mosaburg), Western Hungary"
Hungary_Early_Medieval_Conqueror_Period,47.2,19.8,country,Hungary
Hungary_Early_Medieval_Lombard_Period,46.78,17.83,region,"Szolad, Transdanubia, Hungary"
Hungary_High_Medieval_Arpadian_Period,47.2,19.8,country,Hungary
Hungary_High_Medieval_Arpadian_Period_Early,47.2,19.8,country,Hungary
Hungary_High_Medieval_Arpadian_Period_Late,47.2,19.8,country,Hungary
Hungary_IA_La_Tene,47.3,18.5,country,"Transdanubia, Hungary"
Hungary_IA_Scythian_Kesznyeten-Szeruskert,47.97,21.04,site,"Kesznyeten, Borsod-Abauj-Zemplen, Hungary"
Hungary_IA_Scythian_Nogradkovesd-Viztarozo,47.9,19.38,site,"Nogradkovesd, Nograd, Hungary"
Hungary_IA_Scythian_Sandorfalva,46.36,20.1,site,"Sandorfalva, Csongrad, Hungary"
Hungary_IA_Scythian_Tiszaszolos-Czalanyszeg,47.55,20.72,site,"Tiszaszolos, Jasz-Nagykun-Szolnok, Hungary"
Hungary_IA_Srem,46.0,19.3,guess,"Southern Hungary (Srem group), Hungary"
Hungary_LBA_Urnfield,47.2,18.3,region,"Transdanubia, Hungary"
Hungary_LBA_Urnfield_Gava,48.05,21.65,site,"Gava, Szabolcs-Szatmar-Bereg, Hungary"
Hungary_LCA,47.2,19.8,country,Hungary
Hungary_LCA_Baden,47.2,19.0,region,Central Hungary
Hungary_LCA_Protoboleraz,47.2,19.0,region,Central Hungary
Hungary_LN_Lengyel,46.35,18.55,site,"Lengyel, Tolna, Hungary"
Hungary_LN_Sopot,46.3,18.5,region,"Southern Transdanubia, Hungary"
Hungary_LN_Tisza,46.42,20.33,region,"Tisza valley (Hodmezovasarhely), Hungary"
Hungary_Late_Antiquity-Early_Medieval_Gepid,47.2,21.0,region,"Tisza region, Eastern Hungary"
Hungary_Late_Antiquity_Hun,47.2,19.8,country,Hungary
Hungary_Late_Antiquity_Hun_Elite,47.2,19.8,country,Hungary
Hungary_Late_Antiquity_Ostrogoth,47.0,18.5,region,"Transdanubia, Hungary"
Hungary_Late_Antiquity_Sarmatian,47.0,20.3,region,"Great Hungarian Plain, Hungary"
Hungary_Late_Antiquity_Sarmatian-Medieval_Avar,47.0,20.3,region,"Great Hungarian Plain, Hungary"
Hungary_Late_Antiquity_Sarmatian/Hun,47.0,20.3,region,"Great Hungarian Plain, Hungary"
Hungary_Late_Medieval_Angevin_Period,47.2,19.8,country,Hungary
Hungary_Late_Medieval_Hunyadi_Period,47.2,19.8,country,Hungary
Hungary_Late_Medieval_Sigismund-Hunyadi_Period,47.2,19.8,country,Hungary
Hungary_MBA_Fuzesabony,47.75,20.41,site,"Fuzesabony, Heves, Hungary"
Hungary_MBA_Kisapostag/Early_Encrusted_Pottery,46.9,18.93,site,"Kisapostag, Fejer, Hungary"
Hungary_MBA_Vatya,46.95,18.93,region,"Central Danube (Dunaujvaros), Hungary"
Hungary_MCA_Hunyadihalom,46.4,20.3,site,"Hunyadi-halom, Hodmezovasarhely, Hungary"
Hungary_MN_ALPc,47.87,21.12,region,"Upper Tisza (Polgar), NE Hungary"
Hungary_MN_ALPc_Esztar,47.28,21.78,site,"Esztar, Hajdu-Bihar, Hungary"
Hungary_MN_ALPc_I,47.87,21.12,region,"Upper Tisza (Polgar), NE Hungary"
Hungary_MN_ALPc_III,47.87,21.12,region,"Upper Tisza (Polgar), NE Hungary"
Hungary_MN_ALPc_Szakalhat,46.5,20.6,region,"Szakalhat group, SE Hungary"
Hungary_MN_ALPc_Szatmar,47.95,22.3,region,"Szatmar, NE Hungary"
Hungary_MN_ALPc_Tiszadob,48.02,21.17,site,"Tiszadob, Szabolcs-Szatmar-Bereg, Hungary"
Hungary_MN_Bukk,48.1,20.6,region,"Bukk Mountains, NE Hungary"
Hungary_MN_LBK,47.4,18.0,region,"Transdanubia, Hungary"
Hungary_MN_Vinca,46.3,20.4,region,SE Hungary (Vinca sphere)
Hunzib,42.13,46.2,ethnic,"Hunzib, Tsunta district, Dagestan, Russia"
Hutu_Burundi,-3.38,29.36,country,"Bujumbura, Burundi"
Iban,2.3,111.83,ethnic,"Sibu, Sarawak, Malaysia"
Iberia_Andalusia_CA,37.5,-4.7,region,"Andalusia, Spain"
Iberia_Andalusia_EBA,37.5,-4.7,region,"Andalusia, Spain"
Iberia_Andalusia_EIA_Tartessian,37.26,-6.95,region,"Huelva, Andalusia, Spain"
Iberia_Andalusia_EN,37.5,-4.7,region,"Andalusia, Spain"
Iberia_Andalusia_Early_Medieval,37.5,-4.7,region,"Andalusia, Spain"
Iberia_Andalusia_Early_Modern,37.5,-4.7,region,"Andalusia, Spain"
Iberia_Andalusia_High_Medieval,37.5,-4.7,region,"Andalusia, Spain"
Iberia_Andalusia_Late_Antiquity,37.5,-4.7,region,"Andalusia, Spain"
Iberia_Andalusia_Late_Antiquity-Early_Medieval_Visigoth,37.5,-4.7,region,"Andalusia, Spain"
Iberia_Andalusia_Late_Medieval,37.5,-4.7,region,"Andalusia, Spain"
Iberia_Andalusia_MLN,37.5,-4.7,region,"Andalusia, Spain"
Iberia_Andalusia_Mesolithic,37.5,-4.7,region,"Andalusia, Spain"
Iberia_Andalusia_UP_Solutrean_Cueva_del_Malalmuerzo,37.33,-3.78,site,"Cueva del Malalmuerzo, Moclin, Granada, Spain"
Iberia_Aragon_EN,41.6,-0.9,region,"Aragon, Spain"
Iberia_Aragon_MLN,41.6,-0.9,region,"Aragon, Spain"
Iberia_Asturias_CA,43.35,-5.85,region,"Asturias, Spain"
Iberia_Asturias_LBA,43.35,-5.85,region,"Asturias, Spain"
Iberia_Asturias_MBA,43.35,-5.85,region,"Asturias, Spain"
Iberia_Asturias_Mesolithic_Canes,43.32,-4.75,site,"Los Canes, Arangas, Asturias, Spain"
Iberia_Asturias_Mesolithic_El_Mazo,43.4,-4.83,site,"El Mazo, Llanes, Asturias, Spain"
Iberia_Asturias_Mesolithic_El_Toral,43.4,-4.75,site,"El Toral, Llanes, Asturias, Spain"
Iberia_Asturias_Mesolithic_Hou_Amieva,43.25,-5.1,site,"Amieva, Asturias, Spain"
Iberia_Cantabria_EBA,43.25,-4.05,region,"Cantabria, Spain"
Iberia_Cantabria_UP_Magdalenian_El_Miron,43.25,-3.45,site,"El Miron Cave, Ramales de la Victoria, Cantabria, Spain"
Iberia_Castile_and_Leon_Bell_Beaker,41.65,-4.72,region,"Castile and Leon, Spain"
Iberia_Castile_and_Leon_CA,41.65,-4.72,region,"Castile and Leon, Spain"
Iberia_Castile_and_Leon_EBA,41.65,-4.72,region,"Castile and Leon, Spain"
Iberia_Castile_and_Leon_EN,41.65,-4.72,region,"Castile and Leon, Spain"
Iberia_Castile_and_Leon_Early-High_Medieval,41.65,-4.72,region,"Castile and Leon, Spain"
Iberia_Castile_and_Leon_Early_Medieval,41.65,-4.72,region,"Castile and Leon, Spain"
Iberia_Castile_and_Leon_High_Medieval,41.65,-4.72,region,"Castile and Leon, Spain"
Iberia_Castile_and_Leon_LIA_Cantabri,42.9,-4.6,region,"Northern Palencia/Leon (Cantabri), Spain"
Iberia_Castile_and_Leon_MBA,41.65,-4.72,region,"Castile and Leon, Spain"
Iberia_Castile_and_Leon_MLN,41.65,-4.72,region,"Castile and Leon, Spain"
Iberia_Castile_and_Leon_Mesolithic_La_Brana,42.88,-5.28,site,"La Brana-Arintero, Leon, Spain"
Iberia_Castilla-La_Mancha_CA,39.5,-3.0,region,"Castilla-La Mancha, Spain"
Iberia_Castilla-La_Mancha_EBA,39.5,-3.0,region,"Castilla-La Mancha, Spain"
Iberia_Catalonia_Bell_Beaker,41.8,1.5,region,"Catalonia, Spain"
Iberia_Catalonia_CA,41.8,1.5,region,"Catalonia, Spain"
Iberia_Catalonia_Classical_Empuries,42.13,3.12,site,"Empuries, Girona, Catalonia, Spain"
Iberia_Catalonia_EBA,41.8,1.5,region,"Catalonia, Spain"
Iberia_Catalonia_Early_Medieval,41.8,1.5,region,"Catalonia, Spain"
Iberia_Catalonia_Early_Medieval_Empuries,42.13,3.12,site,"Empuries, Girona, Catalonia, Spain"
Iberia_Catalonia_Early_Medieval_Visigoth,41.8,1.5,region,"Catalonia, Spain"
Iberia_Catalonia_Early_Modern_Barcelona_Reapers'_War_Spanish_Soldier,41.39,2.17,site,"Barcelona, Catalonia, Spain"
Iberia_Catalonia_Hellenistic_Empuries,42.13,3.12,site,"Empuries, Girona, Catalonia, Spain"
Iberia_Catalonia_High_Medieval,41.8,1.5,region,"Catalonia, Spain"
Iberia_Catalonia_IA,41.8,1.5,region,"Catalonia, Spain"
Iberia_Catalonia_IA-Classical_Empuries,42.13,3.12,site,"Empuries, Girona, Catalonia, Spain"
Iberia_Catalonia_Late_Medieval,41.8,1.5,region,"Catalonia, Spain"
Iberia_Catalonia_MLN,41.8,1.5,region,"Catalonia, Spain"
Iberia_Catalonia_Roman_Empire-Late_Antiquity_Empuries,42.13,3.12,site,"Empuries, Girona, Catalonia, Spain"
Iberia_Catalonia_Roman_Empire_Empuries,42.13,3.12,site,"Empuries, Girona, Catalonia, Spain"
Iberia_Catalonia_UP_Azilian,42.1,2.7,guess,"Girona province, Catalonia, Spain"
Iberia_Catalonia_UP_Gravettian_Serinya,42.16,2.75,site,"Serinya, Girona, Catalonia, Spain"
Iberia_Galicia_Early_Medieval,42.8,-8.0,region,"Galicia, Spain"
Iberia_Galicia_Mesolithic,42.8,-8.0,region,"Galicia, Spain"
Iberia_Gibraltar_EBA,36.14,-5.35,site,Gibraltar
Iberia_Gibraltar_EN,36.14,-5.35,site,Gibraltar
Iberia_La_Rioja_BA,42.3,-2.5,region,"La Rioja, Spain"
Iberia_La_Rioja_EBA,42.3,-2.5,region,"La Rioja, Spain"
Iberia_Madrid_Bell_Beaker,40.42,-3.7,region,"Madrid, Spain"
Iberia_Madrid_CA,40.42,-3.7,region,"Madrid, Spain"
Iberia_Madrid_EBA,40.42,-3.7,region,"Madrid, Spain"
Iberia_Murcia_CA,38.0,-1.5,region,"Murcia, Spain"
Iberia_Murcia_EBA_Argaric_Early_Almoloya,37.8,-1.45,site,"La Almoloya, Pliego, Murcia, Spain"
Iberia_Murcia_EBA_Argaric_Early_Bastida,37.75,-1.55,site,"La Bastida, Totana, Murcia, Spain"
Iberia_Murcia_EBA_Argaric_Late_Almoloya,37.8,-1.45,site,"La Almoloya, Pliego, Murcia, Spain"
Iberia_Murcia_EBA_Argaric_Late_Bastida,37.75,-1.55,site,"La Bastida, Totana, Murcia, Spain"
Iberia_Murcia_EBA_Argaric_Late_Cerro_del_Morron,38.45,-1.35,guess,"Cerro del Morron, Jumilla, Murcia, Spain"
Iberia_Murcia_EBA_Argaric_Late_Zapateria,37.68,-1.7,guess,"Zapateria, Lorca, Murcia, Spain"
Iberia_Murcia_EBA_Proto-Argaric_Molinos_del_Papel,38.1,-1.87,site,"Molinos del Papel, Caravaca de la Cruz, Murcia, Spain"
Iberia_Navarre_EIA,42.7,-1.65,region,"Navarre, Spain"
Iberia_Pais_Vasco_CA,43.0,-2.6,region,"Basque Country, Spain"
Iberia_Pais_Vasco_EBA,43.0,-2.6,region,"Basque Country, Spain"
Iberia_Pais_Vasco_IA_Celtiberian,43.0,-2.6,region,"Basque Country, Spain"
Iberia_Pais_Vasco_LBA,43.0,-2.6,region,"Basque Country, Spain"
Iberia_Pais_Vasco_MBA,43.0,-2.6,region,"Basque Country, Spain"
Iberia_Pais_Vasco_MLN,43.0,-2.6,region,"Basque Country, Spain"
Iberia_Portugal_Bell_Beaker,38.8,-9.2,country,"Estremadura, Portugal"
Iberia_Portugal_CA,38.8,-9.2,country,"Estremadura, Portugal"
Iberia_Portugal_EN_Cardial,39.0,-9.2,country,"Estremadura, Portugal"
Iberia_Portugal_Early_Medieval_Monte_da_Nora,38.85,-7.3,site,"Monte da Nora, Elvas, Alentejo, Portugal"
Iberia_Portugal_LNCA,38.8,-9.2,country,"Estremadura, Portugal"
Iberia_Portugal_Late_Antiquity-Early_Medieval_Miroico,38.72,-9.3,guess,"Miroico, Sintra area, Portugal"
Iberia_Portugal_Late_Antiquity_Conimbriga,40.1,-8.5,site,"Conimbriga, Condeixa-a-Nova, Portugal"
Iberia_Portugal_Late_Antiquity_Miroico,38.72,-9.3,guess,"Miroico, Sintra area, Portugal"
Iberia_Portugal_MBA,39.5,-8.0,country,Portugal
Iberia_Portugal_MN,39.5,-8.0,country,Portugal
Iberia_Portugal_Mesolithic,39.05,-8.75,country,"Muge, Tagus valley, Portugal"
Iberia_Valencia_CA,39.5,-0.6,region,"Valencian Community, Spain"
Iberia_Valencia_EBA,39.5,-0.6,region,"Valencian Community, Spain"
Iberia_Valencia_EN,39.5,-0.6,region,"Valencian Community, Spain"
Iberia_Valencia_High_Medieval,39.5,-0.6,region,"Valencian Community, Spain"
Iberia_Valencia_IA,39.5,-0.6,region,"Valencian Community, Spain"
Iberia_Valencia_LBA,39.5,-0.6,region,"Valencian Community, Spain"
Iberia_Valencia_Late_Medieval,39.5,-0.6,region,"Valencian Community, Spain"
Iberia_Valencia_MLN,39.5,-0.6,region,"Valencian Community, Spain"
Iberia_Valencia_Mesolithic_Casa_Corona,38.63,-0.87,site,"Casa Corona, Villena, Alicante, Spain"
Iberia_Valencia_Mesolithic_Santa_Maira,38.72,-0.2,site,"Coves de Santa Maira, Castell de Castells, Alicante, Spain"
Iceland_Early-High_Medieval_Viking_Age_Hofstadir,65.62,-17.0,site,"Hofstadir, Myvatn, Iceland"
Iceland_Early_Medieval_Viking_Age,64.15,-21.9,country,Iceland
Iceland_Early_Modern,64.15,-21.9,country,Iceland
Iceland_High_Medieval,64.15,-21.9,country,Iceland
Iceland_Late_Medieval,64.15,-21.9,country,Iceland
Icelandic,64.15,-21.94,country,"Reykjavik, Iceland"
Igbo,6.45,7.5,ethnic,"Enugu, Igboland, Nigeria"
Igorot_Kankanaey,17.0,120.8,ethnic,"Mountain Province/Benguet, Luzon, Philippines"
India_Uttarakhand_Early_Medieval_Roopkund_c.800CE,30.26,79.73,site,"Roopkund Lake, Uttarakhand, India"
India_Uttarakhand_Late_Modern_Roopkund,30.26,79.73,site,"Roopkund Lake, Uttarakhand, India"
Indian_South,12.0,78.0,region,southern India
Indo-Trinidadian,10.5,-61.3,guess,"Trinidad, Trinidad and Tobago"
Indonesia_Flores_LIA_Liang_Toge,-8.65,119.85,guess,"Liang Toge, Warloka, Flores, Indonesia"
Indonesia_Flores_N-Proto-Metallic_Liang_Bua,-8.53,120.45,site,"Liang Bua, Flores, Indonesia"
Indonesia_Kayoa_N_Gua_Uattamdi,0.05,127.4,site,"Uattamdi, Kayoa Island, North Maluku, Indonesia"
Indonesia_Komodo_High_Medieval_Majapahit_Ntodo_Leseh,-8.55,119.5,guess,"Ntodo Leseh, Komodo Island, Indonesia"
Indonesia_Morotai_EBA_Aru_Manara,2.3,128.4,guess,"Aru Manara, Morotai, North Maluku, Indonesia"
Indonesia_Morotai_N-EBA_Tanjung_Pinang,2.2,128.3,guess,"Tanjung Pinang, Morotai, North Maluku, Indonesia"
Indonesia_Pantar_Late_Medieval_Majapahit_Jareng_Bori,-8.4,124.1,guess,"Jareng Bori, Pantar, Alor, Indonesia"
Indonesia_Sulawesi_Early-Late_Modern_Topogaro,-2.2,121.4,guess,"Topogaro, Morowali, Central Sulawesi, Indonesia"
Indonesia_Sulawesi_Toalean_Leang_Panninge,-5.0,119.75,site,"Leang Panninge, Maros, South Sulawesi, Indonesia"
Indonesia_Sumatra_LNBA-IA_Loyang_Ujung,4.65,96.85,site,"Loyang Ujung Karang, Aceh Tengah, Sumatra, Indonesia"
Ingrian,59.6,30.2,ethnic,"Ingria, Leningrad Oblast, Russia"
Ingushetia_MBA_Arkhon-Kudakhurt,43.2,45.0,guess,"Ingushetia, Russia"
Ingushian,43.23,44.77,region,"Nazran, Ingushetia, Russia"
Iran_CA_Hajji_Firuz,36.98,45.48,site,"Hajji Firuz Tepe, West Azerbaijan, Iran"
Iran_CA_Seh_Gabi,34.42,47.9,site,"Seh Gabi, Kangavar, Kermanshah, Iran"
Iran_CA_Tepe_Hissar,36.15,54.35,site,"Tepe Hissar, Damghan, Semnan, Iran"
Iran_EBA_Ghal-e_Ben,37.2,49.6,guess,"Qaleh Ben, Gilan, Iran"
Iran_EBA_Hajji_Firuz,36.98,45.48,site,"Hajji Firuz Tepe, West Azerbaijan, Iran"
Iran_EBA_Shahr-i-Sokhta,30.6,61.33,site,"Shahr-i Sokhta, Sistan, Iran"
Iran_EBA_Tepe_Hissar,36.15,54.35,site,"Tepe Hissar, Damghan, Semnan, Iran"
Iran_IA_Dinkha_Tepe,36.85,45.35,site,"Dinkha Tepe, West Azerbaijan, Iran"
Iran_IA_Hajji_Firuz,36.98,45.48,site,"Hajji Firuz Tepe, West Azerbaijan, Iran"
Iran_IA_Hasanlu,37.0,45.46,site,"Hasanlu, West Azerbaijan, Iran"
Iran_LBA_Dinkha_Tepe,36.85,45.35,site,"Dinkha Tepe, West Azerbaijan, Iran"
Iran_LBA_Hasanlu,37.0,45.46,site,"Hasanlu, West Azerbaijan, Iran"
Iran_LCA-EBA_Shah_Tepe,36.9,54.3,site,"Shah Tepe, Gorgan, Golestan, Iran"
Iran_LN_Seh_Gabi,34.42,47.9,site,"Seh Gabi, Kangavar, Kermanshah, Iran"
Iran_MBA-IA_Dinkha_Tepe,36.85,45.35,site,"Dinkha Tepe, West Azerbaijan, Iran"
Iran_MBA_Dinkha_Tepe,36.85,45.35,site,"Dinkha Tepe, West Azerbaijan, Iran"
Iran_MBA_Hasanlu,37.0,45.46,site,"Hasanlu, West Azerbaijan, Iran"
Iran_MBA_Tepe_Hissar,36.15,54.35,site,"Tepe Hissar, Damghan, Semnan, Iran"
Iran_Medieval_Ganj_Dareh,34.45,47.45,site,"Ganj Dareh, Kermanshah, Iran"
Iran_Mesolithic_Belt_Cave,36.75,53.5,site,"Belt Cave (Ghar-e Kamarband), Behshahr, Mazandaran, Iran"
Iran_Mesolithic_Hotu,36.75,53.5,site,"Hotu Cave, Behshahr, Mazandaran, Iran"
Iran_N_Ganj_Dareh,34.45,47.45,site,"Ganj Dareh, Kermanshah, Iran"
Iran_N_Tepe_Abdul_Hosein,33.9,48.1,site,"Tepe Abdul Hosein, Lorestan, Iran"
Iran_N_Tepe_Guran,33.8,47.1,site,"Tepe Guran, Hulailan, Lorestan, Iran"
Iran_N_Wezmeh_Cave,34.3,46.9,site,"Wezmeh Cave, Kermanshah, Iran"
Iranian_Arab_Khuzestan,31.32,48.67,region,"Ahvaz, Khuzestan, Iran"
Iranian_Jew,32.65,51.67,ethnic,"Isfahan, Iran"
Iraqi_Arab,33.34,44.4,country,"Baghdad, Iraq"
Iraqi_Arab_Anbar,33.42,43.3,region,"Ramadi, Anbar, Iraq"
Iraqi_Arab_Baghdad,33.34,44.4,site,"Baghdad, Iraq"
Iraqi_Arab_Basra,30.51,47.78,district,"Basra, Iraq"
Iraqi_Arab_Dhi_Qar,31.05,46.26,district,"Nasiriyah, Dhi Qar, Iraq"
Iraqi_Arab_Nineveh,36.34,43.13,district,"Mosul, Nineveh, Iraq"
Iraqi_Arab_Saladin,34.61,43.68,district,"Tikrit, Saladin, Iraq"
Iraqi_Arab_South,31.0,46.5,region,southern Iraq
Iraqi_Arab_West,33.42,43.0,region,western Iraq (Anbar)
Iraqi_Jew,33.34,44.4,ethnic,"Baghdad, Iraq"
Iraqw,-3.85,35.53,ethnic,"Mbulu, Manyara, Tanzania"
Ireland_EBA,53.4,-7.9,country,Ireland
Ireland_EN,53.4,-7.9,country,Ireland
Ireland_ENMN,53.4,-7.9,country,Ireland
Ireland_Early-High_Medieval_Kilteasheen,53.98,-8.08,site,"Kilteasheen, Roscommon, Ireland"
Ireland_Early_Medieval_Viking_Age_Ballyhanna,54.5,-8.18,site,"Ballyhanna, Ballyshannon, Donegal, Ireland"
Ireland_Early_Medieval_Viking_Age_Dublin,53.35,-6.26,site,"Dublin, Ireland"
Ireland_Early_Medieval_Viking_Age_Eyrephort,53.52,-10.13,site,"Eyrephort, Connemara, Galway, Ireland"
Ireland_High_Medieval_Ballyhanna,54.5,-8.18,site,"Ballyhanna, Ballyshannon, Donegal, Ireland"
Ireland_LN,53.4,-7.9,country,Ireland
Ireland_MN,53.4,-7.9,country,Ireland
Ireland_Megalithic,53.4,-7.9,country,Ireland
Ireland_Mesolithic,53.4,-7.9,country,Ireland
Irish,53.35,-7.5,country,Ireland
Irish_Ulster,54.7,-7.0,region,"Ulster, Ireland/Northern Ireland"
Irkutsk_BA_Anosovo,54.2,103.2,guess,"Anosovo, Angara valley, Irkutsk Oblast, Russia"
Irkutsk_BA_Podostrozhnoe,55.0,102.0,guess,"Podostrozhnoe, Angara valley, Irkutsk Oblast, Russia"
Irkutsk_BA_Shishkino,53.95,106.1,site,"Shishkino, Upper Lena, Irkutsk Oblast, Russia"
Irkutsk_BA_Silinskij,52.5,104.0,guess,"Silinskij, Irkutsk Oblast, Russia"
Irkutsk_BA_Ust-Dolgoe,54.1,106.3,guess,"Ust-Dolgoe, Upper Lena, Irkutsk Oblast, Russia"
Irkutsk_BA_Zvjozdochka,52.8,104.2,guess,"Zvjozdochka, Irkutsk Oblast, Russia"
Irkutsk_EBA_Glazkovo,52.28,104.28,site,"Glazkovo, Irkutsk, Russia"
Irkutsk_EBA_Kurma,53.15,106.9,site,"Kurma, Little Sea, Lake Baikal, Russia"
Irkutsk_EBA_Shamanka,51.72,103.72,site,"Shamanka, Kultuk, Lake Baikal, Russia"
Irkutsk_EBA_Shumilikha,55.0,102.5,guess,"Shumilikha, Angara valley, Irkutsk Oblast, Russia"
Irkutsk_EBA_Sukhaja_Pad'_Buret',53.2,103.6,site,"Buret, Angara valley, Irkutsk Oblast, Russia"
Irkutsk_EBA_Ust-Ida,53.55,103.35,site,"Ust-Ida, Angara valley, Irkutsk Oblast, Russia"
Irkutsk_ENMN_Kachug,53.97,105.88,site,"Kachug, Upper Lena, Irkutsk Oblast, Russia"
Irkutsk_ENMN_Lokomotiv,52.29,104.27,site,"Lokomotiv, Irkutsk, Russia"
Irkutsk_ENMN_Shamanka,51.72,103.72,site,"Shamanka, Kultuk, Lake Baikal, Russia"
Irkutsk_ENMN_Stepno-Baltaiskii,53.0,103.0,guess,"Stepno-Baltaiskii, Angara valley, Irkutsk Oblast, Russia"
Irkutsk_EN_Angara,53.0,103.5,region,"Angara valley, Irkutsk Oblast, Russia"
Irkutsk_EN_Iushino,53.0,103.5,guess,"Iushino, Angara valley, Irkutsk Oblast, Russia"
Irkutsk_EN_Kitoi_Sosnovyi_Mys,53.2,103.5,guess,"Sosnovyi Mys, Angara valley, Irkutsk Oblast, Russia"
Irkutsk_EN_Lokomotiv,52.29,104.27,site,"Lokomotiv, Irkutsk, Russia"
Irkutsk_EN_Popovskij,52.5,104.0,guess,"Popovskij, Irkutsk Oblast, Russia"
Irkutsk_EN_Shumilikha,55.0,102.5,guess,"Shumilikha, Angara valley, Irkutsk Oblast, Russia"
Irkutsk_LN-EBA_Zapleskino,53.1,103.4,guess,"Zapleskino, Angara valley, Irkutsk Oblast, Russia"
Irkutsk_LNBA_Glazkovo,52.28,104.28,site,"Glazkovo, Irkutsk, Russia"
Irkutsk_LNBA_Kachug,53.97,105.88,site,"Kachug, Upper Lena, Irkutsk Oblast, Russia"
Irkutsk_LNBA_Khaptsagai,54.0,106.0,guess,"Khaptsagai, Upper Lena, Irkutsk Oblast, Russia"
Irkutsk_LNBA_Makrushino,54.0,106.0,guess,"Makrushino, Upper Lena, Irkutsk Oblast, Russia"
Irkutsk_LNBA_Zhigalovo,54.81,105.16,site,"Zhigalovo, Irkutsk Oblast, Russia"
Irkutsk_LN_Shumilikha,55.0,102.5,guess,"Shumilikha, Angara valley, Irkutsk Oblast, Russia"
Irkutsk_LN_Ust-Ida,53.55,103.35,site,"Ust-Ida, Angara valley, Irkutsk Oblast, Russia"
Irkutsk_Late_Medieval_Ust-Belaya,52.85,103.55,site,"Ust-Belaya, Angara valley, Irkutsk Oblast, Russia"
Irkutsk_Late_Medieval_Zarubino,54.0,105.5,guess,"Zarubino, Irkutsk Oblast, Russia"
Irkutsk_MN_Shumilikha,55.0,102.5,guess,"Shumilikha, Angara valley, Irkutsk Oblast, Russia"
Irkutsk_N-EBA_Mys_Uyuga,53.05,106.85,site,"Mys Uyuga, Little Sea, Lake Baikal, Russia"
Irkutsk_N-EBA_Sokhter,53.1,106.9,guess,"Sokhter, Little Sea, Lake Baikal, Russia"
Irkutsk_N_Chastaja_Padi,52.5,104.2,guess,"Chastaja Padi, Irkutsk Oblast, Russia"
Irkutsk_N_Gorodische,52.5,104.2,guess,"Gorodische, Irkutsk Oblast, Russia"
Irkutsk_N_Kirpichnyj_Saraj,52.3,104.3,guess,"Kirpichnyj Saraj, Irkutsk, Russia"
Irkutsk_N_Korkino,52.3,104.4,guess,"Korkino, Irkutsk Oblast, Russia"
Irkutsk_N_Makarovo,54.0,106.1,site,"Makarovo, Upper Lena, Irkutsk Oblast, Russia"
Irkutsk_N_Sosnovyi_Mys,53.2,103.5,guess,"Sosnovyi Mys, Angara valley, Irkutsk Oblast, Russia"
Irkutsk_UP_Mal'ta'-Buret',52.84,103.54,site,"Mal'ta, Usolye district, Irkutsk Oblast, Russia"
Irula,11.4,76.7,ethnic,"Nilgiris, Tamil Nadu, India"
Isle_of_Man_EBA,54.23,-4.55,country,Isle of Man
Isle_of_Man_Early_Medieval_Viking_Age,54.23,-4.55,country,Isle of Man
Israel_CA_Peki'in,32.98,35.33,site,"Peki'in Cave, Galilee, Israel"
Israel_Epipaleolithic_Natufian,32.65,35.05,region,"Mount Carmel (Raqefet/El-Wad), Israel"
Israel_IAII_Philistine_Ashkelon,31.66,34.55,site,"Ashkelon, Israel"
Israel_IAI_Philistine_Ashkelon,31.66,34.55,site,"Ashkelon, Israel"
Israel_IA_Abel_Beth_Maacah,33.26,35.58,site,"Tel Abel Beth Maacah, Upper Galilee, Israel"
Israel_IA_Megiddo,32.58,35.18,site,"Megiddo, Jezreel Valley, Israel"
Israel_IBA_Megiddo,32.58,35.18,site,"Megiddo, Jezreel Valley, Israel"
Israel_LBA_Ashkelon,31.66,34.55,site,"Ashkelon, Israel"
Israel_LBA_Hazor,33.02,35.57,site,"Tel Hazor, Upper Galilee, Israel"
Israel_LBA_Megiddo,32.58,35.18,site,"Megiddo, Jezreel Valley, Israel"
Israel_LBA_Tel_Shaddud,32.65,35.25,site,"Tel Shaddud, Jezreel Valley, Israel"
Israel_Late_Medieval-Early_Modern_Tell_el-Hesi,31.55,34.72,site,"Tell el-Hesi, Israel"
Israel_MBA_Hazor,33.02,35.57,site,"Tel Hazor, Upper Galilee, Israel"
Israel_MBA_Megiddo,32.58,35.18,site,"Megiddo, Jezreel Valley, Israel"
Israel_MBA_Yehud,32.03,34.89,site,"Yehud, Israel"
Israel_MLBA_Megiddo,32.58,35.18,site,"Megiddo, Jezreel Valley, Israel"
Israel_N_PPNB,31.8,35.15,region,"Motza / Kfar HaHoresh, Israel"
Italian_Abruzzo_(Abruzzese),42.35,13.4,region,"L'Aquila, Abruzzo, Italy"
Italian_Aosta_Valley_(Valdotain),45.73,7.32,region,"Aosta, Aosta Valley, Italy"
Italian_Apulia_(Apulian),41.13,16.87,region,"Bari, Apulia, Italy"
Italian_Apulia_(Salentine),40.35,18.17,district,"Lecce, Salento, Apulia, Italy"
Italian_Basilicata_(Lucanian),40.64,15.81,region,"Potenza, Basilicata, Italy"
Italian_Calabria_(Calabrese),38.91,16.59,region,"Catanzaro, Calabria, Italy"
Italian_Calabria_(Cosentian),39.3,16.25,district,"Cosenza, Calabria, Italy"
Italian_Calabria_Reggio_Calabria_(Calabrese),38.11,15.65,site,"Reggio Calabria, Calabria, Italy"
Italian_Campania_(Campanian),40.85,14.27,region,"Naples, Campania, Italy"
Italian_Campania_Benevento_(Campanian),41.13,14.78,site,"Benevento, Campania, Italy"
Italian_Campania_Naples_(Campanian),40.85,14.27,site,"Naples, Campania, Italy"
Italian_Campania_Salerno_(Campanian),40.68,14.77,site,"Salerno, Campania, Italy"
Italian_Carloforte_(Ligurian),39.15,8.31,site,"Carloforte, San Pietro Island, Sardinia, Italy"
Italian_Emilia_(Emilian),44.49,11.34,region,"Bologna, Emilia, Italy"
Italian_Friuli,46.06,13.24,region,"Udine, Friuli, Italy"
Italian_Friuli_(Friulian),46.06,13.24,region,"Udine, Friuli, Italy"
Italian_Friuli_Sappada_(Bavarian),46.57,12.68,site,"Sappada, Friuli-Venezia Giulia, Italy"
Italian_Friuli_Sauris_(Bavarian),46.47,12.71,site,"Sauris, Friuli-Venezia Giulia, Italy"
Italian_Friuli_Timau_(Bavarian),46.58,13.02,site,"Timau, Paluzza, Friuli, Italy"
Italian_Lazio_(Lazian),41.9,12.5,region,"Rome, Lazio, Italy"
Italian_Liguria_(Ligurian),44.41,8.93,region,"Genoa, Liguria, Italy"
Italian_Lombardy_(Lombard),45.46,9.19,region,"Milan, Lombardy, Italy"
Italian_Lombardy_Bergamo_(Lombard),45.7,9.67,site,"Bergamo, Lombardy, Italy"
Italian_Marche_(Marchigiano),43.62,13.52,region,"Ancona, Marche, Italy"
Italian_Marche_Ascoli_Piceno_(Abruzzese),42.85,13.58,site,"Ascoli Piceno, Marche, Italy"
Italian_Molise_(Molisan),41.56,14.66,region,"Campobasso, Molise, Italy"
Italian_Piedmont_(Piedmontese),45.07,7.69,region,"Turin, Piedmont, Italy"
Italian_Piedmont_Cuneo_(Occitan_or_Piedmontese),44.39,7.55,district,"Cuneo, Piedmont, Italy"
Italian_Piedmont_Domodossola_(Lombard),46.12,8.29,site,"Domodossola, Piedmont, Italy"
Italian_Piedmont_Val_Borbera_(Ligurian),44.72,9.05,district,"Val Borbera, Alessandria, Piedmont, Italy"
Italian_Trentino,46.07,11.12,region,"Trento, Trentino, Italy"
Italian_Trentino_(Trentino_or_Ladin),46.43,11.72,district,"Val di Fassa, Trentino, Italy"
Italian_Trentino_(Trentino_or_Venetian),46.07,11.12,region,"Trento, Trentino, Italy"
Italian_Tuscany_(Tuscan),43.77,11.26,region,"Florence, Tuscany, Italy"
Italian_Tuscany_Lunigiana_(Emilian),44.38,9.88,district,"Pontremoli, Lunigiana, Tuscany, Italy"
Italian_Umbria_(Umbrian),43.11,12.39,region,"Perugia, Umbria, Italy"
Italian_Veneto_(Venetian),45.44,12.32,region,"Venice, Veneto, Italy"
Italian_Veneto_Lessinia_(Cimbrian),45.62,11.1,district,"Giazza, Lessinia, Verona, Italy"
Italki_(Italian_Jew),41.9,12.5,ethnic,"Rome, Italy"
Italy_Abruzzo_CA_Grotta_Continenza,41.95,13.53,site,"Grotta Continenza, Trasacco, Abruzzo, Italy"
Italy_Abruzzo_LBA_Proto-Villanovan,42.35,13.4,region,"Abruzzo, Italy"
Italy_Abruzzo_Mesolithic_Grotta_Continenza,41.95,13.53,site,"Grotta Continenza, Trasacco, Abruzzo, Italy"
Italy_Abruzzo_N_Grotta_Continenza,41.95,13.53,site,"Grotta Continenza, Trasacco, Abruzzo, Italy"
Italy_Alto_Adige_CA_Ora/Auer,46.35,11.3,site,"Ora/Auer, South Tyrol, Italy"
Italy_Alto_Adige_Late_Antiquity-Early_Medieval_Burgusio,46.7,10.55,site,"Burgusio/Burgeis, Malles, South Tyrol, Italy"
Italy_Alto_Adige_MN,46.6,11.35,region,"South Tyrol, Italy"
Italy_Apulia_BA_Grotta_delle_Mura,40.95,17.3,site,"Grotta delle Mura, Monopoli, Apulia, Italy"
Italy_Apulia_CA_Grotta_Nisco,40.87,16.75,site,"Grotta Nisco, Cassano delle Murge, Apulia, Italy"
Italy_Apulia_High_Medieval_Foggia,41.46,15.55,site,"Foggia, Apulia, Italy"
Italy_Apulia_High_Medieval_Ordona,41.32,15.63,site,"Ordona (Herdonia), Apulia, Italy"
Italy_Apulia_IA_Messapic_Daunian_Ordona,41.32,15.63,site,"Ordona (Herdonia), Apulia, Italy"
Italy_Apulia_IA_Messapic_Daunian_Salapia,41.43,15.98,site,"Salapia, Cerignola, Apulia, Italy"
Italy_Apulia_IA_Messapic_Daunian_San_Giovanni_Rotondo,41.71,15.73,site,"San Giovanni Rotondo, Apulia, Italy"
Italy_Apulia_UP_Epigravettian_Grotta_delle_Mura,40.95,17.3,site,"Grotta delle Mura, Monopoli, Apulia, Italy"
Italy_Apulia_UP_Gravettian_Ostuni,40.73,17.58,site,"Grotta di Santa Maria di Agnano, Ostuni, Apulia, Italy"
Italy_Apulia_UP_Gravettian_Paglicci,41.65,15.62,site,"Grotta Paglicci, Rignano Garganico, Apulia, Italy"
Italy_Basilicata_Early_Medieval_Venosa,40.96,15.82,site,"Venosa, Basilicata, Italy"
Italy_Calabria_N_Grotta_di_Pietra_Sant'Angelo,39.9,16.35,site,"Grotta di Pietra Sant'Angelo, San Lorenzo Bellizzi, Calabria, Italy"
Italy_Campania_CA_Gaudo,40.43,15.0,site,"Gaudo, Paestum, Campania, Italy"
Italy_Campania_Roman_Empire_Pompeii,40.75,14.49,site,"Pompeii, Campania, Italy"
Italy_Emilia_Bell_Beaker,44.6,10.9,region,"Emilia, Italy"
Italy_Friuli_UP_Late_Epigravettian_Pradis,46.25,12.88,site,"Grotte di Pradis, Clauzetto, Friuli, Italy"
Italy_Lazio_BA_Pian_Sultano,42.1,11.8,site,"Pian Sultano, Tolfa, Lazio, Italy"
Italy_Lazio_BA_Regina_Margherita,41.76,13.36,site,"Grotta Regina Margherita, Collepardo, Lazio, Italy"
Italy_Lazio_CA_La_Sassa,41.42,13.25,site,"Grotta La Sassa, Sonnino, Lazio, Italy"
Italy_Lazio_CA_Monte_San_Biagio,41.35,13.35,site,"Monte San Biagio, Lazio, Italy"
Italy_Lazio_Early-High_Medieval_Rome,41.89,12.49,site,"Rome, Lazio, Italy"
Italy_Lazio_Early-High_Medieval_Tarquinia,42.25,11.76,site,"Tarquinia, Lazio, Italy"
Italy_Lazio_Early-Late_Medieval_Rome,41.89,12.49,site,"Rome, Lazio, Italy"
Italy_Lazio_Early-Late_Medieval_Villa_Magna,41.72,13.3,site,"Villa Magna, Anagni, Lazio, Italy"
Italy_Lazio_Early_Medieval_Rome,41.89,12.49,site,"Rome, Lazio, Italy"
Italy_Lazio_Early_Medieval_Tarquinia,42.25,11.76,site,"Tarquinia, Lazio, Italy"
Italy_Lazio_Early_Medieval_Villa_Magna,41.72,13.3,site,"Villa Magna, Anagni, Lazio, Italy"
Italy_Lazio_Early_Modern_Renaissance_Tivoli,41.96,12.8,site,"Tivoli, Lazio, Italy"
Italy_Lazio_Early_Modern_Rome,41.89,12.49,site,"Rome, Lazio, Italy"
Italy_Lazio_High_Medieval_Tarquinia,42.25,11.76,site,"Tarquinia, Lazio, Italy"
Italy_Lazio_High_Medieval_Villa_Magna,41.72,13.3,site,"Villa Magna, Anagni, Lazio, Italy"
Italy_Lazio_IA_Etruscan-Roman_Empire_Tarquinia,42.25,11.76,site,"Tarquinia, Lazio, Italy"
Italy_Lazio_IA_Etruscan-Roman_Republic_Tarquinia,42.25,11.76,site,"Tarquinia, Lazio, Italy"
Italy_Lazio_IA_Etruscan_Civitavecchia,42.09,11.8,site,"Civitavecchia, Lazio, Italy"
Italy_Lazio_IA_Etruscan_Tarquinia,42.25,11.76,site,"Tarquinia, Lazio, Italy"
Italy_Lazio_IA_Etruscan_Tarquinia_(Villanovan),42.25,11.76,site,"Tarquinia, Lazio, Italy"
Italy_Lazio_IA_Etruscan_Veio_Grotta_Gramiccia_(Villanovan),42.03,12.4,site,"Veio (Grotta Gramiccia), Lazio, Italy"
Italy_Lazio_IA_Latin/Rutulian_Ardea,41.61,12.55,site,"Ardea, Lazio, Italy"
Italy_Lazio_IA_Latin/Volscian_Boville_Ernica,41.64,13.47,site,"Boville Ernica, Frosinone, Lazio, Italy"
Italy_Lazio_IA_Latin_Castel_di_Decima,41.75,12.45,site,"Castel di Decima, Rome, Lazio, Italy"
Italy_Lazio_Late_Antiquity_Rome,41.89,12.49,site,"Rome, Lazio, Italy"
Italy_Lazio_Late_Antiquity_San_Ercolano,42.0,12.7,guess,"San Ercolano, Lazio, Italy"
Italy_Lazio_Late_Antiquity_Tarquinia,42.25,11.76,site,"Tarquinia, Lazio, Italy"
Italy_Lazio_Late_Medieval_Rome,41.89,12.49,site,"Rome, Lazio, Italy"
Italy_Lazio_Late_Medieval_Villa_Magna,41.72,13.3,site,"Villa Magna, Anagni, Lazio, Italy"
Italy_Lazio_N_Mora_Cavorso,41.89,13.17,site,"Grotta Mora Cavorso, Jenne, Lazio, Italy"
Italy_Lazio_Roman_Empire-Late_Antiquity_Isola_Sacra,41.75,12.25,site,"Isola Sacra, Fiumicino, Lazio, Italy"
Italy_Lazio_Roman_Empire-Late_Antiquity_Rome,41.89,12.49,site,"Rome, Lazio, Italy"
Italy_Lazio_Roman_Empire_Casale_del_Dolce,41.74,13.15,site,"Casale del Dolce, Anagni, Lazio, Italy"
Italy_Lazio_Roman_Empire_Isola_Sacra,41.75,12.25,site,"Isola Sacra, Fiumicino, Lazio, Italy"
Italy_Lazio_Roman_Empire_Mazzano_Romano,42.2,12.4,site,"Mazzano Romano, Lazio, Italy"
Italy_Lazio_Roman_Empire_Monterotondo,42.05,12.62,site,"Monterotondo, Lazio, Italy"
Italy_Lazio_Roman_Empire_Palestrina_Antina,41.84,12.89,site,"Palestrina, Lazio, Italy"
Italy_Lazio_Roman_Empire_Rome,41.89,12.49,site,"Rome, Lazio, Italy"
Italy_Lazio_Roman_Republic-Empire_Tarquinia,42.25,11.76,site,"Tarquinia, Lazio, Italy"
Italy_Lazio_Roman_Republic_Palestrina_Colombella,41.84,12.89,site,"Palestrina, Lazio, Italy"
Italy_Lazio_Roman_Republic_Palestrina_Selciata,41.84,12.89,site,"Palestrina, Lazio, Italy"
Italy_Lazio_Roman_Republic_Tarquinia,42.25,11.76,site,"Tarquinia, Lazio, Italy"
Italy_Liguria_UP_Epigravettian_Arene_Candide,44.16,8.32,site,"Arene Candide, Finale Ligure, Liguria, Italy"
Italy_Lombardy_CA_Remedello,45.23,10.37,site,"Remedello, Brescia, Lombardy, Italy"
Italy_Lombardy_EBA_Remedello,45.23,10.37,site,"Remedello, Brescia, Lombardy, Italy"
Italy_Marche_CA_Fontenoce,43.4,13.55,site,"Fontenoce, Recanati, Marche, Italy"
Italy_Marche_Early_Medieval_(Byzantine)_Pesaro,43.91,12.91,site,"Pesaro, Marche, Italy"
Italy_Marche_IA_Picene_Novilara,43.86,12.91,site,"Novilara, Pesaro, Marche, Italy"
Italy_Marche_IA_Picene_Sirolo-Numana,43.51,13.62,site,"Sirolo-Numana, Ancona, Marche, Italy"
Italy_Marche_N_Maddalena_di_Muccia,43.08,13.05,site,"Maddalena di Muccia, Macerata, Marche, Italy"
Italy_Marche_N_Ripabianca_di_Monterado,43.68,13.05,site,"Ripabianca di Monterado, Ancona, Marche, Italy"
Italy_Marche_Roman_Empire_Civitanova_Marche,43.31,13.73,site,"Civitanova Marche, Marche, Italy"
Italy_Marche_Roman_Empire_Urbino_Bivio,43.73,12.64,site,"Urbino, Marche, Italy"
Italy_Piedmont_Early_Medieval_Lombard_Period_Collegno,45.08,7.57,site,"Collegno, Turin, Piedmont, Italy"
Italy_Piedmont_Early_Medieval_Ostrogoth-Merovingian_Bardonecchia,45.08,6.7,site,"Bardonecchia, Turin, Piedmont, Italy"
Italy_Piedmont_Late_Antiquity-Early_Medieval_Roman-Lombard_Torino_Lavazza,45.07,7.69,site,"Turin (Lavazza site), Piedmont, Italy"
Italy_Romagna_CA_Gattolino,44.1,12.25,site,"Gattolino, Cesena, Romagna, Italy"
Italy_Trentino_BA_Mezzocorona,46.22,11.12,site,"Mezzocorona, Trentino, Italy"
Italy_Trentino_BA_Nogarole,46.2,11.1,guess,"Nogarole, Mezzolombardo, Trentino, Italy"
Italy_Trentino_BA_Romagnano,46.0,11.1,site,"Romagnano, Trento, Trentino, Italy"
Italy_Trentino_CA-EBA_Nogarole,46.2,11.1,guess,"Nogarole, Mezzolombardo, Trentino, Italy"
Italy_Trentino_CA-EBA_Paludei_di_Volano,45.92,11.07,site,"Paludei di Volano, Trentino, Italy"
Italy_Trentino_CA-EBA_Romagnano,46.0,11.1,site,"Romagnano, Trento, Trentino, Italy"
Italy_Trentino_CA-EBA_Solteri,46.08,11.12,site,"Solteri, Trento, Trentino, Italy"
Italy_Trentino_CA-EBA_Unknown_Site,46.07,11.12,region,"Trentino, Italy"
Italy_Trentino_CA_Mezzocorona,46.22,11.12,site,"Mezzocorona, Trentino, Italy"
Italy_Trentino_CA_Moletta_Patone,45.92,10.88,site,"Moletta Patone, Arco, Trentino, Italy"
Italy_Trentino_CA_Nogarole,46.2,11.1,guess,"Nogarole, Mezzolombardo, Trentino, Italy"
Italy_Trentino_CA_Romagnano,46.0,11.1,site,"Romagnano, Trento, Trentino, Italy"
Italy_Trentino_CA_Solteri,46.08,11.12,site,"Solteri, Trento, Trentino, Italy"
Italy_Trentino_CA_Unknown_Site,46.07,11.12,region,"Trentino, Italy"
Italy_Trentino_EBA-MBA_Unknown_Site,46.07,11.12,region,"Trentino, Italy"
Italy_Trentino_MBA_Unknown_Site,46.07,11.12,region,"Trentino, Italy"
Italy_Trentino_MN_La_Vela,46.08,11.1,site,"La Vela, Trento, Trentino, Italy"
Italy_Trentino_MN_Solteri,46.08,11.12,site,"Solteri, Trento, Trentino, Italy"
Italy_Trentino_MN_Unknown_Site,46.07,11.12,region,"Trentino, Italy"
Italy_Trentino_Mesolithic_Madonna_Bianca,46.05,11.13,site,"Madonna Bianca, Trento, Trentino, Italy"
Italy_Tuscany_Early-High_Medieval_Chiusi,43.02,11.95,site,"Chiusi, Siena, Tuscany, Italy"
Italy_Tuscany_Early_High_Medieval_Chiusi,43.02,11.95,site,"Chiusi, Siena, Tuscany, Italy"
Italy_Tuscany_Early_Medieval_Chiusi,43.02,11.95,site,"Chiusi, Siena, Tuscany, Italy"
Italy_Tuscany_Early_Medieval_Poggio_Pelliccia,42.87,10.97,site,"Poggio Pelliccia, Vetulonia, Grosseto, Tuscany, Italy"
Italy_Tuscany_High_Medieval_Chiusi,43.02,11.95,site,"Chiusi, Siena, Tuscany, Italy"
Italy_Tuscany_IA_Etruscan-Roman_Republic_Casenovole,42.98,11.3,site,"Casenovole, Civitella Paganico, Grosseto, Tuscany, Italy"
Italy_Tuscany_IA_Etruscan-Roman_Republic_Marsiliana_d'Albegna,42.55,11.35,site,"Marsiliana d'Albegna, Manciano, Grosseto, Tuscany, Italy"
Italy_Tuscany_IA_Etruscan-Roman_Republic_Vetulonia,42.86,10.97,site,"Vetulonia, Grosseto, Tuscany, Italy"
Italy_Tuscany_IA_Etruscan_Campiglia_dei_Foci,43.42,11.1,site,"Campiglia dei Foci, Colle di Val d'Elsa, Siena, Tuscany, Italy"
Italy_Tuscany_IA_Etruscan_Casenovole,42.98,11.3,site,"Casenovole, Civitella Paganico, Grosseto, Tuscany, Italy"
Italy_Tuscany_IA_Etruscan_Chiusi,43.02,11.95,site,"Chiusi, Siena, Tuscany, Italy"
Italy_Tuscany_IA_Etruscan_Dupiane,43.05,11.5,guess,"Dupiane, Siena province, Tuscany, Italy"
Italy_Tuscany_IA_Etruscan_Magliano_in_Toscana,42.6,11.29,site,"Magliano in Toscana, Grosseto, Tuscany, Italy"
Italy_Tuscany_IA_Etruscan_Marsiliana_d'Albegna,42.55,11.35,site,"Marsiliana d'Albegna, Manciano, Grosseto, Tuscany, Italy"
Italy_Tuscany_IA_Etruscan_Monteriggioni,43.39,11.22,site,"Monteriggioni, Siena, Tuscany, Italy"
Italy_Tuscany_IA_Etruscan_Poggio_Renzo,43.03,11.95,site,"Poggio Renzo, Chiusi, Tuscany, Italy"
Italy_Tuscany_IA_Etruscan_Vetulonia,42.86,10.97,site,"Vetulonia, Grosseto, Tuscany, Italy"
Italy_Tuscany_Late_Antiquity-Early_Medieval_Chiusi,43.02,11.95,site,"Chiusi, Siena, Tuscany, Italy"
Italy_Tuscany_Late_Antiquity_Chiusi,43.02,11.95,site,"Chiusi, Siena, Tuscany, Italy"
Italy_Tuscany_Late_Antiquity_Marsiliana_d'Albegna,42.55,11.35,site,"Marsiliana d'Albegna, Manciano, Grosseto, Tuscany, Italy"
Italy_Tuscany_Roman_Republic_Chiostraccio,43.38,11.2,site,"Chiostraccio, Monteriggioni, Siena, Tuscany, Italy"
Italy_Tuscany_Roman_Republic_Volterra,43.4,10.86,site,"Volterra, Pisa, Tuscany, Italy"
Italy_Veneto_BA_Broion,45.47,11.55,site,"Grotta del Broion, Colli Berici, Vicenza, Veneto, Italy"
Italy_Veneto_CA_Broion,45.47,11.55,site,"Grotta del Broion, Colli Berici, Vicenza, Veneto, Italy"
Italy_Veneto_EBA_Broion,45.47,11.55,site,"Grotta del Broion, Colli Berici, Vicenza, Veneto, Italy"
Italy_Veneto_IA-Roman_Republic_Cisalpine_Gaul_(Cenomani)_Verona,45.44,10.99,site,"Verona, Veneto, Italy"
Italy_Veneto_MBA_Olmo_di_Nogara,45.18,11.07,site,"Olmo di Nogara, Verona, Veneto, Italy"
Italy_Veneto_Mesolithic_Villabruna,46.07,11.9,site,"Riparo Villabruna, Sovramonte, Belluno, Veneto, Italy"
Italy_Veneto_UP_Epigravettian_Tagliente,45.6,10.97,site,"Riparo Tagliente, Stallavena, Verona, Veneto, Italy"
Itelmen,57.8,158.67,ethnic,"Tigil, Kamchatka, Russia"
Japan_IA_Okhotsk_Hamanaka,45.43,141.03,site,"Hamanaka, Rebun Island, Hokkaido, Japan"
Japan_Iwade_Late_Kofun,34.26,135.32,site,"Iwade, Wakayama, Japan"
Japan_Jomon_Early,36.5,138.5,country,Japan
Japan_Jomon_Initial,36.5,138.5,country,Japan
Japan_Jomon_Late,36.5,138.5,country,Japan
Japan_Jomon_Middle,36.5,138.5,country,Japan
Japan_Yayoi_Kuma-Nishioda,33.5,130.5,site,"Kuma-Nishioda, Chikushino, Fukuoka, Japan"
Japanese,35.68,139.69,country,"Tokyo, Japan"
Jarawa,12.0,92.8,ethnic,"South/Middle Andaman, Andaman Islands, India"
Javanese,-7.5,110.4,ethnic,"central Java, Indonesia"
Jehai,5.5,101.3,ethnic,"upper Perak, Malaysia"
Jingpo_China,24.44,98.58,ethnic,"Dehong prefecture, Yunnan, China"
Jola_Gambia,13.2,-16.3,ethnic,"Foni, western Gambia"
Jordan_EBA_'Ain_Ghazal_(Levant_EBA_South),31.98,35.98,site,"'Ain Ghazal, Amman, Jordan"
Jordan_LBA-IA_Baq'ah,32.1,35.85,site,"Baq'ah Valley, Jordan"
Jordan_LBA_Baq'ah,32.1,35.85,site,"Baq'ah Valley, Jordan"
Jordan_N_PPNB,31.98,35.98,region,"'Ain Ghazal, Amman, Jordan"
Jordan_N_PPNC,31.98,35.98,region,"'Ain Ghazal, Amman, Jordan"
Jordanian_Arab_Christian,31.95,35.93,country,"Amman, Jordan"
Jordanian_Arab_Muslim,31.95,35.93,country,"Amman, Jordan"
Ju/'hoansi,-19.6,20.5,ethnic,"Tsumkwe, Nyae Nyae, Namibia"
Juang,21.63,85.58,ethnic,"Keonjhar, Odisha, India"
Kaba,9.15,18.39,ethnic,"Sarh, Moyen-Chari, Chad"
Kabardino-Balkaria_EBA_Steppe_Maykop,43.7,43.8,region,"Kabardino-Balkaria piedmont steppe, Russia"
Kabardino-Balkaria_Eneolithic_Kurganniy_(Eneolithic_Piedmont_Steppe),43.7,43.8,guess,"Kurganniy, Kabardino-Balkaria, Russia"
Kabardino-Balkaria_Eneolithic_Nalchik_(Eneolithic_Piedmont_Steppe),43.48,43.61,site,"Nalchik, Kabardino-Balkaria, Russia"
Kabardino-Balkaria_IA_Sarmatian_Zolka,43.85,43.3,site,"Zolskaya, Kabardino-Balkaria, Russia"
Kabardino-Balkaria_LBA-EIA_Koban_Zayukovo-3,43.6,43.32,site,"Zayukovo, Baksan district, Kabardino-Balkaria, Russia"
Kabardino-Balkaria_MBA,43.5,43.6,region,"Kabardino-Balkaria, Russia"
Kadar,10.4,76.9,ethnic,"Anaimalai hills, Kerala/Tamil Nadu, India"
Kaitag,42.05,47.75,ethnic,"Kaitag district, Dagestan, Russia"
Kakwa,3.4,30.95,ethnic,"Koboko, northwestern Uganda"
Kalash,35.7,71.7,ethnic,"Kalash valleys, Chitral, Pakistan"
Kalmyk,46.31,44.27,region,"Elista, Kalmykia, Russia"
Kalmykia_Eneolithic_Sengeleevskiy,46.0,44.5,guess,"Kalmykia, Russia"
Kambera_Rindi,-9.8,120.4,site,"Rindi, East Sumba, Indonesia"
Kambera_Wunga,-9.7,120.3,site,"Wunga, East Sumba, Indonesia"
Kamchatka_Early_Modern,55.5,159.0,region,"Kamchatka, Russia"
Kanjar,26.8,80.9,guess,"Uttar Pradesh, India (itinerant Kanjar)"
Kannadi_Brahmin_Karnataka,14.5,75.7,region,"Karnataka, India"
Kapu,16.5,80.6,ethnic,"coastal Andhra Pradesh, India"
Karachay,43.77,41.91,region,"Karachayevsk, Karachay-Cherkessia, Russia"
Karachay-Cherkessia_Late_Antiquity-Early_Medieval_Alan,43.9,41.9,region,"Karachay-Cherkessia, Russia"
Karaite_Jew_Egypt,30.04,31.24,ethnic,"Cairo, Egypt"
Karaite_Jew_Iraq,33.34,44.4,guess,"Baghdad, Iraq"
Karakalpak,42.46,59.61,region,"Nukus, Karakalpakstan, Uzbekistan"
Karata,42.6,46.35,ethnic,"Karata, Akhvakh district, Dagestan, Russia"
Karelian,61.79,34.35,region,"Petrozavodsk, Karelia, Russia"
Karelian_Northern,65.2,31.17,district,"Kalevala, northern Karelia, Russia"
Karelian_Southeast_(Ludic),61.7,33.62,district,"Pryazha (Ludic area), Karelia, Russia"
Karelian_Southern,60.98,32.97,district,"Olonets, southern Karelia, Russia"
Karelian_Southwest_(Livvi),60.98,32.97,district,"Olonets (Livvi area), Karelia, Russia"
Karelian_Tver,57.13,35.47,district,"Likhoslavl, Tver Oblast, Russia"
Karen_S'gaw_Thailand,19.3,97.97,ethnic,"Mae Hong Son, Thailand"
Karitiana,-9.5,-63.6,ethnic,"Karitiana land, Rondonia, Brazil"
Kashmiri_Muslim,34.08,74.8,region,"Srinagar, Kashmir Valley, India"
Kashmiri_Muslim_Srinagar,34.08,74.8,site,"Srinagar, Kashmir, India"
Kashmiri_Pandit,34.08,74.8,ethnic,"Srinagar, Kashmir Valley, India"
Kashubian,54.33,18.2,region,"Kartuzy, Kashubia, Poland"
Kassena_Ghana,10.9,-1.09,ethnic,"Navrongo, Upper East Region, Ghana"
Kazakh,48.0,68.0,country,Kazakhstan
Kazakh_Gansu,39.63,94.34,district,"Aksai Kazakh Autonomous County, Gansu, China"
Kazakh_Kazakhstan,48.0,68.0,country,Kazakhstan
Kazakh_Kazakhstan_West,49.0,52.0,region,West Kazakhstan (Atyrau/Uralsk)
Kazakh_Russia_Omsk,54.99,73.37,district,"Omsk Oblast, Russia"
Kazakh_Xinjiang,43.91,81.32,district,"Yining, Ili, Xinjiang, China"
Kazakhstan_BA_Zevakinskiy,50.5,82.0,site,"Zevakino, Shemonaikha, East Kazakhstan"
Kazakhstan_CA_Botai,53.28,67.6,site,"Botai, Akmola Region, Kazakhstan"
Kazakhstan_EBA_Bestamak,52.0,63.7,site,"Bestamak, Kostanay Region, Kazakhstan"
Kazakhstan_EBA_Dali,45.3,79.1,site,"Dali, Dzhungar Alatau, Almaty Region, Kazakhstan"
Kazakhstan_EBA_Kumsay,48.6,58.5,guess,"Kumsay, Aktobe Region, Kazakhstan"
Kazakhstan_EBA_Yamnaya_Karagash,49.5,73.5,site,"Karagash, Karaganda Region, Kazakhstan"
Kazakhstan_EBA_Yamnaya_Mereke,50.5,57.5,guess,"Mereke, Aktobe Region, Kazakhstan"
Kazakhstan_EMBA_Gregorievka,49.6,83.3,site,"Grigorievka, East Kazakhstan"
Kazakhstan_EMBA_Sjolpan,49.5,82.5,guess,"Sholpan, East Kazakhstan"
Kazakhstan_Early-High_Medieval_Karakhanid_Butakty,43.2,76.95,site,"Butakty, Almaty, Kazakhstan"
Kazakhstan_Early-High_Medieval_Karluk_Butakty,43.2,76.95,site,"Butakty, Almaty, Kazakhstan"
Kazakhstan_Early-High_Medieval_Karluk_Period_Kayalyk,45.45,80.1,site,"Kayalyk (Koylyk), Almaty Region, Kazakhstan"
Kazakhstan_Early-High_Medieval_Nomad_Spartak,43.3,77.2,guess,"Spartak, Almaty Region, Kazakhstan"
Kazakhstan_Early_Medieval_Karluk_Butakty,43.2,76.95,site,"Butakty, Almaty, Kazakhstan"
Kazakhstan_Early_Medieval_Kimak_Grigorjevka,49.6,83.3,site,"Grigorievka, East Kazakhstan"
Kazakhstan_Early_Medieval_Nomad_Almaly,43.5,77.5,guess,"Almaly, Almaty Region, Kazakhstan"
Kazakhstan_Early_Medieval_Nomad_Issyk,43.35,77.45,site,"Issyk (Esik), Almaty Region, Kazakhstan"
Kazakhstan_Early_Medieval_Nomad_Spartak,43.3,77.2,guess,"Spartak, Almaty Region, Kazakhstan"
Kazakhstan_Early_Medieval_Sjauke,50.0,82.0,guess,"Shauke, East Kazakhstan"
Kazakhstan_Early_Medieval_Turk,48.0,68.0,country,Kazakhstan
Kazakhstan_Early_Medieval_Uygur_Period_Karakaba,49.0,86.0,site,"Karakaba, Katon-Karagai, East Kazakhstan"
Kazakhstan_Early_Modern_Kuygenzhar,51.2,71.5,site,"Kuygenzhar, near Astana, Kazakhstan"
Kazakhstan_High_Medieval-Early_Modern_Golden_Horde_Karasuyr,49.0,71.0,guess,"Karasuyr, Karaganda Region, Kazakhstan"
Kazakhstan_High_Medieval_Kipchak_Lisakovsk,52.53,62.5,site,"Lisakovsk, Kostanay Region, Kazakhstan"
Kazakhstan_High_Medieval_Kipchak_Nurataldy,49.3,74.0,guess,"Nurataldy, Karaganda Region, Kazakhstan"
Kazakhstan_High_Medieval_Nomad_Janaturmus,43.4,77.3,guess,"Zhanaturmys, Almaty Region, Kazakhstan"
Kazakhstan_IA_Chanchar,50.0,58.0,guess,"Chanchar, Aktobe Region, Kazakhstan"
Kazakhstan_IA_Georgievsky,49.3,81.6,guess,"Georgievka, East Kazakhstan"
Kazakhstan_IA_Kangju_Kaynarbulak,42.5,69.5,guess,"Kaynarbulak, Turkistan Region, Kazakhstan"
Kazakhstan_IA_Kangju_Kok-Mardan,42.8,68.3,site,"Kok-Mardan, Otrar oasis, Kazakhstan"
Kazakhstan_IA_Kangju_Konyr_Tobe,42.85,68.3,site,"Konyr Tobe, Otrar oasis, Kazakhstan"
Kazakhstan_IA_Kargaly,43.35,76.4,site,"Kargaly, Almaty Region, Kazakhstan"
Kazakhstan_IA_Kenjekol,52.3,77.0,site,"Kenzhekol, Pavlodar Region, Kazakhstan"
Kazakhstan_IA_Korgantas_Karaoba,49.0,74.0,guess,"Karaoba, Karaganda Region, Kazakhstan"
Kazakhstan_IA_Korgantas_Shiderti,51.7,74.8,site,"Shiderti, Pavlodar Region, Kazakhstan"
Kazakhstan_IA_Kyzylasker,43.5,78.5,guess,"Kyzylasker, Almaty Region, Kazakhstan"
Kazakhstan_IA_Mayemer,49.2,85.6,site,"Mayemer, Katon-Karagai, East Kazakhstan"
Kazakhstan_IA_Pazyryk_Berel,49.37,86.4,site,"Berel, East Kazakhstan"
Kazakhstan_IA_Saka_Caspan,45.0,79.5,guess,"Kaspan, Almaty Region, Kazakhstan"
Kazakhstan_IA_Sargat_Borovye,54.5,69.5,guess,"Borovoye, North Kazakhstan"
Kazakhstan_IA_Sarmatian_Aigyrly,50.0,56.0,guess,"Aigyrly, Aktobe Region, Kazakhstan"
Kazakhstan_IA_Sarmatian_Bestamak,52.0,63.7,site,"Bestamak, Kostanay Region, Kazakhstan"
Kazakhstan_IA_Sarmatian_Bisoba,50.2,57.2,guess,"Bisoba, Aktobe Region, Kazakhstan"
Kazakhstan_IA_Sarmatian_Chelkar,47.83,59.6,guess,"Shalkar (Chelkar), Aktobe Region, Kazakhstan"
Kazakhstan_IA_Sarmatian_Kaynbulak,50.0,57.5,guess,"Kaynbulak, Aktobe Region, Kazakhstan"
Kazakhstan_IA_Sarmatian_Krasnoselsky,51.0,51.5,guess,"Krasnoselsky, West Kazakhstan"
Kazakhstan_IA_Sarmatian_Naurzum,51.5,64.2,site,"Naurzum, Kostanay Region, Kazakhstan"
Kazakhstan_IA_Sarmatian_Sapibulak,50.3,57.0,guess,"Sapibulak, Aktobe Region, Kazakhstan"
Kazakhstan_IA_Sarmatian_Segizsay,49.5,56.0,guess,"Segizsay, Aktobe Region, Kazakhstan"
Kazakhstan_IA_Sarmatian_Tengyz,50.4,69.0,guess,"Tengiz Lake, Akmola Region, Kazakhstan"
Kazakhstan_IA_Sjauke,50.0,82.0,guess,"Shauke, East Kazakhstan"
Kazakhstan_IA_Tasbas,45.3,79.2,site,"Tasbas, Dzhungar Alatau, Almaty Region, Kazakhstan"
Kazakhstan_IA_Tasmola_37_Warriors,49.5,73.5,guess,"37 Warriors, Karaganda Region, Kazakhstan"
Kazakhstan_IA_Tasmola_Akbeit,49.0,74.0,guess,"Akbeit, Karaganda Region, Kazakhstan"
Kazakhstan_IA_Tasmola_Bektauta,47.2,74.8,site,"Bektau-Ata, Karaganda Region, Kazakhstan"
Kazakhstan_IA_Tasmola_Birlik,49.5,72.5,guess,"Birlik, Karaganda Region, Kazakhstan"
Kazakhstan_IA_Tasmola_Borli,49.5,73.0,guess,"Borli, Karaganda Region, Kazakhstan"
Kazakhstan_IA_Tasmola_Eleke_Sazy,47.5,82.5,site,"Eleke Sazy, Tarbagatai, East Kazakhstan"
Kazakhstan_IA_Tasmola_Karakemer,49.2,73.5,guess,"Karakemer, Karaganda Region, Kazakhstan"
Kazakhstan_IA_Tasmola_Karashoky,49.0,74.5,guess,"Karashoky, Karaganda Region, Kazakhstan"
Kazakhstan_IA_Tasmola_Karaterekh,49.2,73.8,guess,"Karaterekh, Karaganda Region, Kazakhstan"
Kazakhstan_IA_Tasmola_Kyzyl,49.3,73.5,guess,"Kyzyl, Karaganda Region, Kazakhstan"
Kazakhstan_IA_Tasmola_Kyzylshilik,49.5,74.0,guess,"Kyzylshilik, Karaganda Region, Kazakhstan"
Kazakhstan_IA_Tasmola_Nazar,49.0,74.0,guess,"Nazar, Karaganda Region, Kazakhstan"
Kazakhstan_IA_Tasmola_Nurken,49.3,74.5,guess,"Nurken, Karaganda Region, Kazakhstan"
Kazakhstan_IA_Tasmola_Serekty,49.2,73.2,guess,"Serekty, Karaganda Region, Kazakhstan"
Kazakhstan_IA_Tasmola_Shiderti,51.7,74.8,site,"Shiderti, Pavlodar Region, Kazakhstan"
Kazakhstan_IA_Tasmola_Taldy,48.7,73.0,site,"Taldy-2, Shet District, Karaganda Region, Kazakhstan"
Kazakhstan_IA_Tasmola_Zhartas,49.5,73.5,guess,"Zhartas, Karaganda Region, Kazakhstan"
Kazakhstan_IA_Turgen,43.4,77.6,site,"Turgen, Almaty Region, Kazakhstan"
Kazakhstan_IA_Xianbei-Hun_Berel,49.37,86.4,site,"Berel, East Kazakhstan"
Kazakhstan_IA_Xianbei-Hun_Gregorievka,49.6,83.3,site,"Grigorievka, East Kazakhstan"
Kazakhstan_IA_Xianbei-Hun_Komaricyno,50.5,83.0,guess,"Komaritsyno, East Kazakhstan"
Kazakhstan_IA_Zevakino-Chilikta_Ismailovo,49.7,82.9,guess,"Izmailovka, East Kazakhstan"
Kazakhstan_IA_Zevakino-Chilikta_Zevakino,50.6,81.9,site,"Zevakino, Shemonaikha District, East Kazakhstan"
Kazakhstan_LBA_Andronovo_Kyzyl,49.3,73.5,guess,"Kyzyl, Karaganda Region, Kazakhstan"
Kazakhstan_LBA_Chanchar,50.0,58.0,guess,"Chanchar, Aktobe Region, Kazakhstan"
Kazakhstan_LBA_Georgievsky,49.3,81.6,guess,"Georgievka, East Kazakhstan"
Kazakhstan_LBA_Katon_Karagai,49.17,85.6,site,"Katon-Karagai, East Kazakhstan"
Kazakhstan_LBA_Talapty,44.8,79.2,guess,"Talapty, Almaty Region, Kazakhstan"
Kazakhstan_LBA_Zevakinskiy,50.6,81.9,site,"Zevakino, East Kazakhstan"
Kazakhstan_Late_Antiquity_Aktas,43.5,77.8,guess,"Aktas, Almaty Region, Kazakhstan"
Kazakhstan_Late_Antiquity_Hun-Sarmatian-Early_Medieval_Kostanay,53.2,63.6,site,"Kostanay, Kazakhstan"
Kazakhstan_Late_Antiquity_Hun_Elite_Kurayly,50.4,57.3,guess,"Kurayly, Aktobe Region, Kazakhstan"
Kazakhstan_Late_Antiquity_Kangju_Kok-Mardan,42.8,68.3,site,"Kok-Mardan, Otrar oasis, Kazakhstan"
Kazakhstan_Late_Antiquity_Konyr_Tobe,42.85,68.3,site,"Konyr Tobe, Otrar oasis, Kazakhstan"
Kazakhstan_MBA_Kanai,50.5,82.5,guess,"Kanai, East Kazakhstan"
Kazakhstan_MBA_Mereke,50.5,57.5,guess,"Mereke, Aktobe Region, Kazakhstan"
Kazakhstan_MLBA_Ak-Moustafa,43.5,77.5,guess,"Ak-Mustafa, Almaty Region, Kazakhstan"
Kazakhstan_MLBA_Aktogai,46.95,79.68,site,"Aktogay, Karaganda Region, Kazakhstan"
Kazakhstan_MLBA_Alpamsa,43.6,78.0,guess,"Alpamsa, Almaty Region, Kazakhstan"
Kazakhstan_MLBA_Andronovo_(Alakul)_Maitan,49.5,72.5,site,"Maitan, Karaganda Region, Kazakhstan"
Kazakhstan_MLBA_Andronovo_(Alakul-Fedorovo)_Lisakovskiy,52.53,62.5,site,"Lisakovsk, Kostanay Region, Kazakhstan"
Kazakhstan_MLBA_Andronovo_(Nurtai)_Satan,49.0,74.0,guess,"Satan, Karaganda Region, Kazakhstan"
Kazakhstan_MLBA_Andronovo_Mitjurino,49.5,82.5,guess,"Mityurino, East Kazakhstan"
Kazakhstan_MLBA_Andronovo_Shoendykol,49.0,73.0,guess,"Shoindykol, Karaganda Region, Kazakhstan"
Kazakhstan_MLBA_Bylkyldak,49.5,73.0,guess,"Bylkyldak, Karaganda Region, Kazakhstan"
Kazakhstan_MLBA_Dali,45.3,79.1,site,"Dali, Dzhungar Alatau, Almaty Region, Kazakhstan"
Kazakhstan_MLBA_Kairan,45.0,79.0,guess,"Kairan, Almaty Region, Kazakhstan"
Kazakhstan_MLBA_Karagash,49.5,73.5,site,"Karagash, Karaganda Region, Kazakhstan"
Kazakhstan_MLBA_Kazakh_Mys,45.2,79.2,guess,"Kazakh Mys, Almaty Region, Kazakhstan"
Kazakhstan_MLBA_Kyzyl_Bulak,43.3,77.0,guess,"Kyzyl Bulak, Almaty Region, Kazakhstan"
Kazakhstan_MLBA_Oy-Dzhaylau,43.0,74.5,guess,"Oy-Dzhaylau, Zhambyl Region, Kazakhstan"
Kazakhstan_MLBA_Solyanka,52.0,63.0,guess,"Solyanka, Kostanay Region, Kazakhstan"
Kazakhstan_MLBA_Taldysay,48.2,68.5,guess,"Taldysay, Ulytau, Kazakhstan"
Kazakhstan_MLBA_Yelunin_Gregorievka,49.6,83.3,site,"Grigorievka, East Kazakhstan"
Kazakhstan_MLBA_Yelunin_Sjauke,50.0,82.0,guess,"Shauke, East Kazakhstan"
Kazakhstan_MLBA_Zevakinskiy,50.6,81.9,site,"Zevakino, East Kazakhstan"
Kenya_Early_Modern_Bungule_400BP,-3.4,38.5,site,"Bungule, Taita Hills, Kenya"
Kenya_Early_Modern_Faza_Swahili,-2.07,41.1,site,"Faza, Pate Island, Kenya"
Kenya_Early_Modern_Kakapel_300BP,0.5,34.3,site,"Kakapel Rockshelter, Busia County, Kenya"
Kenya_Early_Modern_Kilifi_400BP,-3.63,39.85,site,"Kilifi, Kenya"
Kenya_Early_Modern_Mtwapa_Swahili,-3.95,39.75,site,"Mtwapa, Kenya"
Kenya_Early_Pastoral_N,-0.5,36.0,region,"Central Rift Valley, Kenya"
Kenya_High_Medieval_Kakapel_900BP,0.5,34.3,site,"Kakapel Rockshelter, Busia County, Kenya"
Kenya_IA_Deloraine,-0.15,35.85,site,"Deloraine, Rongai, Kenya"
Kenya_LSA_Jawuoyo,-0.3,34.7,site,"Jawuoyo Rockshelter, Nyanza, Kenya"
Kenya_LSA_Kakapel_3900BP,0.5,34.3,site,"Kakapel Rockshelter, Busia County, Kenya"
Kenya_LSA_Nyarindi_3500BP,-0.5,34.5,guess,"Nyarindi Rockshelter, Nyanza, Kenya"
Kenya_Late_Medieval-Early_Modern_Makwasinyi_Swahili,-3.5,38.6,guess,"Makwasinyi, Taita, Kenya"
Kenya_Late_Medieval-Early_Modern_Manda_Swahili,-2.25,40.95,site,"Manda Island, Lamu, Kenya"
Kenya_Pastoral_IA,-0.5,36.0,region,"Central Rift Valley, Kenya"
Kenya_Pastoral_N,-0.5,36.0,region,"Central Rift Valley, Kenya"
Kenya_Pastoral_N_Elmenteitan,-0.5,36.2,region,"Elmenteita, Rift Valley, Kenya"
Kenya_Pastoral_N_Hyrax_Hill_2300BP,-0.3,36.1,site,"Hyrax Hill, Nakuru, Kenya"
Kenya_Pastoral_N_Lukenya_Hill_3500BP,-1.45,37.05,site,"Lukenya Hill, Kenya"
Kenya_Pastoral_N_Molo_Cave_1500BP,-0.25,35.75,site,"Molo Cave, Kenya"
Kenyan_Bantu,-0.5,37.0,region,central Kenya
Ket,65.8,87.95,ethnic,"Turukhansk, middle Yenisei, Krasnoyarsk Krai, Russia"
Khakass,53.72,91.44,region,"Abakan, Khakassia, Russia"
Khakass_Kachins,53.9,91.0,district,"Kachin lands, central Khakassia, Russia"
Khakass_Koibals,53.2,91.0,district,"Beya district (Koibal steppe), Khakassia, Russia"
Khakass_Kyzils,55.0,89.5,district,"Ordzhonikidzevsky district, northern Khakassia, Russia"
Khakass_Sagai,53.14,90.53,district,"Askiz, Khakassia, Russia"
Khakassia_BA_Karasuk,53.5,91.0,region,"Minusinsk Basin, Khakassia, Russia"
Khakassia_BA_Okunevo,53.5,91.0,region,"Minusinsk Basin, Khakassia, Russia"
Khakassia_EBA_Afanasievo,53.5,91.0,region,"Minusinsk Basin, Khakassia, Russia"
Khakassia_IA_Sabinka,53.0,91.0,guess,"Sabinka, Khakassia, Russia"
Khakassia_IA_Tashtyk_Oglakhty,53.9,91.4,site,"Oglakhty, Khakassia, Russia"
Khakassia_LBA-EIA_Tagar,53.5,91.0,region,"Minusinsk Basin, Khakassia, Russia"
Khamnegan,50.0,116.0,ethnic,"Onon/Argun borderlands, Zabaykalsky Krai / Hulunbuir"
Khanty,61.0,69.0,ethnic,"Khanty-Mansiysk, Russia"
Khanty_Obdorsk,66.53,66.6,site,"Salekhard (Obdorsk), Yamalo-Nenets, Russia"
Khas_Brahmin_Nepal,28.5,82.0,ethnic,"mid-western hills, Nepal"
Khas_Dalit_Damai_Nepal,28.5,82.0,ethnic,"mid-western hills, Nepal"
Khas_Nepal,28.5,82.0,ethnic,"mid-western hills, Nepal"
Khmer_Cambodia,11.55,104.92,country,"Phnom Penh, Cambodia"
Khmer_Thailand,14.88,103.49,district,"Surin, northeastern Thailand"
Kho,35.85,71.79,ethnic,"Chitral, Khyber Pakhtunkhwa, Pakistan"
Khomani_San,-26.5,20.6,ethnic,"Kalahari, Northern Cape, South Africa"
Khonda_Dora,18.5,83.2,ethnic,"Vizianagaram hills, Andhra Pradesh, India"
Kikuyu,-0.42,36.95,ethnic,"Nyeri, central Kenya"
Kilis_EBA_Oylum_Hoyuk,36.7,37.15,site,"Oylum Hoyuk, Kilis, Turkey"
Kilis_Early-High_Medieval,36.72,37.12,district,"Kilis, Turkey"
Kilis_Early_Medieval,36.72,37.12,district,"Kilis, Turkey"
Kilis_MBA_Oylum_Hoyuk,36.7,37.15,site,"Oylum Hoyuk, Kilis, Turkey"
Kinh,21.03,105.85,country,"Hanoi, Vietnam"
Kohistani,35.3,73.0,ethnic,"Kohistan, Khyber Pakhtunkhwa, Pakistan"
Koinanbe,-5.4,144.6,site,"Koinambe, Jimi Valley, Jiwaka, Papua New Guinea"
Kol,24.5,81.3,ethnic,"Rewa area, Madhya Pradesh, India"
Kom,24.6,93.8,ethnic,"Manipur, India"
Komi,61.67,50.81,region,"Syktyvkar, Komi Republic, Russia"
Komi_Zyrian_Siberia,63.0,70.0,guess,"Komi settlers in western Siberia (Ob basin), Russia"
Kongo_Republic_of_the_Congo,-4.27,15.28,ethnic,"Brazzaville, Republic of the Congo"
Konkani_Christian_Catholic,15.3,74.0,ethnic,"Goa, India"
Korea_BA_Taejungni,37.5,127.5,guess,"Taejung-ni, Korea"
Korea_EN_Early_Chulmun_Ando,34.6,127.6,site,"Ando Island, Yeosu, South Korea"
Korea_EN_Early_Chulmun_Changhang,35.05,128.8,site,"Janghang, Gadeok Island, Busan, South Korea"
Korea_EN_Early_Chulmun_Yondaedo,34.75,128.4,site,"Yeondaedo, Tongyeong, South Korea"
Korea_MN_Middle_Chulmun_Yokchido,34.63,128.28,site,"Yokjido, Tongyeong, South Korea"
Korea_Three_Kingdoms_Daeseong-dong,35.24,128.87,site,"Daeseong-dong, Gimhae, South Korea"
Korea_Three_Kingdoms_Dangbuk-ri,35.7,128.7,guess,"Dangbuk-ri, Gyeongsang, South Korea"
Korea_Three_Kingdoms_Yuha-ri,35.2,128.85,site,"Yuha-ri, Gimhae, South Korea"
Korean,37.57,126.98,country,"Seoul, South Korea"
Korean_Yanbian_Antu,43.11,128.9,site,"Antu County, Yanbian, Jilin, China"
Korwa,23.2,83.2,ethnic,"Jharkhand/Chhattisgarh border, India"
Koryak,59.09,159.95,ethnic,"Palana, Kamchatka, Russia"
Koryak_(European-Mixed),59.09,159.95,ethnic,"Palana, Kamchatka, Russia"
Kosipe,-8.43,147.2,site,"Kosipe, Goilala, Central Province, Papua New Guinea"
Krasnodar_EBA_Yamnaya,45.0,39.0,region,"Krasnodar Krai, Russia"
Krasnodar_Early_Medieval_Khazar_Khaganate_Anapa,44.9,37.3,site,"Anapa, Krasnodar Krai, Russia"
Krasnodar_High_Medieval_Anapa,44.9,37.3,site,"Anapa, Krasnodar Krai, Russia"
Krasnodar_LBA_Dolmen_Marchenkova_Gora,44.7,38.0,guess,"Marchenkova Gora, Krasnodar Krai, Russia"
Krasnodar_MBA_Catacomb,45.0,39.5,region,"Krasnodar Krai, Russia"
Krasnodar_MBA_Kubano-Tersk_Late,44.5,40.5,region,"Kuban, Krasnodar Krai, Russia"
Krasnodar_MLBA_Srubnaya_Kravchenko,45.0,39.0,guess,"Kravchenko, Krasnodar Krai, Russia"
Krasnodar_Mesolithic_(EHG),44.5,40.0,guess,"Krasnodar Krai, Russia"
Krasnoyarsk_BA_Nefteprovod,56.0,95.5,guess,"Nefteprovod, Kansk area, Krasnoyarsk Krai, Russia"
Krasnoyarsk_BA_Okunevo,54.0,91.5,region,"southern Krasnoyarsk Krai, Russia"
Krasnoyarsk_EBA_Afanasievo,54.0,91.5,region,"southern Krasnoyarsk Krai, Russia"
Krasnoyarsk_EBA_Bazaikha,55.97,92.85,site,"Bazaikha, Krasnoyarsk, Russia"
Krasnoyarsk_LBA_Afontova_Gora,55.99,92.8,site,"Afontova Gora, Krasnoyarsk, Russia"
Krasnoyarsk_LBA_Bazaikha,55.97,92.85,site,"Bazaikha, Krasnoyarsk, Russia"
Krasnoyarsk_LN_Isakovo-Serovo_Dolgoe_Ozero,56.0,93.0,guess,"Dolgoe Ozero, Krasnoyarsk Krai, Russia"
Krasnoyarsk_MLBA_Andronovo_Orak,55.0,91.0,guess,"Orak, Krasnoyarsk Krai, Russia"
Krasnoyarsk_MLBA_Andronovo_Potroshilovo,53.7,91.9,guess,"Potroshilovo, Minusinsk, Krasnoyarsk Krai, Russia"
Krasnoyarsk_MLBA_Andronovo_Ust-Bir,54.3,91.0,guess,"Ust-Byur, Khakassia, Russia"
Krasnoyarsk_UP_Afontova_Gora,55.99,92.8,site,"Afontova Gora, Krasnoyarsk, Russia"
Kubachinian,42.1,47.6,site,"Kubachi, Dakhadayevsky district, Dagestan, Russia"
Kuban_Cossack,45.04,38.98,region,"Krasnodar, Kuban, Russia"
Kuki,24.33,93.68,ethnic,"Churachandpur, Manipur, India"
Kumaoni_Brahmin,29.6,79.66,region,"Almora, Kumaon, Uttarakhand, India"
Kumyk,42.98,47.5,ethnic,"Makhachkala, Dagestan, Russia"
Kumyk_Stalskoe,43.15,46.9,site,"Stalskoye, Kizilyurt district, Dagestan, Russia"
Kurdish,37.0,43.5,ethnic,Kurdistan (Turkey/Iraq/Iran borderlands)
Kurdish_Feyli,34.35,45.39,ethnic,"Khanaqin, Diyala, Iraq"
Kurdish_Iran_Kermanshah,34.31,47.07,district,"Kermanshah, Iran"
Kurdish_Iraq,36.19,44.01,region,"Erbil, Iraqi Kurdistan"
Kurdish_Jew,37.14,42.68,ethnic,"Zakho, Duhok, Iraq"
Kurdish_Kurmanji_Azerbaijan,39.64,46.55,district,"Lachin/Kalbajar area, Azerbaijan"
Kurdish_Kurmanji_Iran_West_Azerbaijan_Urmia,37.55,45.07,district,"Urmia, West Azerbaijan, Iran"
Kurdish_Kurmanji_Iraq,36.87,42.99,region,"Duhok, Iraqi Kurdistan"
Kurdish_Kurmanji_Iraq_Duhok,36.87,42.99,district,"Duhok, Iraqi Kurdistan"
Kurdish_Kurmanji_Syria,37.05,41.22,region,"Qamishli, Al-Hasakah, Syria"
Kurdish_Kurmanji_Syria_Afrin,36.51,36.87,district,"Afrin, Aleppo, Syria"
Kurdish_Kurmanji_Syria_Al-Hasakah,36.5,40.75,district,"Al-Hasakah, Syria"
Kurdish_Kurmanji_Syria_Qamishli,37.05,41.22,site,"Qamishli, Al-Hasakah, Syria"
Kurdish_Kurmanji_Turkey,37.91,40.24,region,"Diyarbakir, southeastern Turkey"
Kurdish_Kurmanji_Turkey_Adiyaman,37.76,38.28,district,"Adiyaman, Turkey"
Kurdish_Kurmanji_Turkey_Ankara,39.93,32.86,district,"Ankara, Turkey"
Kurdish_Kurmanji_Turkey_Ardahan,41.11,42.7,district,"Ardahan, Turkey"
Kurdish_Kurmanji_Turkey_Bingol,38.89,40.5,district,"Bingol, Turkey"
Kurdish_Kurmanji_Turkey_Bitlis,38.4,42.11,district,"Bitlis, Turkey"
Kurdish_Kurmanji_Turkey_Corum,40.55,34.95,district,"Corum, Turkey"
Kurdish_Kurmanji_Turkey_Dersim,39.11,39.55,district,"Tunceli (Dersim), Turkey"
Kurdish_Kurmanji_Turkey_Diyarbakir,37.91,40.24,district,"Diyarbakir, Turkey"
Kurdish_Kurmanji_Turkey_Elazig,38.68,39.22,district,"Elazig, Turkey"
Kurdish_Kurmanji_Turkey_Erzincan,39.75,39.49,district,"Erzincan, Turkey"
Kurdish_Kurmanji_Turkey_Gumushane,40.46,39.48,district,"Gumushane, Turkey"
Kurdish_Kurmanji_Turkey_Hakkari,37.58,43.74,district,"Hakkari, Turkey"
Kurdish_Kurmanji_Turkey_Igdir,39.92,44.04,district,"Igdir, Turkey"
Kurdish_Kurmanji_Turkey_Kahramanmaras,37.58,36.93,district,"Kahramanmaras, Turkey"
Kurdish_Kurmanji_Turkey_Kayseri,38.73,35.49,district,"Kayseri, Turkey"
Kurdish_Kurmanji_Turkey_Konya,37.87,32.48,district,"Konya, Turkey"
Kurdish_Kurmanji_Turkey_Malatya,38.35,38.31,district,"Malatya, Turkey"
Kurdish_Kurmanji_Turkey_Mardin,37.31,40.74,district,"Mardin, Turkey"
Kurdish_Kurmanji_Turkey_Sanliurfa,37.16,38.79,district,"Sanliurfa, Turkey"
Kurdish_Kurmanji_Turkey_Siirt,37.93,41.94,district,"Siirt, Turkey"
Kurdish_Kurmanji_Turkey_Sivas,39.75,37.02,district,"Sivas, Turkey"
Kurdish_Kurmanji_Turkey_Van,38.49,43.38,district,"Van, Turkey"
Kurdish_Sorani_Iran_Kermanshah,34.31,47.07,district,"Kermanshah, Iran"
Kurdish_Sorani_Iran_Kordestan,35.31,46.99,district,"Sanandaj, Kordestan, Iran"
Kurdish_Sorani_Iran_West_Azerbaijan,36.76,45.72,district,"Mahabad, West Azerbaijan, Iran"
Kurdish_Sorani_Iraq_Erbil,36.19,44.01,district,"Erbil, Iraqi Kurdistan"
Kurdish_Sorani_Iraq_Sulaymaniyah,35.56,45.44,district,"Sulaymaniyah, Iraqi Kurdistan"
Kurdish_Turkey_Dersim,39.11,39.55,district,"Tunceli (Dersim), Turkey"
Kurdish_Zaza,39.0,39.9,ethnic,"Dersim/Bingol Zaza area, eastern Turkey"
Kurdish_Zaza_Bingol,38.89,40.5,district,"Bingol, Turkey"
Kurdish_Zaza_Dersim,39.11,39.55,district,"Tunceli (Dersim), Turkey"
Kurdish_Zaza_Diyarbakir,37.91,40.24,district,"Diyarbakir, Turkey"
Kurdish_Zaza_Elazig,38.68,39.22,district,"Elazig, Turkey"
Kurdish_Zaza_Erzincan,39.75,39.49,district,"Erzincan, Turkey"
Kurdish_Zaza_Mardin,37.31,40.74,district,"Mardin, Turkey"
Kurdish_Zaza_Mus,38.73,41.49,district,"Mus, Turkey"
Kurdish_Zaza_Sanliurfa,37.16,38.79,district,"Sanliurfa, Turkey"
Kurgan_IA_Sargat_Shadrinsk,56.08,63.63,site,"Shadrinsk, Kurgan Oblast, Russia"
Kurgan_IA_Sargat_Shmakovo,55.5,65.0,guess,"Shmakovo, Kurgan Oblast, Russia"
Kurichiya_Brahmin,11.7,76.1,ethnic,"Wayanad, Kerala, India"
Kurumba,11.4,76.7,ethnic,"Nilgiris, Tamil Nadu, India"
Kusunda,28.0,82.3,ethnic,"Dang/Gorkha area, western Nepal"
Kuwaiti_Arab,29.37,47.98,country,"Kuwait City, Kuwait"
Kuwaiti_Arab_Al-Awazem,29.3,48.0,ethnic,Kuwait (Al-Awazem tribe)
Kuy_Thailand,15.0,104.0,ethnic,"Surin/Sisaket, northeastern Thailand"
Kwangali_Namibia,-17.93,19.77,ethnic,"Rundu, Kavango, Namibia"
Kyrgyz,41.5,74.8,country,Kyrgyzstan
Kyrgyz_Bishkek,42.87,74.59,site,"Bishkek, Kyrgyzstan"
Kyrgyz_China,39.71,76.17,district,"Artux, Kizilsu Kyrgyz prefecture, Xinjiang, China"
Kyrgyz_Tajikistan,38.17,73.97,district,"Murghab, Gorno-Badakhshan, Tajikistan"
Kyrgyzstan_BA_Aigyrzhal,41.4,76.0,site,"Aigyrzhal, Naryn, Kyrgyzstan"
Kyrgyzstan_Early-Late_Modern_Nomad_Tian_Shan,42.0,76.0,region,"Tian Shan, Kyrgyzstan"
Kyrgyzstan_Early_Medieval_Turk,42.0,75.0,country,Kyrgyzstan
Kyrgyzstan_Early_Medieval_Uygur_Period_Chilpek,42.5,78.4,site,"Chilpek, Issyk-Kul, Kyrgyzstan"
Kyrgyzstan_High-Late_Medieval_Burana,42.75,75.25,site,"Burana, Chuy, Kyrgyzstan"
Kyrgyzstan_High-Late_Medieval_Kara-Djigach,42.8,75.5,site,"Kara-Djigach, Chuy, Kyrgyzstan"
Kyrgyzstan_High_Medieval_Nomad,42.0,75.0,country,Kyrgyzstan
Kyrgyzstan_IA_Baskya,42.3,77.5,guess,"Baskiya, Issyk-Kul, Kyrgyzstan"
Kyrgyzstan_IA_Japyryk,41.5,75.5,guess,"Japyryk, Naryn, Kyrgyzstan"
Kyrgyzstan_IA_Korgantas_Bidayk,42.0,76.0,guess,"Bidayk, Kyrgyzstan"
Kyrgyzstan_IA_Saka_Alai_Nura,39.7,72.5,guess,"Alai Valley, Kyrgyzstan"
Kyrgyzstan_IA_Saka_Baskiya,42.3,77.5,guess,"Baskiya, Issyk-Kul, Kyrgyzstan"
Kyrgyzstan_IA_Saka_Chilpek,42.5,78.4,site,"Chilpek, Issyk-Kul, Kyrgyzstan"
Kyrgyzstan_IA_Saka_Keden,42.6,78.0,guess,"Keden, Issyk-Kul, Kyrgyzstan"
Kyrgyzstan_IA_Saka_Ken-Su,42.6,78.6,guess,"Ken-Su, Issyk-Kul, Kyrgyzstan"
Kyrgyzstan_IA_Uch-Kurbu,42.5,77.3,guess,"Uch-Kurbu, Issyk-Kul, Kyrgyzstan"
Kyrgyzstan_Late_Antiquity_Alai_Nura,39.7,72.5,guess,"Alai Valley, Kyrgyzstan"
Kyrgyzstan_Late_Antiquity_Baskya,42.3,77.5,guess,"Baskiya, Issyk-Kul, Kyrgyzstan"
Kyrgyzstan_Late_Antiquity_Keden,42.6,78.0,guess,"Keden, Issyk-Kul, Kyrgyzstan"
Kyrgyzstan_Late_Antiquity_Uch-Kurbu,42.5,77.3,guess,"Uch-Kurbu, Issyk-Kul, Kyrgyzstan"
Laal,9.3,18.0,ethnic,"Gori/Damtar, Moyen-Chari, Chad"
Lahu,22.56,99.93,ethnic,"Lancang Lahu county, Yunnan, China"
Lak,42.17,47.12,ethnic,"Kumukh, Lak district, Dagestan, Russia"
Lak_Iran,33.8,47.6,ethnic,"Lorestan (Laki area), Iran"
Lak_Iraq,34.35,45.39,guess,"Khanaqin area, eastern Iraq"
Lak_Turkey,37.5,41.0,guess,southeastern Turkey
Laka,9.4,16.3,ethnic,"Lai area, Tandjile/Logone, Chad"
Lamaholot_Flores_Bama,-8.35,122.9,site,"Bama, East Flores, Indonesia"
Lamaholot_Lembata_Hadakewa,-8.35,123.4,site,"Hadakewa, Lembata, Indonesia"
Lao,17.97,102.6,country,"Vientiane, Laos"
Laos_BA_Tam_Hang,20.3,103.9,site,"Tam Hang, Houaphanh, Laos"
Laos_Hoabinhian,20.3,103.9,guess,"Houaphanh, Laos"
Laos_LNBA_Tam_Pa_Ping,20.2,103.4,site,"Tam Pa Ping, Houaphanh, Laos"
Laos_Unknown_Provenance,18.0,103.5,country,Laos
Latvia_BA,57.0,25.0,country,Latvia
Latvia_Corded_Ware_Early,57.0,25.0,country,Latvia
Latvia_LN_Rinnukalns,57.6,25.05,site,"Rinnukalns, Latvia"
Latvia_MN_Zvejnieki,57.7,25.15,site,"Zvejnieki, Latvia"
Latvia_Mesolithic-N_Zvejnieki,57.7,25.15,site,"Zvejnieki, Latvia"
Latvia_Mesolithic_Kunda_Zvejnieki,57.7,25.15,site,"Zvejnieki, Latvia"
Latvia_Mesolithic_Narva_Zvejnieki,57.7,25.15,site,"Zvejnieki, Latvia"
Latvia_Mesolithic_Zvejnieki,57.7,25.15,site,"Zvejnieki, Latvia"
Latvia_N_Zvejnieki,57.7,25.15,site,"Zvejnieki, Latvia"
Latvian,56.95,24.11,country,"Riga, Latvia"
Lawa,18.5,98.3,ethnic,"Bo Luang, Chiang Mai/Mae Hong Son, Thailand"
Laz,41.18,40.88,ethnic,"Pazar/Rize, Black Sea coast, Turkey"
Lebanese_Arab_Christian,33.89,35.5,country,"Beirut, Lebanon"
Lebanese_Arab_Christian_Dinniyeh,34.35,36.05,district,"Dinniyeh, North Lebanon"
Lebanese_Arab_Christian_Greek_Orthodox,33.89,35.5,country,"Beirut, Lebanon"
Lebanese_Arab_Christian_Greek_Orthodox_Akkar,34.55,36.2,district,"Akkar, North Lebanon"
Lebanese_Arab_Christian_Greek_Orthodox_Beirut,33.89,35.5,site,"Beirut, Lebanon"
Lebanese_Arab_Christian_Greek_Orthodox_Koura,34.33,35.83,district,"Koura, North Lebanon"
Lebanese_Arab_Christian_Greek_Orthodox_Zgharta,34.4,35.9,district,"Zgharta, North Lebanon"
Lebanese_Arab_Christian_Maronite,34.0,35.75,region,"Mount Lebanon, Lebanon"
Lebanese_Arab_Christian_Maronite_Zgharta,34.4,35.9,district,"Zgharta, North Lebanon"
Lebanese_Arab_Christian_Melkite_Greek_Catholic,33.85,35.9,district,"Zahle, Beqaa, Lebanon"
Lebanese_Arab_Muslim,33.85,35.6,country,Lebanon
Lebanese_Arab_Muslim_Shia,33.5,35.5,region,South Lebanon (Shia areas)
Lebanese_Arab_Muslim_Shia_Beirut,33.87,35.51,site,"Beirut (southern suburbs), Lebanon"
Lebanese_Arab_Muslim_Shia_Nabatieh,33.38,35.48,district,"Nabatieh, South Lebanon"
Lebanese_Arab_Muslim_Sunni_Beirut,33.89,35.5,site,"Beirut, Lebanon"
Lebanese_Arab_Muslim_Sunni_Dinniyeh,34.4,36.05,district,"Dinniyeh, North Governorate, Lebanon"
Lebanese_Arab_Muslim_Sunni_Koura,34.35,35.83,district,"Koura District, North Lebanon"
Lebanese_Arab_Muslim_Sunni_Tripoli,34.44,35.84,site,"Tripoli, Lebanon"
Lebanese_Arab_Muslim_Sunni_Zgharta,34.4,35.9,district,"Zgharta, North Lebanon"
Lebanon_Early_Medieval_Chhim,33.6,35.5,site,"Chhim, Lebanon"
Lebanon_Hellenistic-Roman_Empire_Beirut,33.89,35.5,site,"Beirut, Lebanon"
Lebanon_Hellenistic_Beirut,33.89,35.5,site,"Beirut, Lebanon"
Lebanon_High_Medieval,33.9,35.5,country,Lebanon
Lebanon_IAIII_Beirut,33.89,35.5,site,"Beirut, Lebanon"
Lebanon_IAII_Beirut,33.89,35.5,site,"Beirut, Lebanon"
Lebanon_Late_Antiquity-Early_Medieval_(Byzantine)_Chhim,33.6,35.5,site,"Chhim, Lebanon"
Lebanon_Late_Antiquity-Early_Medieval_(Byzantine)_Ej-Jaouze,33.95,35.8,guess,"Ej-Jaouze, Mount Lebanon"
Lebanon_Late_Antiquity-Early_Medieval_(Byzantine)_Qornet_ed-Deir,34.0,35.9,guess,"Qornet ed-Deir, Mount Lebanon"
Lebanon_Late_Antiquity-Early_Medieval_(Byzantine-Rashidun)_Ej-Jaouze,33.95,35.8,guess,"Ej-Jaouze, Mount Lebanon"
Lebanon_Late_Antiquity_Qornet_ed-Deir,34.0,35.9,guess,"Qornet ed-Deir, Mount Lebanon"
Lebanon_MBA_Sidon_Canaanite,33.56,35.37,site,"Sidon, Lebanon"
Lebanon_Roman_Empire-Early_Medieval_(Byzantine)_Qornet_ed-Deir,34.0,35.9,guess,"Qornet ed-Deir, Mount Lebanon"
Lebanon_Roman_Republic-Empire_Beirut,33.89,35.5,site,"Beirut, Lebanon"
Lebbo,1.1,116.6,ethnic,"Lebbo' area, East Kalimantan, Indonesia"
Lemande,4.75,11.3,ethnic,"Nomaande (Lemande) area, Mbam, Centre Region, Cameroon"
Lezgin,41.7,47.9,ethnic,"Lezgin lands, southern Dagestan / northern Azerbaijan"
Li,18.9,109.5,ethnic,"Li homeland, central Hainan, China"
Liangdao_N,26.3,120.5,site,"Liang Island, Matsu, Taiwan"
Libya_N_Saharan_Pastoral_Takarkori,24.9,10.4,site,"Takarkori, Acacus, Libya"
Libyan_Arab,32.6,13.2,country,Libya (Tripolitania)
Libyan_Arab_Tripoli,32.89,13.19,site,"Tripoli, Libya"
Libyan_Jew,32.89,13.19,ethnic,"Tripoli, Libya"
Lithuania_BA,55.5,24.0,country,Lithuania
Lithuania_Corded_Ware,55.5,24.0,country,Lithuania
Lithuania_Corded_Ware_Early,55.5,24.0,country,Lithuania
Lithuania_EMN_Narva,55.5,24.0,country,Lithuania
Lithuania_Late_Antiquity-Early_Medieval_Berciunai,55.65,24.2,guess,"Berciunai, Panevezys, Lithuania"
Lithuania_Late_Antiquity-Early_Medieval_Marvele,54.87,23.87,site,"Marvele, Kaunas, Lithuania"
Lithuania_Late_Antiquity_East_Lithuanian_Barrow_Bailuliai,55.3,25.5,guess,"Bailuliai, eastern Lithuania"
Lithuania_Mesolithic,55.5,24.0,country,Lithuania
Lithuanian,55.3,23.9,country,Lithuania
Lithuanian_East_Aukstaitija,55.3,25.6,district,"East Aukstaitija (Ignalina area), Lithuania"
Lithuanian_North_Zemaitija,56.2,22.3,district,"North Samogitia (Mazeikiai area), Lithuania"
Lithuanian_South_Aukstaitija,54.7,24.6,district,"South Aukstaitija (Alytus area), Lithuania"
Lithuanian_South_Zemaitija,55.25,22.3,district,"South Samogitia (Taurage area), Lithuania"
Lithuanian_West_Aukstaitija,55.4,23.7,district,"West Aukstaitija (Kedainiai area), Lithuania"
Lithuanian_West_Zemaitija,55.9,21.6,district,"West Samogitia (Plunge-Kretinga), Lithuania"
Luhya,0.28,34.75,ethnic,"Kakamega, western Kenya"
Luo_Kenya,-0.09,34.77,ethnic,"Kisumu, Nyanza, Kenya"
Lur,33.49,48.36,ethnic,"Khorramabad, Lorestan, Iran"
Luxembourg_Bell_Beaker,49.75,6.1,country,Luxembourg
Luxembourg_Mesolithic_Loschbour,49.78,6.2,site,"Loschbour, Luxembourg"
Maba,13.83,20.83,ethnic,"Abeche, Ouaddai, Chad"
Macedonian_North_Macedonia,41.6,21.75,country,North Macedonia
Mada,8.75,8.6,ethnic,"Mada area, Nasarawa State, Nigeria"
Madhesi_Brahmin,26.8,85.9,region,"Terai (Madhesh), southern Nepal"
Madiga_Andhra_Pradesh,15.9,79.74,region,"Andhra Pradesh, India"
Magadan_BA_Ol'skaia,59.6,151.3,site,"Ola, Magadan Oblast, Russia"
Magar,28.2,83.2,ethnic,"Magar homeland, western hills, Nepal"
Makhuwa,-15.12,39.27,ethnic,"Nampula, northern Mozambique"
Makrani,25.3,63.0,ethnic,"Makran coast, Balochistan, Pakistan"
Malagasy_Mikea,-22.2,43.5,ethnic,"Mikea Forest, southwest Madagascar"
Malagasy_Sofia,-14.87,47.98,district,"Sofia Region (Antsohihy), Madagascar"
Malagasy_Temoro,-22.13,48.02,ethnic,"Antemoro country (Manakara), southeast Madagascar"
Malagasy_Toliara,-23.35,43.67,site,"Toliara, Madagascar"
Malagasy_Vezo,-22.5,43.3,ethnic,"Vezo coast, southwest Madagascar"
Malawi_Chencherere_5200BP,-14.3,34.3,site,"Chencherere, Dedza, Malawi"
Malawi_Fingira_2500BP,-10.6,33.8,site,"Fingira, Nyika Plateau, Malawi"
Malawi_Fingira_6100BP,-10.6,33.8,site,"Fingira, Nyika Plateau, Malawi"
Malawi_Hora_14000BP,-11.9,33.6,site,"Hora, Mzimba, Malawi"
Malawi_Hora_8100BP,-11.9,33.6,site,"Hora, Mzimba, Malawi"
Malawi_Hora_8500BP,-11.9,33.6,site,"Hora, Mzimba, Malawi"
Malay_Malaysia,3.14,101.69,country,"Kuala Lumpur, Malaysia"
Malay_Singapore,1.35,103.82,country,Singapore
Malayali_Brahmin_Nambudiri,10.53,76.21,region,"Nambudiri heartland (Thrissur), Kerala, India"
Malayali_Christian,9.59,76.52,region,"Kottayam, Kerala, India"
Malayali_Christian_Knanaya,9.59,76.52,region,"Kottayam, Kerala, India"
Malayali_Christian_Nasrani,9.59,76.52,region,"Kottayam, Kerala, India"
Malayali_Christian_Roman_Catholic,9.98,76.28,region,"Ernakulam, Kerala, India"
Malayali_Ezhava,9.9,76.5,ethnic,"Central Kerala, India"
Malayali_Muslim,11.25,75.78,region,"Malabar (Kozhikode), Kerala, India"
Malayali_Nair,10.0,76.5,ethnic,"Central Kerala, India"
Malayali_Nair_Bania_Chettiar,10.0,76.5,guess,"Central Kerala, India"
Malayali_Nair_Maniyani,11.87,75.37,region,"North Malabar (Kannur), Kerala, India"
Malayali_Nair_Nambiar,11.87,75.37,region,"North Malabar (Kannur), Kerala, India"
Malayali_Poduval,11.7,75.6,guess,"North Malabar, Kerala, India"
Malayali_Thiyya,11.5,75.7,ethnic,"North Malabar (Kozhikode-Kannur), Kerala, India"
Malayali_Vishwakarma,10.5,76.3,ethnic,"Kerala, India"
Malayan,10.5,76.6,ethnic,"Malayan tribal area, eastern Kerala, India"
Malaysia_Early_Modern,3.1,101.7,country,Malaysia
Malaysia_Hoabinhian,5.0,101.5,guess,"Kelantan, Malaysia"
Malaysia_LN_Gua_Cha,5.0,101.5,site,"Gua Cha, Kelantan, Malaysia"
Malinke_Mali,12.8,-9.5,ethnic,"Malinke country (Kita-Bamako), Mali"
Malta_Gozo_LN,36.05,14.27,site,"Xaghra, Gozo, Malta"
Maltese,35.9,14.45,country,Malta
Mamanwa,9.6,125.6,ethnic,"Surigao del Norte, Mindanao, Philippines"
Manchu,42.0,124.0,ethnic,"Manchu homeland, Liaoning-Jilin, China"
Manchu_Aisin-Gioro,41.73,125.03,guess,"Hetu Ala / Xinbin, Liaoning, China"
Manchu_Gejile,41.8,124.0,guess,"Manchu area, Liaoning, China"
Manchu_Guaerjia,41.8,124.0,guess,"Manchu area (Gūwalgiya clan), Liaoning, China"
Manchu_Guizhou_Bijie,27.3,105.29,site,"Bijie, Guizhou, China"
Manchu_Guizhou_Jinsha,27.46,106.22,site,"Jinsha County, Bijie, Guizhou, China"
Manchu_Hesheli,41.8,124.0,guess,"Manchu area (Hesheli clan), Liaoning, China"
Manchu_Jueercha,41.8,124.0,guess,"Manchu area (Jueercha clan), Liaoning, China"
Manchu_Liaoning,41.8,123.43,district,"Liaoning, China"
Manchu_Liaoning_Jinzhou,41.1,121.13,site,"Jinzhou, Liaoning, China"
Manchu_Tongjia,41.8,124.0,guess,"Manchu area (Tunggiya clan), Liaoning, China"
Manchu_Wusu,41.8,124.0,guess,"Manchu area (Wusu clan), Liaoning, China"
Manchu_Xinbin,41.73,125.03,site,"Xinbin Manchu Autonomous County, Liaoning, China"
Manchu_Yhyegjl,41.8,124.0,guess,"Manchu area, Liaoning, China"
Mandaean_Iraq,31.05,46.26,ethnic,"Nasiriyah, southern Iraq"
Mandar,-3.55,118.97,ethnic,"Majene, West Sulawesi, Indonesia"
Mandinka_Gambia,13.45,-15.5,ethnic,"Mandinka areas, central Gambia"
Mandinka_Senegal,13.0,-15.0,ethnic,"Mandinka areas, southeastern Senegal / Casamance"
Manggarai_Rampasasa,-8.55,120.43,site,"Rampasasa, Manggarai, Flores, Indonesia"
Manipuri_Brahmin,24.82,93.94,region,"Imphal, Manipur, India"
Maniq,6.8,100.0,ethnic,"Maniq forests, Satun-Trang, southern Thailand"
Manjak_Gambia,13.45,-16.6,ethnic,"Banjul area, Gambia (Manjak community)"
Mansi,61.3,64.5,ethnic,"Mansi lands, Khanty-Mansi Okrug, Russia"
Manyika,-18.97,32.67,ethnic,"Manicaland (Mutare), Zimbabwe"
Maonan,24.83,108.26,ethnic,"Huanjiang Maonan Autonomous County, Guangxi, China"
Maori_(European-Mixed),-38.14,176.25,ethnic,"Rotorua, New Zealand"
Mappila_Muslim,11.25,75.78,region,"Malabar (Kozhikode), Kerala, India"
Marathi,19.0,75.5,region,"Maharashtra, India"
Marathi_Bari,19.0,75.5,region,"Maharashtra, India"
Marathi_Brahmin_Chitpavan,17.0,73.3,region,"Konkan coast (Ratnagiri), Maharashtra, India"
Marathi_Sunar,19.0,75.5,region,"Maharashtra, India"
Mardini_Arab,37.31,40.74,site,"Mardin, Turkey"
Mari,56.63,47.9,ethnic,"Yoshkar-Ola, Mari El, Russia"
Masai_Kenya,-1.9,36.5,ethnic,"Maasailand (Kajiado-Narok), Kenya"
Mauritanian_Arab_Beidan,18.08,-15.98,ethnic,"Nouakchott, Mauritania"
Mawasi_Chhattisgarh,22.0,82.0,region,"Chhattisgarh, India"
Maya,20.0,-89.0,ethnic,"Yucatan Peninsula, Mexico"
Maya_Tzotzil,16.74,-92.64,ethnic,"Chiapas highlands (San Cristobal), Mexico"
Mazandarani,36.57,53.06,region,"Sari, Mazandaran, Iran"
Mbo,4.95,9.93,ethnic,"Mbo area (Nkongsamba), Littoral, Cameroon"
Mbukushu,-18.1,21.6,ethnic,"Kavango / Okavango panhandle, Namibia-Botswana"
Mbuti,1.5,29.0,ethnic,"Ituri Forest, DR Congo"
Mende_Sierra_Leone,7.96,-11.74,ethnic,"Bo, Sierra Leone"
Mentawai,-1.8,99.2,ethnic,"Mentawai Islands, Indonesia"
Mesopotamia_Achaemenid_Batman,37.9,41.1,district,"Batman, Turkey"
Mesopotamia_EBA_Sirnak,37.5,42.45,district,"Sirnak, Turkey"
Mesopotamia_EBA_Titris_Hoyuk,37.3,38.5,site,"Titris Hoyuk, Sanliurfa, Turkey"
Mesopotamia_Early_Medieval_(Umayyad-Abbasid)_Tell_Masaikh,35.2,40.4,site,"Tell Masaikh, Deir ez-Zor, Syria"
Mesopotamia_Early_Medieval_Dara,37.18,40.95,site,"Dara, Mardin, Turkey"
Mesopotamia_Early_Medieval_Midyat,37.42,41.37,site,"Midyat, Mardin, Turkey"
Mesopotamia_Early_Modern_Midyat,37.42,41.37,site,"Midyat, Mardin, Turkey"
Mesopotamia_High_Medieval_Tell_Masaikh,35.2,40.4,site,"Tell Masaikh, Deir ez-Zor, Syria"
Mesopotamia_IA_Batman,37.9,41.1,district,"Batman, Turkey"
Mesopotamia_IA_Neo-Assyrian-Achaemenid_Batman,37.9,41.1,district,"Batman, Turkey"
Mesopotamia_IA_Neo-Assyrian-Achaemenid_Nevali_Cori,37.53,38.6,site,"Nevali Cori, Sanliurfa, Turkey"
Mesopotamia_LBA_Middle_Assyrian_Nemrik_9,36.85,42.85,site,"Nemrik 9, Dohuk, Iraq"
Mesopotamia_LCA_Batman,37.9,41.1,district,"Batman, Turkey"
Mesopotamia_LCA_Sirnak,37.5,42.45,district,"Sirnak, Turkey"
Mesopotamia_N_PPNA_Boncuklu_Tarla,37.35,41.65,site,"Boncuklu Tarla, Mardin, Turkey"
Mesopotamia_N_PPNB_Nevali_Cori,37.53,38.6,site,"Nevali Cori, Sanliurfa, Turkey"
Mesopotamia_N_PPN_Cayonu,38.22,39.73,site,"Cayonu, Diyarbakir, Turkey"
Mesopotamia_N_PPN_Nemrik_9,36.85,42.85,site,"Nemrik 9, Dohuk, Iraq"
Mesopotamia_Parthian-Roman_Empire_Nevali_Cori,37.53,38.6,site,"Nevali Cori, Sanliurfa, Turkey"
Mexican_Mestizo,19.43,-99.13,country,"Mexico City, Mexico"
Mexico_Classic-Postclassic_Tayopa,28.4,-109.0,guess,"Tayopa, Sonora, Mexico"
Mexico_Classic_Canada_de_la_Virgen,20.85,-100.93,site,"Canada de la Virgen, Guanajuato, Mexico"
Mexico_Classic_Maya_Chichen_Itza,20.68,-88.57,site,"Chichen Itza, Yucatan, Mexico"
Mexico_Classic_Toluquilla,21.0,-99.6,site,"Toluquilla, Queretaro, Mexico"
Mexico_Colonial_Period,19.43,-99.13,country,"Mexico City, Mexico"
Mexico_Comondu_Precolonial,26.05,-111.8,site,"Comondu, Baja California Sur, Mexico"
Mexico_Coyote_Cave_950BP,26.0,-112.0,guess,"Coyote Cave, Baja California Sur, Mexico"
Mexico_Early_Modern_Campeche,19.85,-90.53,site,"Campeche, Mexico"
Mexico_Early_Modern_Mexico_City,19.43,-99.13,site,"Mexico City, Mexico"
Mexico_Iron_Springs_Precolonial,31.0,-115.0,guess,"Iron Springs, Baja California, Mexico"
Mexico_La_Playa/Cerro_de_Trincheras_2400BP,30.4,-111.5,site,"La Playa / Cerro de Trincheras, Sonora, Mexico"
Mexico_La_Playa/Cerro_de_Trincheras_Precolonial,30.4,-111.5,site,"La Playa / Cerro de Trincheras, Sonora, Mexico"
Mexico_Loma_San_Gabriel_Culture_Cueva_de_los_Muertos_Chiquitos,24.9,-105.2,site,"Cueva de los Muertos Chiquitos, Durango, Mexico"
Mexico_Mogollon_Paquime,30.37,-107.95,site,"Paquime (Casas Grandes), Chihuahua, Mexico"
Mexico_Postclassic-Postconquest_Las_Palmas_Culture_Pericues,23.2,-109.8,region,"Cape Region, Baja California Sur, Mexico"
Mexico_Postclassic_Sierra_Tarahumara,27.5,-107.5,region,"Sierra Tarahumara, Chihuahua, Mexico"
Mexico_Postclassic_Toluquilla,21.0,-99.6,site,"Toluquilla, Queretaro, Mexico"
Mhallami,37.3,41.0,ethnic,"Tur Abdin / Mardin, southeastern Turkey"
Miao_Guangxi_Huanjiang,24.83,108.26,site,"Huanjiang County, Guangxi, China"
Miao_Guangxi_Longlin,24.77,105.34,site,"Longlin County, Baise, Guangxi, China"
Miao_Guangxi_Longsheng,25.8,110.01,site,"Longsheng County, Guilin, Guangxi, China"
Miao_Guangxi_Rongshui,25.07,109.25,site,"Rongshui Miao Autonomous County, Guangxi, China"
Miao_Guangxi_Sanjiang,25.78,109.6,site,"Sanjiang Dong Autonomous County, Guangxi, China"
Miao_Guangxi_Xilin,24.49,105.1,site,"Xilin County, Baise, Guangxi, China"
Miao_Guangxi_Ziyuan,26.03,110.65,site,"Ziyuan County, Guilin, Guangxi, China"
Miao_Guizhou_Leishan,26.38,108.08,site,"Leishan County, Qiandongnan, Guizhou, China"
Miao_Guizhou_Songtao,28.16,109.2,site,"Songtao Miao Autonomous County, Guizhou, China"
Mijikenda_Chonyi,-3.8,39.7,ethnic,"Chonyi area, Kilifi County, Kenya"
Mijikenda_Giriama,-3.63,39.85,ethnic,"Giriama area, Kilifi County, Kenya"
Mijikenda_Kambe,-3.85,39.65,ethnic,"Kambe area, Kilifi County, Kenya"
Mijikenda_Kauma,-3.6,39.75,ethnic,"Kauma area, Kilifi County, Kenya"
Mingrelian_Abasha,42.2,42.2,site,"Abasha, Samegrelo, Georgia"
Mingrelian_Akhalsopeli,42.35,41.8,guess,"Akhalsopeli village, Samegrelo, Georgia"
Mingrelian_Chkhorotsqu,42.5,42.1,site,"Chkhorotsqu, Samegrelo, Georgia"
Mingrelian_Didi-Chqoni,42.42,42.15,guess,"Didi Chqoni village, Samegrelo, Georgia"
Mingrelian_Jgali,42.62,42.02,guess,"Jgali, Tsalenjikha municipality, Samegrelo, Georgia"
Mingrelian_Jvari,42.72,42.05,site,"Jvari, Tsalenjikha municipality, Samegrelo, Georgia"
Mingrelian_Khabume,42.28,42.0,guess,"Khabume village, Samegrelo, Georgia"
Mingrelian_Kheta,42.32,41.85,guess,"Kheta, Khobi municipality, Samegrelo, Georgia"
Mingrelian_Khobi,42.31,41.9,site,"Khobi, Samegrelo, Georgia"
Mingrelian_Kurzu,42.4,42.3,guess,"Kurzu village, Martvili municipality, Samegrelo, Georgia"
Mingrelian_Letsurtsume,42.52,42.05,guess,"Letsurtsume, Chkhorotsqu municipality, Samegrelo, Georgia"
Mingrelian_Lia,42.65,42.05,guess,"Lia, Tsalenjikha municipality, Samegrelo, Georgia"
Mingrelian_Martvili,42.41,42.38,site,"Martvili, Samegrelo, Georgia"
Mingrelian_Mukhuri,42.58,42.1,guess,"Mukhuri, Chkhorotsqu municipality, Samegrelo, Georgia"
Mingrelian_Nojikhevi,42.3,41.95,guess,"Nojikhevi, Khobi municipality, Samegrelo, Georgia"
Mingrelian_Nokalakevi,42.37,42.19,site,"Nokalakevi, Senaki municipality, Samegrelo, Georgia"
Mingrelian_Norio,41.83,44.98,site,"Norio, Gardabani municipality, near Tbilisi, Georgia"
Mingrelian_Nosiri,42.3,42.05,guess,"Nosiri, Senaki municipality, Samegrelo, Georgia"
Mingrelian_Obuji,42.28,42.1,guess,"Obuji, Senaki municipality, Samegrelo, Georgia"
Mingrelian_Poti,42.15,41.67,site,"Poti, Samegrelo, Georgia"
Mingrelian_Potskhoetseri,42.55,42.12,guess,"Potskho-Etseri, Chkhorotsqu municipality, Georgia"
Mingrelian_Salkhino,42.48,42.35,guess,"Salkhino, Martvili municipality, Samegrelo, Georgia"
Mingrelian_Senaki,42.27,42.07,site,"Senaki, Samegrelo, Georgia"
Mingrelian_Sujuna,42.43,42.25,guess,"Sujuna, Martvili municipality, Samegrelo, Georgia"
Mingrelian_Taleri,42.5,42.0,guess,"Taleri village, Samegrelo, Georgia"
Mingrelian_Tbilisi,41.72,44.78,site,"Tbilisi, Georgia"
Mingrelian_Teklati,42.3,41.95,guess,"Teklati, Senaki municipality, Samegrelo, Georgia"
Mingrelian_Tsalenjikha,42.6,42.07,site,"Tsalenjikha, Samegrelo, Georgia"
Mingrelian_Zana,42.32,42.1,guess,"Zana, Senaki municipality, Samegrelo, Georgia"
Mingrelian_Zugdidi,42.51,41.87,site,"Zugdidi, Samegrelo, Georgia"
Mixe,17.1,-95.9,ethnic,"Mixe country, Oaxaca, Mexico"
Mixtec,17.2,-97.6,ethnic,"La Mixteca, Oaxaca, Mexico"
Mizo,23.73,92.72,ethnic,"Aizawl, Mizoram, India"
Mlabri,18.8,100.8,ethnic,"Nan province, northern Thailand"
Mogush,-6.0,145.0,guess,unidentified label; placed in the New Guinea highlands
Moken,10.0,98.3,ethnic,Mergui Archipelago / Andaman Sea coast
Moldova_EBA_Yamnaya,47.0,28.8,country,Moldova
Moldova_EIA_Cimmerian,47.0,28.8,country,Moldova
Moldova_Eneolithic_Kvityana_Crasnoe,46.7,29.5,guess,"Crasnoe, Moldova"
Moldova_Eneolithic_Trypillian_Late,47.0,28.8,country,Moldova
Moldova_Eneolithic_Zhyvotylivka_Bursuceni,47.6,28.1,site,"Bursuceni, Singerei, Moldova"
Moldova_Eneolithic_Zhyvotylivka_Taraclia,45.9,28.67,site,"Taraclia, Moldova"
Moldova_IA_Sarmatian_Cimislia,46.52,28.78,site,"Cimislia, Moldova"
Moldova_IA_Sarmatian_Ciumai,45.9,28.4,guess,"Ciumai, Taraclia, Moldova"
Moldova_IA_Scythian_Glinoe,46.6,29.9,site,"Glinoe, Transnistria, Moldova"
Moldova_LBA_Crihana_Veche,45.85,28.2,site,"Crihana Veche, Cahul, Moldova"
Moldova_LBA_Sabatinovka,47.0,28.8,country,Moldova
Moldova_MBA_Catacomb,47.0,28.8,country,Moldova
Moldova_MBA_Multi-Cordoned_Ware,47.0,28.8,country,Moldova
Moldova_MBA_Slobodzeya,46.73,29.7,site,"Slobozia, Transnistria, Moldova"
Moldova_Unknown_Provenance,47.0,28.8,country,Moldova
Moldovan,47.01,28.86,country,"Chisinau, Moldova"
Moldovan_Stefan_Voda,46.51,29.66,district,"Stefan Voda district, Moldova"
Mon_Thailand,13.8,99.3,ethnic,"Mon communities, Kanchanaburi-Ratchaburi, Thailand"
Mongol_Guizhou_Bijie,27.3,105.29,site,"Bijie, Guizhou, China"
Mongol_Inner_Mongolia,42.0,113.0,region,"Inner Mongolia, China"
Mongol_Inner_Mongolia_Baotu,40.66,109.84,site,"Baotou, Inner Mongolia, China"
Mongol_Inner_Mongolia_Hulunbuir,49.21,119.77,district,"Hulunbuir, Inner Mongolia, China"
Mongol_Mongolia,47.92,106.92,country,"Ulaanbaatar, Mongolia"
Mongol_Xinjiang,41.73,86.15,district,"Bayingolin Mongol Autonomous Prefecture, Xinjiang, China"
Mongolia_EBA_Afanasievo,48.0,89.5,region,"Mongolian Altai, Mongolia"
Mongolia_EBA_Ulgii,48.97,89.96,district,"Bayan-Ulgii, Mongolia"
Mongolia_EIA_Biluut,48.6,88.4,site,"Biluut, Khoton Nuur, Bayan-Ulgii, Mongolia"
Mongolia_EIA_Khovd,48.0,91.6,district,"Khovd, Mongolia"
Mongolia_EIA_Khovsgol,50.0,100.0,district,"Khovsgol, Mongolia"
Mongolia_EIA_Pazyryk_Ulgii,48.97,89.96,district,"Bayan-Ulgii, Mongolia"
Mongolia_EIA_Slab_Grave,47.5,110.0,region,eastern Mongolia
Mongolia_EIA_Uyuk_Chandman,49.9,92.9,site,"Chandman, Uvs, Mongolia"
Mongolia_EUP_Salkhit,48.9,112.4,site,"Salkhit, Norovlin, Khentii, Mongolia"
Mongolia_Early_Medieval_Rouran,47.5,105.0,country,Mongolia
Mongolia_Early_Medieval_Turkic_Period,47.5,105.0,country,Mongolia
Mongolia_Early_Medieval_Turkic_Period_(Tang_Emissary_Attendant),47.5,105.0,country,Mongolia
Mongolia_Early_Medieval_Turkic_Period_(Turanian-Mixed),47.5,105.0,country,Mongolia
Mongolia_Early_Medieval_Uygur_Period,47.5,105.0,country,Mongolia
Mongolia_Early_Medieval_Uygur_Period_(Turanian+Han-Mixed),47.5,105.0,country,Mongolia
Mongolia_Early_Medieval_Uygur_Period_(Turanian-Mixed),47.5,105.0,country,Mongolia
Mongolia_Early_Medieval_Zubu_Period_(Turanian-Mixed),47.5,105.0,country,Mongolia
Mongolia_IA-Early_Medieval_Xianbei,47.5,105.0,country,Mongolia
Mongolia_IA_Western_Han_Dynasty_Omnogovi,43.5,104.0,district,"Omnogovi, Mongolia"
Mongolia_IA_Xiongnu-Xianbei,47.5,105.0,country,Mongolia
Mongolia_IA_Xiongnu_Early,47.5,105.0,country,Mongolia
Mongolia_IA_Xiongnu_Late,47.5,105.0,country,Mongolia
Mongolia_LBA-EIA_Shiveet_Tolgoi,48.0,91.0,guess,"Shiveet Tolgoi, western Mongolia"
Mongolia_LBA_Baitag,45.2,91.0,site,"Baitag Bogd, Khovd, Mongolia"
Mongolia_LBA_Bayan_Ulgii,48.97,89.96,district,"Bayan-Ulgii, Mongolia"
Mongolia_LBA_DSKC_Bayankhongor,46.2,100.7,district,"Bayankhongor, Mongolia"
Mongolia_LBA_DSKC_Bulgan,48.8,103.5,district,"Bulgan, Mongolia"
Mongolia_LBA_DSKC_Khovd,48.0,91.6,district,"Khovd, Mongolia"
Mongolia_LBA_DSKC_Khovsgol,50.0,100.0,district,"Khovsgol, Mongolia"
Mongolia_LBA_DSKC_Uvs,49.5,93.0,district,"Uvs, Mongolia"
Mongolia_LBA_Khovd,48.0,91.6,district,"Khovd, Mongolia"
Mongolia_LBA_Mongun-Taiga,50.0,90.5,guess,"Mongun-Taiga, Mongolia-Tuva border"
Mongolia_LBA_Ulaanzuukh,46.0,113.5,region,"Sukhbaatar, eastern Mongolia"
Mongolia_LBA_Zavkhan,48.0,96.0,district,"Zavkhan, Mongolia"
Mongolia_LN_Erdenemandal,48.5,101.4,site,"Erdenemandal, Arkhangai, Mongolia"
Mongolia_Late_Medieval_Khitan_Period_(Han-Mixed),47.5,105.0,country,Mongolia
Mongolia_Late_Medieval_Khitan_Period_(Turanian+Han-Mixed),47.5,105.0,country,Mongolia
Mongolia_Late_Medieval_Khitan_Period_(Turanian-Mixed),47.5,105.0,country,Mongolia
Mongolia_Late_Medieval_Mongol_Period,47.5,105.0,country,Mongolia
Mongolia_Late_Medieval_Mongol_Period_(Han-Mixed),47.5,105.0,country,Mongolia
Mongolia_Late_Medieval_Mongol_Period_(Turanian+Han-Mixed),47.5,105.0,country,Mongolia
Mongolia_Late_Medieval_Mongol_Period_(Turanian-Mixed),47.5,105.0,country,Mongolia
Mongolia_Late_Medieval_Mongol_Period_(WSHG-Mixed),47.5,105.0,country,Mongolia
Mongolia_MBA_Monkhkhairkhan_(Bulgan_MBA),48.8,103.5,district,"Bulgan, Mongolia"
Mongolia_MBA_Monkhkhairkhan_(Khovd_MBA),48.0,91.6,district,"Khovd, Mongolia"
Mongolia_MBA_Monkhkhairkhan_(Zavkhan_MBA),48.0,96.0,district,"Zavkhan, Mongolia"
Mongolia_MLBA_Monkhkhairkhan_(Khovd_MLBA),48.0,91.6,district,"Khovd, Mongolia"
Mongolia_N_Kharuulyn_Gozgor,50.5,100.5,guess,"Kharuulyn Gozgor, Khovsgol, Mongolia"
Mongolia_N_Kherlen_River_South_Bank,48.0,111.0,guess,"Kherlen River, eastern Mongolia"
Mongolia_N_Marzyn_Khutul,47.5,110.0,guess,"Marzyn Khutul, eastern Mongolia"
Mongolia_N_Norovlin_Uul,48.6,112.0,site,"Norovlin Uul, Khentii, Mongolia"
Montenegrin,42.44,19.26,country,"Podgorica, Montenegro"
Montenegro_EN,42.5,19.3,country,Montenegro
Montenegro_Early-High_Medieval_Doclea,42.47,19.25,site,"Doclea, Podgorica, Montenegro"
Montenegro_Early_Medieval_Doclea,42.47,19.25,site,"Doclea, Podgorica, Montenegro"
Montenegro_High_Medieval_Doclea,42.47,19.25,site,"Doclea, Podgorica, Montenegro"
Montenegro_LBA,42.5,19.3,country,Montenegro
Montenegro_Roman_Empire-Late_Antiquity_Doclea,42.47,19.25,site,"Doclea, Podgorica, Montenegro"
Mordvin,54.18,45.18,ethnic,"Saransk, Mordovia, Russia"
Mordvin_Erzya,54.4,45.5,ethnic,"Erzya area, eastern Mordovia, Russia"
Mordvin_Moksha,54.0,43.9,ethnic,"Moksha area, western Mordovia, Russia"
Moroccan_Arab,33.0,-6.5,country,Morocco
Moroccan_Arab-Berber,32.0,-6.5,country,Morocco
Moroccan_Arab_Casablanca,33.57,-7.59,site,"Casablanca, Morocco"
Moroccan_Arab_Errachidia,31.93,-4.42,site,"Errachidia, Morocco"
Moroccan_Arab_Fassi,34.03,-5.0,site,"Fez, Morocco"
Moroccan_Arab_Jebala,35.1,-5.3,region,"Jebala, western Rif, Morocco"
Moroccan_Arab_Jebala_Chefchaouen,35.17,-5.27,site,"Chefchaouen, Morocco"
Moroccan_Arab_Morisco_Sale,34.05,-6.8,site,"Sale, Morocco"
Moroccan_Arab_Morisco_Tetouan,35.57,-5.37,site,"Tetouan, Morocco"
Moroccan_Arab_Oujda,34.68,-1.91,site,"Oujda, Morocco"
Moroccan_Arab_Zagora,30.33,-5.84,site,"Zagora, Morocco"
Moroccan_Jew,33.57,-7.59,ethnic,"Casablanca, Morocco"
Moroccan_Jew_(Toshav-Shifted),31.6,-7.2,ethnic,"Atlas Mountains, Morocco"
Morocco_EN_Cardial_Kaf_Taht_el-Ghar,35.6,-5.4,site,"Kaf Taht el-Ghar, Tetouan, Morocco"
Morocco_EN_Ifri_n'Amr_ou_Moussa,33.9,-5.3,site,"Ifri n'Amr ou Moussa, Morocco"
Morocco_Epipaleolithic_Ifri_Ouberrid,34.8,-3.2,guess,"Ifri Ouberrid, eastern Rif, Morocco"
Morocco_LN_Kelif_el_Boroud,34.0,-6.85,site,"Kelif el Boroud, Rabat, Morocco"
Morocco_MN_Skhirat-Rouazi,33.85,-7.03,site,"Skhirat, Morocco"
Morocco_UP_Iberomaurusian_Taforalt,34.81,-2.4,site,"Taforalt, Morocco"
Mossi,12.37,-1.53,ethnic,"Ouagadougou, Burkina Faso"
Mountain_Jew_Azerbaijan,41.36,48.51,ethnic,"Qirmizi Qasaba (Quba), Azerbaijan"
Mountain_Jew_Chechnya,43.32,45.69,ethnic,"Grozny, Chechnya, Russia"
Mountain_Jew_Ciscaucasia,43.48,43.61,region,"Nalchik, Ciscaucasia, Russia"
Mountain_Jew_Dagestan,42.06,48.29,ethnic,"Derbent, Dagestan, Russia"
Mulam,24.78,108.9,ethnic,"Luocheng Mulam Autonomous County, Guangxi, China"
Mulao_Guizhou_Majiang,26.49,107.59,site,"Majiang County, Qiandongnan, Guizhou, China"
Mumbai_Jew,19.08,72.88,site,"Mumbai, India (Bene Israel)"
Mursi,5.6,35.9,ethnic,"Lower Omo Valley, Ethiopia"
Murut_Brunei,4.6,115.15,ethnic,"Temburong, Brunei"
Mwani,-12.97,40.52,ethnic,"Pemba, Cabo Delgado, Mozambique"
Myanmar_LNBA_Oakaie,22.3,95.5,site,"Oakaie, Sagaing, Myanmar"
Mzigua,-5.43,38.02,ethnic,"Zigua country (Handeni), Tanga, Tanzania"
Naga_India,25.67,94.11,ethnic,"Kohima, Nagaland, India"
Naga_Myanmar,25.7,95.0,ethnic,"Naga Self-Administered Zone, Sagaing, Myanmar"
Nahua,19.5,-98.2,ethnic,"Nahua areas, Puebla-Tlaxcala, Mexico"
Nama,-26.58,18.13,ethnic,"Keetmanshoop, southern Namibia"
Nanai,49.5,136.6,ethnic,"Nanai district, lower Amur, Khabarovsk Krai, Russia"
Nasioi,-6.2,155.6,ethnic,"Kieta area, Bougainville, Papua New Guinea"
Navajo,36.1,-109.5,ethnic,"Navajo Nation, Arizona-New Mexico, USA"
Naxi,26.87,100.23,ethnic,"Lijiang, Yunnan, China"
Ndau,-20.2,32.62,ethnic,"Chipinge, southeastern Zimbabwe"
Negidal_Orochi,51.8,136.6,ethnic,"Amgun river, Khabarovsk Krai, Russia"
Nenets_Forest,64.5,78.0,ethnic,"Purovsky district, Yamalo-Nenets Okrug, Russia"
Nenets_Tundra,68.5,71.0,ethnic,"Yamal Peninsula, Yamalo-Nenets Okrug, Russia"
Nepal_Classical_Samdzong,29.1,83.9,site,"Samdzong, Mustang, Nepal"
Nepal_IA_Chokhopani,28.8,83.7,site,"Chokhopani, Mustang, Nepal"
Nepal_IA_Kyang,28.9,83.8,site,"Kyang, Mustang, Nepal"
Nepal_IA_Lubrak,28.85,83.8,site,"Lubrak, Mustang, Nepal"
Nepal_IA_Mebrak,28.9,83.85,site,"Mebrak, Mustang, Nepal"
Nepal_IA_Rhirhi,28.9,83.8,site,"Rhirhi, Mustang, Nepal"
Nepal_IA_Suila,29.0,83.9,site,"Suila, Mustang, Nepal"
Nepali,27.71,85.32,country,"Kathmandu, Nepal"
Netherlands_Bell_Beaker,52.3,5.3,country,Netherlands
Netherlands_EBA,52.3,5.3,country,Netherlands
Netherlands_EIA,52.3,5.3,country,Netherlands
Netherlands_Early-High_Medieval_Groningen,53.22,6.57,site,"Groningen, Netherlands"
Netherlands_Early_Medieval_Groningen,53.22,6.57,site,"Groningen, Netherlands"
Netherlands_Early_Medieval_Midlum,53.18,5.48,site,"Midlum, Friesland, Netherlands"
Netherlands_Early_Modern_Alphen_aan_den_Rijn,52.13,4.66,site,"Alphen aan den Rijn, Netherlands"
Netherlands_High_Medieval_Groningen,53.22,6.57,site,"Groningen, Netherlands"
Netherlands_LBA,52.3,5.3,country,Netherlands
Netherlands_LIA,52.3,5.3,country,Netherlands
Netherlands_Late_Antiquity-Early_Medieval_Midlum,53.18,5.48,site,"Midlum, Friesland, Netherlands"
Netherlands_MBA,52.3,5.3,country,Netherlands
Netherlands_MIA-LIA,52.3,5.3,country,Netherlands
Netherlands_MLBA,52.3,5.3,country,Netherlands
Netherlands_Mesolithic_Doggerland,53.0,3.5,region,"Doggerland, North Sea"
Newar,27.7,85.32,ethnic,"Kathmandu Valley, Nepal"
Ngadha_Bena,-8.87,120.98,site,"Bena village, Ngada, Flores, Indonesia"
Ngajanji,-17.4,145.6,guess,"uncertain label; placed at Ngadjanji country, Queensland, Australia"
Nganasan,71.2,93.0,ethnic,"Ust-Avam, Taimyr, Russia"
Ngoni_Malawi,-11.9,33.6,ethnic,"Mzimba, northern Malawi"
Ngumba,3.08,10.42,ethnic,"Bipindi-Kribi area, South Region, Cameroon"
Ni-Vanuatu,-17.73,168.32,country,"Port Vila, Vanuatu"
Ni-Vanuatu_(European-Mixed),-17.73,168.32,country,"Port Vila, Vanuatu"
Nias_Gomo,0.8,97.85,site,"Gomo, South Nias, Indonesia"
Nias_Hilitobara,0.7,97.8,guess,"Hilitobara village, South Nias, Indonesia"
Nihali,21.2,76.6,ethnic,"Nihali (Nahali) area, Buldhana-Burhanpur, India"
Nivkh,53.2,141.0,ethnic,"Amur estuary / northern Sakhalin, Russia"
Nogai_Astrakhan,46.35,48.04,district,"Astrakhan oblast, Russia"
Nogai_Dagestan,44.2,46.0,district,"Nogaysky district, Dagestan, Russia"
Nogai_Dobruja,44.18,28.63,region,"Dobruja (Constanta), Romania"
Nogai_Stavropol,44.75,44.99,district,"Neftekumsk, Stavropol Krai, Russia"
North_Kannadi,15.36,75.12,region,"North Karnataka (Hubli-Dharwad), India"
North_Macedonia_Classical,41.6,21.7,country,North Macedonia
North_Macedonia_Classical-Roman_Republic,41.6,21.7,country,North Macedonia
North_Macedonia_Hellenistic-Roman_Republic,41.6,21.7,country,North Macedonia
North_Macedonia_High_Medieval_Bitola,41.03,21.33,site,"Bitola, North Macedonia"
North_Macedonia_IA,41.6,21.7,country,North Macedonia
North_Macedonia_LBA,41.6,21.7,country,North Macedonia
North_Macedonia_N,41.6,21.7,country,North Macedonia
North_Madhya_Pradeshi_Rajput,26.22,78.18,region,"Gwalior, northern Madhya Pradesh, India"
North_Ossetia_EBA_Maykop_Early,43.0,44.2,region,"North Ossetia, Russia"
North_Ossetia_Early-Late_Medieval_Alan,43.0,44.2,region,"North Ossetia, Russia"
North_Ossetia_Late_Antiquity-Early_Medieval_Alan,43.0,44.2,region,"North Ossetia, Russia"
Northern_Irish_Mixed_(Ulster_Irish+Ulster_Scots),54.6,-5.93,region,"Belfast, Northern Ireland"
Norway_Central_Early_Medieval_Viking_Age,63.4,10.4,region,"Trondelag, Norway"
Norway_Central_High_Medieval,63.4,10.4,region,"Trondelag, Norway"
Norway_Central_IA,63.4,10.4,region,"Trondelag, Norway"
Norway_Mesolithic_Hummervikholmen,58.05,7.75,site,"Hummervikholmen, Sogne, Norway"
Norway_N,60.0,9.0,country,Norway
Norway_North_Early_Medieval_Viking_Age,69.0,18.0,region,Northern Norway
Norway_North_IA,69.0,18.0,region,Northern Norway
Norway_North_LNBA,69.0,18.0,region,Northern Norway
Norway_South_Early_Medieval_Viking_Age,59.5,9.5,region,Southern Norway
Norway_South_IA,59.5,9.5,region,Southern Norway
Norwegian,59.91,10.75,country,"Oslo, Norway"
Norwegian_Bergen,60.39,5.32,site,"Bergen, Norway"
Novosibirsk_BA_Vengerovo,55.7,76.75,site,"Vengerovo, Novosibirsk Oblast, Russia"
Novosibirsk_Eneolithic_Vengerovo,55.7,76.75,site,"Vengerovo, Novosibirsk Oblast, Russia"
Novosibirsk_LBA_Priobrazhenka,55.4,78.0,guess,"Preobrazhenka, Baraba, Novosibirsk Oblast, Russia"
Novosibirsk_Mesolithic_Vengerovo,55.7,76.75,site,"Vengerovo, Novosibirsk Oblast, Russia"
Novosibirsk_N_Protoka,55.5,77.5,guess,"Protoka, Baraba, Novosibirsk Oblast, Russia"
Novosibirsk_N_Vengerovo,55.7,76.75,site,"Vengerovo, Novosibirsk Oblast, Russia"
Nuba,11.6,29.7,ethnic,"Nuba Mountains, South Kordofan, Sudan"
Nuba_Koalib,11.5,30.5,ethnic,"Koalib hills, Nuba Mountains, Sudan"
Nubia_Early_Medieval_Christian_Era_Kulubnarti_R,21.05,30.65,site,"Kulubnarti, Sudan"
Nubia_Early_Medieval_Christian_Era_Kulubnarti_S,21.05,30.65,site,"Kulubnarti, Sudan"
Nubian_Danagla,19.17,30.48,ethnic,"Dongola, Sudan"
Nubian_Nobiin_Halfawi,21.8,31.35,ethnic,"Wadi Halfa, Sudan"
Nubian_Nobiin_Mahas,20.1,30.55,ethnic,"Mahas (Delgo), northern Sudan"
Nuer,9.25,29.8,ethnic,"Bentiu / Upper Nile, South Sudan"
Nuristani,35.33,70.9,ethnic,"Nuristan province, Afghanistan"
Nyah_Kur,16.0,101.6,ethnic,"Chaiyaphum province, northeastern Thailand"
Nyaneka,-14.92,13.49,ethnic,"Lubango, Huila, Angola"
Nyanja,-14.0,34.9,ethnic,"Lake Malawi shore, central Malawi"
Nyishi,27.3,93.6,ethnic,"Papum Pare / Lower Subansiri, Arunachal Pradesh, India"
Odia_Khandayat,20.5,85.1,region,"Odisha, India"
Ogiek_Kenya,-0.6,35.7,ethnic,"Mau Forest, Kenya"
Ojibwe_(European-Mixed),47.5,-92.0,ethnic,"Ojibwe country, northern Minnesota / Great Lakes"
Omani_Arab,23.6,58.55,country,"Muscat, Oman"
Omsk_BA_Chernozerye_Borovyanka,55.4,74.5,guess,"Borovyanka, Omsk Oblast, Russia"
Omsk_BA_Seima-Turbino_Rostovka,54.9,73.5,site,"Rostovka, Omsk, Russia"
Omsk_Eneolithic-BA_Borovyanka,55.4,74.5,guess,"Borovyanka, Omsk Oblast, Russia"
Omsk_Eneolithic-BA_Okunevo,56.6,74.5,site,"Okunevo, Muromtsevo, Omsk Oblast, Russia"
Omsk_Eneolithic_Borovyanka,55.4,74.5,guess,"Borovyanka, Omsk Oblast, Russia"
Omsk_IA_Sargat_Bitiya,56.0,74.0,guess,"Bitiya, Omsk Oblast, Russia"
Omsk_IA_Sargat_Bogdanovka,55.7,74.0,guess,"Bogdanovka, Omsk Oblast, Russia"
Omsk_IUP_Ust-Ishim,57.7,71.2,site,"Ust-Ishim, Omsk Oblast, Russia"
Omsk_N_Omskaya_Stoyanka,55.0,73.3,site,"Omskaya Stoyanka, Omsk, Russia"
Onge,10.75,92.55,ethnic,"Little Andaman, Andaman Islands, India"
Orcadian,59.0,-3.0,district,"Orkney Islands, Scotland"
Orenburg_EBA_Yamnaya_Akbulaksky,51.0,55.6,district,"Akbulak District, Orenburg Oblast, Russia"
Orenburg_IA_Sarmatian_Cherniy_Yar,51.5,55.0,guess,"Cherny Yar, Orenburg Oblast, Russia"
Oromo_Ethiopia,8.0,39.5,ethnic,"Oromia, Ethiopia"
Oroqen,50.57,123.72,ethnic,"Oroqen Autonomous Banner, Inner Mongolia, China"
Ossetian_North_Ossetia,43.03,44.68,district,"Vladikavkaz, North Ossetia, Russia"
Ossetian_South_Ossetia,42.23,43.97,district,"Tskhinvali, South Ossetia"
Ovambo_Namibia,-17.78,15.7,ethnic,"Oshakati, Ovamboland, Namibia"
Pahari_Jatt_Muslim,33.5,73.7,ethnic,"Pahari belt, Murree-Azad Kashmir, Pakistan"
Pahari_Mirpur,33.15,73.75,site,"Mirpur, Azad Kashmir, Pakistan"
Pahari_Rajput_Muslim_Jammu,32.73,74.86,district,"Jammu, India"
Pakistan_Early_Medieval_Parwak,36.0,71.8,site,"Parwak, Chitral, Pakistan"
Pakistan_Early_Modern_Singoor,35.9,71.8,site,"Singoor, Chitral, Pakistan"
Pakistan_HP_Aligrama,34.75,72.4,site,"Aligrama, Swat, Pakistan"
Pakistan_HP_Barikot,34.68,72.2,site,"Barikot, Swat, Pakistan"
Pakistan_HP_Butkara,34.77,72.37,site,"Butkara, Swat, Pakistan"
Pakistan_HP_Saidu_Sharif,34.75,72.36,site,"Saidu Sharif, Swat, Pakistan"
Pakistan_High_Medieval_Barikot,34.68,72.2,site,"Barikot, Swat, Pakistan"
Pakistan_High_Medieval_Ghaznavid_Udegram,34.75,72.28,site,"Udegram, Swat, Pakistan"
Pakistan_IA_Aligrama,34.75,72.4,site,"Aligrama, Swat, Pakistan"
Pakistan_IA_Arkotkila,34.8,72.4,guess,"Arkotkila, Swat, Pakistan"
Pakistan_IA_Barikot,34.68,72.2,site,"Barikot, Swat, Pakistan"
Pakistan_IA_Butkara,34.77,72.37,site,"Butkara, Swat, Pakistan"
Pakistan_IA_Gogdara,34.75,72.3,site,"Gogdara, Swat, Pakistan"
Pakistan_IA_Katelai,34.75,72.4,site,"Katelai, Swat, Pakistan"
Pakistan_IA_Loebanr,34.78,72.4,site,"Loebanr, Swat, Pakistan"
Pakistan_IA_Udegram,34.75,72.28,site,"Udegram, Swat, Pakistan"
Pakistan_Late_Medieval_Barikot,34.68,72.2,site,"Barikot, Swat, Pakistan"
Palestinian_Arab_Christian,31.7,35.2,ethnic,"Bethlehem, West Bank"
Palestinian_Arab_Muslim,31.9,35.2,ethnic,"Ramallah, West Bank"
Palestinian_Arab_Muslim_Gaza,31.5,34.45,site,"Gaza City, Gaza Strip"
Pallan,9.93,78.12,ethnic,"Madurai region, Tamil Nadu, India"
Pamiri_Ishkashim,36.72,71.61,site,"Ishkashim, Badakhshan, Tajikistan"
Pamiri_Rushan,37.95,71.55,site,"Rushan, Badakhshan, Tajikistan"
Pamiri_Sarikoli,37.77,75.23,ethnic,"Tashkurgan, Xinjiang, China"
Pamiri_Shugnan,37.49,71.55,site,"Khorog (Shughnan), Badakhshan, Tajikistan"
Panama_Pre-Colonial,8.5,-80.0,country,Panama
Paniya,11.7,76.1,ethnic,"Wayanad, Kerala, India"
Pantar,-8.4,124.1,site,"Pantar Island, Alor archipelago, Indonesia"
Papua_New_Guinea_Eriama_Precolonial,-9.4,147.3,site,"Eriama, Port Moresby area, Papua New Guinea"
Papua_New_Guinea_Nebira_Precolonial,-9.4,147.2,site,"Nebira, Port Moresby area, Papua New Guinea"
Papuan,-6.0,145.0,country,Papua New Guinea
Papuan_Coastal,-9.44,147.18,region,"Port Moresby / south coast, Papua New Guinea"
Papuan_Highland,-5.85,144.23,region,New Guinea highlands (Mount Hagen area)
Parsi_India,19.08,72.88,ethnic,"Mumbai, India"
Parsi_Pakistan,24.86,67.01,ethnic,"Karachi, Pakistan"
Pashtun_Afghanistan,33.0,66.5,ethnic,"Pashtun belt, southern Afghanistan"
Pashtun_Afghanistan_Jalalabad,34.43,70.45,site,"Jalalabad, Nangarhar, Afghanistan"
Pashtun_Afghanistan_Kabul,34.53,69.17,site,"Kabul, Afghanistan"
Pashtun_Afghanistan_Kandahar,31.62,65.72,site,"Kandahar, Afghanistan"
Pashtun_Afghanistan_Kunar,34.87,71.15,district,"Kunar province, Afghanistan"
Pashtun_Afghanistan_North,36.73,68.87,region,"Kunduz, northern Afghanistan"
Pashtun_Bettani,32.8,70.4,ethnic,"Bannu-Waziristan borderland, Pakistan"
Pashtun_Durrani,31.62,65.72,ethnic,"Kandahar, Afghanistan"
Pashtun_Ghilji,33.55,68.42,ethnic,"Ghazni, Afghanistan"
Pashtun_India_Bhopal,23.26,77.41,site,"Bhopal, Madhya Pradesh, India"
Pashtun_Kakakhel,33.98,71.6,ethnic,"Kaka Khel area, Khyber-Nowshera, Pakistan"
Pashtun_Khalil,34.02,71.52,ethnic,"Peshawar valley, Pakistan"
Pashtun_Khattak,33.12,71.09,ethnic,"Karak-Kohat, Khyber Pakhtunkhwa, Pakistan"
Pashtun_Khattak_Nowshera,34.02,71.98,site,"Nowshera, Khyber Pakhtunkhwa, Pakistan"
Pashtun_Mohmand,34.35,71.3,district,"Mohmand district, Khyber Pakhtunkhwa, Pakistan"
Pashtun_Northeast_Afghanistan,36.5,69.0,region,"Kunduz-Baghlan, northeastern Afghanistan"
Pashtun_Pakistan,33.5,70.5,ethnic,"Khyber Pakhtunkhwa, Pakistan"
Pashtun_Pakistan_Kurram,33.9,70.1,district,"Kurram (Parachinar), Pakistan"
Pashtun_Pakistan_Syed,34.0,71.5,guess,"Peshawar region, Pakistan"
Pashtun_Safi,34.8,71.0,ethnic,"Safi area, Kunar-Mohmand borderland"
Pashtun_Shinwari,34.15,70.9,ethnic,"Shinwari area, Nangarhar / Torkham"
Pashtun_Tarkalani,34.68,71.5,ethnic,"Bajaur, Khyber Pakhtunkhwa, Pakistan"
Pashtun_Tarkalani_Kakazai,34.68,71.5,ethnic,"Bajaur, Khyber Pakhtunkhwa, Pakistan"
Pashtun_Uthmankhel,34.6,71.6,ethnic,"Bajaur-Malakand, Pakistan"
Pashtun_Waziri,32.6,69.9,ethnic,"Waziristan, Pakistan"
Pashtun_Yusufzai,34.3,72.05,ethnic,"Mardan-Swat, Khyber Pakhtunkhwa, Pakistan"
Pashtun_Zazi,33.75,69.9,ethnic,"Jaji (Zazi), Paktia, Afghanistan"
Pedi,-24.2,29.9,ethnic,"Sekhukhuneland, Limpopo, South Africa"
Persian,32.5,53.5,ethnic,Iran (Persian core)
Persian_Achomi,27.68,54.33,ethnic,"Larestan, Fars, Iran"
Persian_Bandari,27.19,56.28,ethnic,"Bandar Abbas, Hormozgan, Iran"
Persian_Fars,29.6,52.8,region,"Fars province, Iran"
Persian_Fars_Shiraz,29.59,52.58,site,"Shiraz, Fars, Iran"
Persian_Isfahan,32.65,51.67,site,"Isfahan, Iran"
Persian_Kerman,30.28,57.08,site,"Kerman, Iran"
Persian_Khorasan,36.3,59.6,region,"Mashhad, Khorasan, Iran"
Persian_Khuzestan,31.32,48.67,region,"Ahvaz, Khuzestan, Iran"
Persian_Markazi,34.09,49.7,district,"Arak, Markazi, Iran"
Persian_Qom,34.64,50.88,site,"Qom, Iran"
Persian_Semnan,35.58,53.39,site,"Semnan, Iran"
Persian_Sistan,31.03,61.5,region,"Zabol, Sistan, Iran"
Persian_Tehran,35.69,51.39,site,"Tehran, Iran"
Persian_Yazd,31.9,54.37,site,"Yazd, Iran"
Peru_Antaura_Tiwanaku,-15.5,-72.0,guess,"Antaura, Arequipa, Peru"
Peru_Campanayuq_LIP_Chanka,-13.65,-73.95,site,"Campanayuq Rumi, Ayacucho, Peru"
Peru_Charrangochayoc_LIP_Chanka,-13.6,-74.0,guess,"Charrangochayoc, Ayacucho, Peru"
Peru_Chincha_LH,-13.42,-76.13,site,"Chincha, Peru"
Peru_Chinchawas_LIP_Chimu,-9.5,-77.7,site,"Chinchawas, Ancash, Peru"
Peru_Chinchawas_MH,-9.5,-77.7,site,"Chinchawas, Ancash, Peru"
Peru_Cotahuasi_Tiwanaku,-15.2,-72.9,site,"Cotahuasi, Arequipa, Peru"
Peru_Cullcunche_Tiwanaku,-15.5,-72.5,guess,"Cullcunche, Arequipa, Peru"
Peru_Cuncaicha_3300BP,-15.3,-71.7,site,"Cuncaicha, Arequipa, Peru"
Peru_Cuncaicha_4200BP,-15.3,-71.7,site,"Cuncaicha, Arequipa, Peru"
Peru_Cuncaicha_9000BP,-15.3,-71.7,site,"Cuncaicha, Arequipa, Peru"
Peru_Cuzco_Casa_Concha_LH,-13.52,-71.97,site,"Cusco, Peru"
Peru_Cuzco_Kusicancha_LH,-13.52,-71.97,site,"Cusco, Peru"
Peru_Cuzco_Qotakalli_LH,-13.52,-71.97,site,"Cusco, Peru"
Peru_Cuzco_Sacsahuaman_LH,-13.51,-71.98,site,"Sacsayhuaman, Cusco, Peru"
Peru_El_Brujo_EIP_1300BP,-7.9,-79.3,site,"El Brujo, La Libertad, Peru"
Peru_El_Brujo_EIP_Moche,-7.9,-79.3,site,"El Brujo, La Libertad, Peru"
Peru_El_Brujo_MH-LIP_850BP,-7.9,-79.3,site,"El Brujo, La Libertad, Peru"
Peru_El_Brujo_MH-LIP_Lambayeque,-7.9,-79.3,site,"El Brujo, La Libertad, Peru"
Peru_Kaillachuro,-15.8,-69.7,guess,"Kaillachuro, Lake Titicaca, Peru"
Peru_Kanamarka_LH,-14.8,-71.4,guess,"Kanamarka, Espinar, Cusco, Peru"
Peru_La_Galgada_4100BP,-8.55,-78.15,site,"La Galgada, Ancash, Peru"
Peru_Laguna_de_los_Condores_LIP_Chachapoyas,-6.65,-77.7,site,"Laguna de los Condores, Amazonas, Peru"
Peru_Laramate_900BP,-14.3,-74.85,site,"Laramate, Ayacucho, Peru"
Peru_Laramate_LIP_600BP,-14.3,-74.85,site,"Laramate, Ayacucho, Peru"
Peru_Lauricocha_3500BP,-10.3,-76.75,site,"Lauricocha, Huanuco, Peru"
Peru_Lauricocha_5800BP,-10.3,-76.75,site,"Lauricocha, Huanuco, Peru"
Peru_Lauricocha_8600BP,-10.3,-76.75,site,"Lauricocha, Huanuco, Peru"
Peru_Lima_EIP_1450BP,-12.05,-77.05,site,"Lima, Peru"
Peru_Lima_LIP_650BP,-12.05,-77.05,site,"Lima, Peru"
Peru_Lima_LIP_800BP,-12.05,-77.05,site,"Lima, Peru"
Peru_Machu_Piccu_LH,-13.16,-72.55,site,"Machu Picchu, Peru"
Peru_Maucallacta_Tiwanaku,-15.7,-72.3,site,"Maucallacta, Arequipa, Peru"
Peru_Mesayocpata_LH_Inca,-13.5,-72.0,guess,"Mesayocpata, Cusco, Peru"
Peru_Ollantaytambo_LIP,-13.26,-72.26,site,"Ollantaytambo, Cusco, Peru"
Peru_Palpa_LIP_550BP,-14.53,-75.19,site,"Palpa, Ica, Peru"
Peru_Rio_Uncallane_1800BP,-15.9,-69.7,guess,"Rio Uncallane, Lake Titicaca, Peru"
Peru_San_Sebastian_LH_Inca_500BP,-13.53,-71.93,site,"San Sebastian, Cusco, Peru"
Peru_San_Sebastian_LIP_Inca_600BP,-13.53,-71.93,site,"San Sebastian, Cusco, Peru"
Peru_Titicaca_1310-1424_CE,-15.9,-69.8,region,"Lake Titicaca, Peru"
Peru_Ullujaya_EIP_1350BP,-14.6,-75.3,guess,"Ullujaya, Ica, Peru"
Peru_Ullujaya_MH_950BP,-14.6,-75.3,guess,"Ullujaya, Ica, Peru"
Peruvian_Mestizo,-12.05,-77.04,country,"Lima, Peru"
Piapoco,4.2,-69.5,ethnic,"Orinoco basin, Colombia-Venezuela"
Pima,28.5,-108.5,ethnic,"Pima Bajo area, Sonora-Chihuahua, Mexico"
Piramalai_Kallar,10.1,78.3,ethnic,"Madurai-Sivaganga, Tamil Nadu, India"
Pohnpei_Na_Island_Early_Modern,6.85,158.35,site,"Na Island, Pohnpei, Micronesia"
Pohnpei_Nan_Madol_Early_Modern_Isokelekel_Period,6.84,158.33,site,"Nan Madol, Pohnpei, Micronesia"
Pohnpei_Nan_Madol_Saudeleur_Period,6.84,158.33,site,"Nan Madol, Pohnpei, Micronesia"
Poland_Bell_Beaker,52.0,19.5,country,Poland
Poland_CA_Lublin-Volhynian_Bronocice,50.4,20.4,site,"Bronocice, Swietokrzyskie, Poland"
Poland_CA_Lublin-Volhynian_Ksiaznice,50.4,20.6,guess,"Ksiaznice, Swietokrzyskie, Poland"
Poland_Corded_Ware,52.0,19.5,country,Poland
Poland_Corded_Ware_Early,52.0,19.5,country,Poland
Poland_Corded_Ware_Proto-Unetice,51.6,17.5,region,"Greater Poland / Silesia, Poland"
Poland_EBA_Chlopice_Vesele,49.95,22.65,site,"Chlopice, Podkarpackie, Poland"
Poland_EBA_Gustorzyn,52.62,18.83,site,"Gustorzyn, Kuyavia, Poland"
Poland_EBA_Iwiny,51.22,15.62,site,"Iwiny, Lower Silesia, Poland"
Poland_EBA_Iwno,52.37,17.28,site,"Iwno, Greater Poland, Poland"
Poland_EBA_Mierzanowice,50.79,21.53,site,"Mierzanowice, Swietokrzyskie, Poland"
Poland_EBA_Strzyzow,50.78,24.05,site,"Strzyzow, Hrubieszow County, Poland"
Poland_EBA_Unetice,51.1,16.9,region,"Silesia, Poland"
Poland_EN_LBK_Kruszyn,52.62,18.95,site,"Kruszyn near Wloclawek, Poland"
Poland_Early-High_Medieval_Gniezno,52.53,17.6,site,"Gniezno, Greater Poland, Poland"
Poland_Early_Medieval_Markowice,52.75,18.35,site,"Markowice, Kuyavia, Poland"
Poland_Early_Medieval_Niemcza,50.72,16.84,site,"Niemcza, Lower Silesia, Poland"
Poland_Early_Medieval_Viking_Age_Bodzia,52.6,19.0,site,"Bodzia near Wloclawek, Poland"
Poland_Early_Medieval_Viking_Age_Cedynia,52.87,14.2,site,"Cedynia, West Pomerania, Poland"
Poland_Early_Medieval_Viking_Age_Sandomierz,50.68,21.75,site,"Sandomierz, Swietokrzyskie, Poland"
Poland_Early_Modern_Puck,54.72,18.41,site,"Puck, Pomerania, Poland"
Poland_Early_Modern_Tunel_Wielki,50.2,19.83,site,"Tunel Wielki Cave, Ojcow, Poland"
Poland_High_Medieval_Balczewo,52.75,18.42,site,"Balczewo, Kuyavia, Poland"
Poland_High_Medieval_Cedynia,52.87,14.2,site,"Cedynia, West Pomerania, Poland"
Poland_High_Medieval_Dziekanowice,52.53,17.38,site,"Dziekanowice, Lake Lednica, Poland"
Poland_High_Medieval_Groszowice,50.63,17.95,site,"Groszowice, Opole, Poland"
Poland_High_Medieval_Konskie,51.19,20.41,site,"Konskie, Swietokrzyskie, Poland"
Poland_High_Medieval_Krakow,50.06,19.94,site,"Krakow, Poland"
Poland_High_Medieval_Lad,52.22,17.88,site,"Lad nad Warta, Greater Poland, Poland"
Poland_High_Medieval_Legowo,54.25,18.65,site,"Legowo near Pruszcz Gdanski, Poland"
Poland_High_Medieval_Markowice,52.75,18.35,site,"Markowice, Kuyavia, Poland"
Poland_High_Medieval_Milicz,51.53,17.28,site,"Milicz, Lower Silesia, Poland"
Poland_High_Medieval_Oblaczkowo,52.32,17.53,site,"Oblaczkowo near Wrzesnia, Poland"
Poland_High_Medieval_Ostrow_Lednicki,52.53,17.38,site,"Ostrow Lednicki, Greater Poland, Poland"
Poland_High_Medieval_Plonsk,52.62,20.38,site,"Plonsk, Mazovia, Poland"
Poland_High_Medieval_Poznan,52.41,16.93,site,"Poznan, Poland"
Poland_High_Medieval_Poznan_Srodka,52.41,16.96,site,"Srodka, Poznan, Poland"
Poland_High_Medieval_Rumin,52.25,18.1,site,"Rumin, Konin County, Poland"
Poland_High_Medieval_Santok,52.73,15.42,site,"Santok, Lubusz, Poland"
Poland_IA_Przeworsk_Gaski,52.83,18.35,site,"Gaski, Kuyavia, Poland"
Poland_LIA_Czulice,50.11,20.12,site,"Czulice near Krakow, Poland"
Poland_LIA_Wielbark_Czarnowko,54.55,17.83,site,"Czarnowko near Lebork, Poland"
Poland_LIA_Wielbark_Kowalewko,52.72,16.92,site,"Kowalewko, Oborniki County, Poland"
Poland_LIA_Wielbark_Maslomecz,50.77,24.03,site,"Maslomecz, Hrubieszow County, Poland"
Poland_LIA_Wielbark_Pruszcz_Gdanski,54.26,18.64,site,"Pruszcz Gdanski, Pomerania, Poland"
Poland_LIA_Wielbark_Weklice,54.13,19.35,site,"Weklice near Elblag, Poland"
Poland_LN_Funnelbeaker_(TRB),52.7,18.5,region,"Kuyavia, Poland"
Poland_LN_Lengyel_(BKG),52.6,18.9,region,"Brzesc Kujawski area, Kuyavia, Poland"
Poland_LN_Lengyel_Krusza_Zamkowa,52.77,18.29,site,"Krusza Zamkowa near Inowroclaw, Poland"
Poland_LN_Lengyel_Racot,51.99,16.6,site,"Racot, Koscian County, Poland"
Poland_LN_Lengyel_Siniarzewo,52.75,18.75,site,"Siniarzewo, Kuyavia, Poland"
Poland_MBA_Trzciniec_Bocheniec,50.8,20.32,site,"Bocheniec, Swietokrzyskie, Poland"
Poland_MBA_Trzciniec_Brodzica,50.83,23.9,site,"Brodzica near Hrubieszow, Poland"
Poland_MBA_Trzciniec_Dacharzow,50.72,21.6,site,"Dacharzow near Sandomierz, Poland"
Poland_MBA_Trzciniec_Guciow,50.63,23.03,site,"Guciow, Roztocze, Poland"
Poland_MBA_Trzciniec_Gustorzyn,52.62,18.83,site,"Gustorzyn, Kuyavia, Poland"
Poland_MBA_Trzciniec_Karczyn,52.73,18.25,site,"Karczyn near Inowroclaw, Poland"
Poland_MBA_Trzciniec_Koszyce,50.2,20.6,site,"Koszyce, Proszowice County, Poland"
Poland_MBA_Trzciniec_Nowa_Huta-Clo,50.07,20.05,site,"Nowa Huta-Clo, Krakow, Poland"
Poland_MBA_Trzciniec_Nowa_Huta-Mogila,50.06,20.05,site,"Nowa Huta-Mogila, Krakow, Poland"
Poland_MBA_Trzciniec_Pielgrzymowice,49.93,18.68,site,"Pielgrzymowice, Silesia, Poland"
Poland_MBA_Trzciniec_Pielgrzymowice_(I2a),49.93,18.68,site,"Pielgrzymowice, Silesia, Poland"
Poland_MBA_Trzciniec_Pielgrzymowice_(R1b),49.93,18.68,site,"Pielgrzymowice, Silesia, Poland"
Poland_MBA_Trzciniec_Slonowice,50.25,20.55,site,"Slonowice, Swietokrzyskie, Poland"
Poland_MBA_Trzciniec_Zerniki_Gorne,50.42,20.62,site,"Zerniki Gorne, Busko County, Poland"
Poland_Mesolithic_Maglemosian_Kamienskie,52.6,18.5,guess,"Kuyavia, Poland"
Poland_Mesolithic_Maglemosian_Lojewo,52.78,18.32,site,"Lojewo near Inowroclaw, Poland"
Poland_N_Globular_Amphora,52.6,18.5,region,"Kuyavia, Poland"
Poland_UP_Magdalenian_Maszycka,50.2,19.82,site,"Maszycka Cave, Ojcow, Poland"
Polish,52.23,21.01,country,"Warsaw, Poland"
Polish_Mazovia,52.23,21.01,region,"Mazovia, Poland"
Polish_Silesia,50.26,19.02,region,"Silesia (Katowice), Poland"
Polish_Wielkopolska,52.41,16.93,region,"Greater Poland (Poznan), Poland"
Pomak_Bulgaria,41.58,24.71,ethnic,"Rhodope Mountains (Smolyan), Bulgaria"
Pomak_Greece,41.35,24.88,ethnic,"Xanthi, Western Thrace, Greece"
Pomak_North_Macedonia,41.6,20.9,ethnic,"Torbesh areas, western North Macedonia"
Portuguese,38.72,-9.14,country,"Lisbon, Portugal"
Portuguese_Madeira,32.65,-16.91,district,"Funchal, Madeira, Portugal"
Primorye_Early_Medieval_Heishui_Mohe,44.5,132.5,district,"Primorsky Krai, Russia"
Primorye_IA_Pospelovo,43.05,131.88,site,"Pospelovo, Russky Island, Vladivostok, Russia"
Primorye_MN_Boisman,42.72,131.2,site,"Boisman Bay, Primorsky Krai, Russia"
Primorye_N_Devils_Gate_Cave,44.63,135.53,site,"Devil's Gate Cave near Dalnegorsk, Russia"
Primorye_N_Letuchaya_Mysh,44.55,135.55,site,"Letuchaya Mysh Cave, Primorsky Krai, Russia"
Primorye_Paleometal,44.5,133.0,district,"Primorsky Krai, Russia"
Puerto_Rican,18.47,-66.11,country,"San Juan, Puerto Rico"
Puerto_Rico_Ceramic,18.22,-66.42,country,Puerto Rico
Pulaya_Kerala,9.9,76.5,ethnic,"Central Kerala, India"
Pulliyar,10.4,77.0,ethnic,"Palani-Anaimalai hills, Tamil Nadu-Kerala border"
Pumi,26.7,99.4,ethnic,"Lanping-Ninglang, Yunnan, China"
Punjabi_Arain,31.55,74.34,ethnic,"Lahore region, Punjab, Pakistan"
Punjabi_Arora,30.9,74.0,ethnic,West Punjab / Punjab borderland
Punjabi_Awan,32.9,72.7,ethnic,"Salt Range / Potohar, Punjab, Pakistan"
Punjabi_Bania_Gupta,30.9,75.85,ethnic,"Ludhiana, Punjab, India"
Punjabi_Brahmin,31.0,75.5,ethnic,"Punjab, India"
Punjabi_Brahmin_Doaba,31.33,75.58,region,"Doaba (Jalandhar), Punjab, India"
Punjabi_Brahmin_Potohar,33.6,73.05,region,"Potohar (Rawalpindi), Punjab, Pakistan"
Punjabi_Chuhra_Christian_India,31.0,75.5,ethnic,"Punjab, India"
Punjabi_Gujar,32.5,74.1,ethnic,"Gujrat district, Punjab, Pakistan"
Punjabi_Hindu_India,30.9,75.85,ethnic,"Ludhiana, Punjab, India"
Punjabi_Jatt_Muslim,31.2,73.1,ethnic,"Faisalabad region, Punjab, Pakistan"
Punjabi_Jatt_Sikh,30.9,75.5,ethnic,"Punjab, India"
Punjabi_Kamboj,30.6,74.9,ethnic,"Ferozepur-Kapurthala, Punjab, India"
Punjabi_Khatri,31.55,74.34,ethnic,"Lahore region, Punjab"
Punjabi_Lahore,31.55,74.34,site,"Lahore, Pakistan"
Punjabi_Lohar_Muslim_India,30.53,75.88,guess,"Malerkotla, Punjab, India"
Punjabi_Lubana_Sikh,31.3,75.2,ethnic,"Doaba, Punjab, India"
Punjabi_Mughal,32.0,74.2,guess,"Punjab, Pakistan"
Punjabi_Muslim_India,30.53,75.88,ethnic,"Malerkotla, Punjab, India"
Punjabi_Nai,31.0,75.3,ethnic,"Punjab, India"
Punjabi_Rajput,32.0,74.5,ethnic,"Punjab (Sialkot-Gujrat), Pakistan"
Punjabi_Rajput_Potohar,33.6,73.05,region,"Potohar (Rawalpindi), Punjab, Pakistan"
Punjabi_Ramgarhia_Tarkhan_Sikh,31.33,75.58,ethnic,"Jalandhar, Punjab, India"
Punjabi_Sikh_India,31.63,74.87,ethnic,"Amritsar, Punjab, India"
Punjabi_Syed,31.5,74.0,ethnic,"Punjab, Pakistan"
Punjabi_Tarkhan_Muslim,31.4,73.1,ethnic,"Faisalabad region, Punjab, Pakistan"
Qashqai,30.0,52.5,ethnic,"Qashqai lands, Fars, Iran"
Qatari_Arab,25.29,51.53,country,"Doha, Qatar"
Qiang_Guizou_Tongren_Jiangkou,27.7,108.85,site,"Jiangkou County, Tongren, Guizhou, China"
Qiang_Sichuan_Garze_Danba,30.88,101.89,site,"Danba County, Garze, Sichuan, China"
Qiang_Sichuan_Garze_Daofu,30.98,101.12,site,"Daofu County, Garze, Sichuan, China"
Qizilbash,34.53,69.17,ethnic,"Kabul, Afghanistan"
Quechua,-13.53,-71.97,ethnic,"Cusco, Peruvian Andes"
Quechua_Peru,-13.53,-71.97,ethnic,"Cusco, Peru"
Quechua_Peru_Titicaca,-15.84,-70.02,district,"Puno, Lake Titicaca, Peru"
Rai,27.2,86.8,ethnic,"Khotang / eastern hills, Nepal"
Rajasthani_Brahmin,26.9,75.8,region,"Jaipur, Rajasthan, India"
Rajasthani_Brahmin_Pareek,27.2,75.8,region,"Shekhawati-Jaipur, Rajasthan, India"
Rajasthani_Jatt,27.5,74.5,region,"Shekhawati-Nagaur, Rajasthan, India"
Rajasthani_Meghwal,26.0,72.0,region,"Barmer-Jodhpur, Rajasthan, India"
Rajasthani_Rajput,26.9,75.8,region,"Rajasthan, India"
Rakhine_Myanmar,20.15,92.9,ethnic,"Sittwe, Rakhine State, Myanmar"
Relli,18.3,83.9,ethnic,"Srikakulam, Andhra Pradesh, India"
Rendille,2.3,37.9,ethnic,"Marsabit / Kaisut desert, Kenya"
Reunionese_Creole,-20.88,55.45,country,"Saint-Denis, Reunion"
Rohingya,20.82,92.36,ethnic,"Maungdaw, northern Rakhine, Myanmar"
Roma_Bosnia-Herzegovina,43.86,18.41,country,"Sarajevo, Bosnia and Herzegovina"
Roma_Czechia,50.08,14.44,guess,"Prague, Czechia"
Roma_Portugal_Porto,41.15,-8.61,site,"Porto, Portugal"
Roma_Serbia,44.79,20.45,country,"Belgrade, Serbia"
Roma_Spain_Barcelona,41.39,2.17,site,"Barcelona, Spain"
Roma_Spain_Bilbao,43.26,-2.93,site,"Bilbao, Spain"
Roma_Spain_Granada,37.18,-3.6,site,"Granada, Spain"
Roma_Spain_Madrid,40.42,-3.7,site,"Madrid, Spain"
Roma_Turkey_Balkans,41.68,26.56,region,Edirne / Turkish Thrace
Romania_BA,45.9,25.0,country,Romania
Romania_BA_Glavanesti,47.5,27.05,site,"Glavanestii Vechi, Botosani County, Romania"
Romania_CA-LBA_Glavanesti,47.5,27.05,site,"Glavanestii Vechi, Botosani County, Romania"
Romania_CA_Bodrogkeresztur,46.5,24.0,region,"Transylvania, Romania"
Romania_CA_Cernavoda,44.34,28.03,site,"Cernavoda, Constanta County, Romania"
Romania_CA_Decea_Muresului_Decea_Muresului,46.35,23.85,site,"Decea Muresului, Alba County, Romania"
Romania_CA_Gumelnita_Gumelnita,44.1,26.65,site,"Gumelnita near Oltenita, Romania"
Romania_CA_Gumelnita_Pietrele_Magura_Gorgana,44.02,26.02,site,"Pietrele Magura Gorgana, Giurgiu County, Romania"
Romania_CA_Gura_Baciului,46.82,23.52,site,"Gura Baciului near Cluj-Napoca, Romania"
Romania_EBA_Glina,44.4,26.22,site,"Glina near Bucharest, Romania"
Romania_EBA_Pietrele_Magura_Gorgana,44.02,26.02,site,"Pietrele Magura Gorgana, Giurgiu County, Romania"
Romania_EBA_Ploiesti,44.94,26.03,site,"Ploiesti, Prahova County, Romania"
Romania_EBA_Yamnaya,45.5,27.5,region,Eastern Romania (Moldavia/Muntenia steppe)
Romania_EN-CA_Salcuta_Garlesti_(unclear_context),44.36,23.82,site,"Garlesti, Craiova, Dolj County, Romania"
Romania_EN_Starcevo,45.8,21.5,region,"Banat, Romania"
Romania_EN_Starcevo-Cris,46.2,22.5,region,"Banat / Transylvania, Romania"
Romania_EUP_Oase,45.02,21.85,site,"Pestera cu Oase, Caras-Severin, Romania"
Romania_EUP_Pestera_Muierii,45.18,23.75,site,"Pestera Muierii, Baia de Fier, Gorj, Romania"
Romania_Early_Modern_Pericei,47.23,22.9,site,"Pericei, Salaj County, Romania"
Romania_Early_Modern_Pericei_Bathory,47.23,22.9,site,"Pericei, Salaj County, Romania"
Romania_High_Medieval_Ploiesti_Triaj,44.9,26.03,site,"Ploiesti Triaj, Prahova County, Romania"
Romania_LN_Boian_Cascioarele,44.15,26.3,site,"Cascioarele, Calarasi County, Romania"
Romania_LN_Boian_Curatesti,44.3,26.5,guess,"Muntenia, Romania"
Romania_LN_Boian_Muntenia,44.6,26.0,region,"Muntenia, Romania"
Romania_LN_Iclod_Iclod,46.98,23.8,site,"Iclod, Cluj County, Romania"
Romania_Late_Antiquity_Hun,46.5,21.5,guess,Western Romania (Crisana)
Romania_MBA_Catacomb,45.5,27.5,region,Eastern Romania steppe
Romania_MBA_Monteoru,45.2,26.68,site,"Sarata Monteoru, Buzau County, Romania"
Romania_MLBA_Trestiana,46.35,27.55,site,"Trestiana, Vaslui County, Romania"
Romania_Mesolithic_Iron_Gates,44.67,22.35,site,"Iron Gates, Danube, Romania"
Romania_N,45.9,25.0,country,Romania
Romania_N_Baile_Herculane,44.88,22.41,site,"Baile Herculane, Caras-Severin, Romania"
Romania_N_Dudesti,44.42,26.15,site,"Dudesti, Bucharest, Romania"
Romania_N_Iron_Gates,44.67,22.35,site,"Iron Gates, Danube, Romania"
Romania_N_Piscolt,47.58,22.32,site,"Piscolt, Satu Mare County, Romania"
Romania_Roman_Empire-Early_Medieval_(Byzantine)_Histria,44.55,28.77,site,"Histria, Constanta County, Romania"
Romania_UP_Aurignacian-Gravettian_Cioclovina,45.6,23.13,site,"Cioclovina Cave, Hunedoara, Romania"
Romanian,44.43,26.1,country,"Bucharest, Romania"
Romaniote_(Yevanic_Jew),39.67,20.85,ethnic,"Ioannina, Epirus, Greece"
Ronga,-25.97,32.57,ethnic,"Maputo, Mozambique"
Ror,29.5,77.0,ethnic,"Muzaffarnagar-Karnal belt, Haryana / western UP, India"
Rostov_Ciscaucasia_EMBA_Yamnaya/Catacomb,47.0,41.0,district,"Southern Rostov Oblast, Russia"
Russia_Arkangelsk_Mesolithic_Veretye_Peschanitsa,61.5,38.85,site,"Peschanitsa, Lake Lacha, Arkhangelsk Oblast, Russia"
Russia_Bashkortostan_IA_Sarmatian_Chumarovo,53.3,55.8,guess,"Chumarovo, Bashkortostan, Russia"
Russia_Bashkortostan_IA_Sarmatian_Novo-Muraptalovo,52.75,56.35,site,"Novo-Muraptalovo, Kugarchinsky District, Bashkortostan"
Russia_Bashkortostan_LBA_Mezhovskaya,54.0,56.5,district,"Bashkortostan, Russia"
Russia_Bashkortostan_MLBA_Srubnaya_Alakul,53.5,56.0,district,"Bashkortostan, Russia"
Russia_Belgorod_Early_Medieval_Saltovo-Mayaki,50.6,37.5,district,"Belgorod Oblast, Russia"
Russia_Chuvashia_MBA_Abashevo,55.85,47.5,site,"Abashevo, Chuvashia, Russia"
Russia_Ingria_IA,59.7,30.3,region,"Ingria, Leningrad Oblast, Russia"
Russia_Ivanovo_BA_Fatyanovo,57.0,41.0,district,"Ivanovo Oblast, Russia"
Russia_Ivanovo_Early_Medieval,57.0,41.0,district,"Ivanovo Oblast, Russia"
Russia_Ivanovo_Early_Medieval_Viking_Age,57.0,41.0,district,"Ivanovo Oblast, Russia"
Russia_Ivanovo_High_Medieval_Viking_Age,57.0,41.0,district,"Ivanovo Oblast, Russia"
Russia_Ivanovo_IA,57.0,41.0,district,"Ivanovo Oblast, Russia"
Russia_Ivanovo_Late_Medieval,57.0,41.0,district,"Ivanovo Oblast, Russia"
Russia_Ivanovo_N_Lyalovo_Sakhtysh,56.85,40.5,site,"Sakhtysh, Teykovsky District, Ivanovo Oblast, Russia"
Russia_Ivanovo_N_Volosovo_Sakhtysh,56.85,40.5,site,"Sakhtysh, Teykovsky District, Ivanovo Oblast, Russia"
Russia_Kalmykia_EBA_Yamnaya,46.3,45.3,district,"Kalmykia, Russia"
Russia_Kalmykia_EMBA_Yamnaya/Catacomb,46.3,45.3,district,"Kalmykia, Russia"
Russia_Kalmykia_Eneolithic_Yashkulsky,46.17,45.35,site,"Yashkul, Kalmykia, Russia"
Russia_Kalmykia_MBA_Catacomb,46.3,45.3,district,"Kalmykia, Russia"
Russia_Kalmykia_MBA_Lola,46.3,45.3,district,"Kalmykia, Russia"
Russia_Karelia_Mesolithic_(EHG),61.7,35.6,region,"Yuzhny Oleny Ostrov, Lake Onega, Karelia, Russia"
Russia_Leningrad_BA_Fatyanovo,59.7,31.5,district,"Leningrad Oblast, Russia"
Russia_Leningrad_Early-High_Medieval_Viking_Age_Ladoga,59.99,32.3,site,"Staraya Ladoga, Leningrad Oblast, Russia"
Russia_Leningrad_Early_Medieval_Viking_Age_Ladoga,59.99,32.3,site,"Staraya Ladoga, Leningrad Oblast, Russia"
Russia_Leningrad_High_Medieval_Viking_Age_Ladoga,59.99,32.3,site,"Staraya Ladoga, Leningrad Oblast, Russia"
Russia_Lipetsk_Eneolithic_Ksizovo,52.35,38.95,site,"Ksizovo, Zadonsky District, Lipetsk Oblast, Russia"
Russia_Lipetsk_Eneolithic_Vasilyevsky,52.4,39.0,guess,"Lipetsk Oblast, Russia"
Russia_Lipetsk_MBA_Catacomb_Ksizovo,52.35,38.95,site,"Ksizovo, Zadonsky District, Lipetsk Oblast, Russia"
Russia_Lipetsk_N_Ksizovo,52.35,38.95,site,"Ksizovo, Zadonsky District, Lipetsk Oblast, Russia"
Russia_Moscow_BA_Fatyanovo,55.75,37.62,district,"Moscow Oblast, Russia"
Russia_Moscow_Mesolithic_Zamostje,56.35,38.15,site,"Zamostje 2, Sergiev Posad District, Moscow Oblast, Russia"
Russia_Murmansk_Early_Metal_Age_Bolshoy_Oleni_Ostrov,69.05,36.3,guess,"Bolshoy Oleny Island, Murmansk Oblast, Russia"
Russia_Murmansk_Late_Modern_Chalmny-Varre,67.6,36.0,site,"Chalmny-Varre, Lovozero District, Murmansk Oblast, Russia"
Russia_Orenburg_EBA_Yamnaya,51.8,55.1,district,"Orenburg Oblast, Russia"
Russia_Orenburg_IA_Sarmatian_Pokrovka,50.95,54.9,site,"Pokrovka, Orenburg Oblast, Russia"
Russia_Orenburg_MLBA_Sintashta,51.8,55.1,district,"Orenburg Oblast, Russia"
Russia_Orenburg_Mesolithic_Romanov-Il'murzin_Ural_River_Beach,51.6,55.0,guess,"Ural River, Orenburg Oblast, Russia"
Russia_Orenburg_Neolithic_Labazy,52.85,51.85,site,"Labazy, Kurmanaevsky District, Orenburg Oblast, Russia"
Russia_Pskov_Early-High_Medieval_Viking_Age_Pskov,57.82,28.33,site,"Pskov, Russia"
Russia_Rostov_EBA_Yamnaya,47.5,40.5,district,"Rostov Oblast, Russia"
Russia_Rostov_EMBA_Yamnaya/Catacomb,47.5,40.5,district,"Rostov Oblast, Russia"
Russia_Rostov_Early-High_Medieval_Rostov-on-Don_Nomad,47.23,39.72,site,"Rostov-on-Don, Russia"
Russia_Rostov_Eneolithic_Remontnoye,46.57,43.65,site,"Remontnoye, Rostov Oblast, Russia"
Russia_Rostov_Eneolithic_Sredni_Stog_Krivyansky,47.4,40.15,site,"Krivyanskaya, Rostov Oblast, Russia"
Russia_Rostov_IA_Sarmatian_Chebotarev,47.5,40.5,guess,"Rostov Oblast, Russia"
Russia_Rostov_IA_Sarmatian_Nesvetay,47.62,39.72,site,"Rodionovo-Nesvetayskoye, Rostov Oblast, Russia"
Russia_Rostov_MBA_Catacomb,47.5,40.5,district,"Rostov Oblast, Russia"
Russia_Samara_EBA_Yamnaya,53.2,50.2,district,"Samara Oblast, Russia"
Russia_Samara_Eneolithic_Chekalino,53.9,51.1,site,"Chekalino, Sergievsky District, Samara Oblast, Russia"
Russia_Samara_Eneolithic_Khvalynsk,52.49,48.1,site,"Khvalynsk, Saratov Oblast, Russia"
Russia_Samara_Eneolithic_Khvalynsk_Lebyazhinka,53.55,50.4,site,"Lebyazhinka, Samara Oblast, Russia"
Russia_Samara_Eneolithic_Maksimovka,53.3,50.9,guess,"Maksimovka, Samara Oblast, Russia"
Russia_Samara_Eneolithic_Samara_Ekaterinovka_Mys,52.95,49.3,site,"Ekaterinovka Mys, Bezenchuksky District, Samara Oblast, Russia"
Russia_Samara_Eneolithic_Samara_Syezzheye,53.0,51.2,site,"Syezzheye, Bogatovsky District, Samara Oblast, Russia"
Russia_Samara_IA_Scythian_Nadezhdinka_(questionable),53.4,51.5,guess,"Nadezhdinka, Samara Oblast, Russia"
Russia_Samara_MBA_Poltavka,53.2,50.2,district,"Samara Oblast, Russia"
Russia_Samara_MLBA_Potapovka,53.6,50.7,site,"Potapovka, Samara Oblast, Russia"
Russia_Samara_MLBA_Srubnaya,53.2,50.2,district,"Samara Oblast, Russia"
Russia_Samara_Mesolithic_(EHG),53.2,50.2,district,"Samara Oblast, Russia"
Russia_Saratov_EBA_Yamnaya,51.5,46.0,district,"Saratov Oblast, Russia"
Russia_Saratov_Eneolithic_Khvalynsk_Khlopkov_Bugor,52.45,48.05,site,"Khlopkov Bugor near Khvalynsk, Saratov Oblast, Russia"
Russia_Smolensk_Early-High_Medieval_Viking_Age_Gnezdovo,54.78,31.87,site,"Gnezdovo, Smolensk Oblast, Russia"
Russia_Sverdlorsk_N_Kumyshanskaya,58.0,59.0,guess,"Kumyshanskaya Cave, Sverdlovsk Oblast, Russia"
Russia_Tatarstan_Eneolithic_Murzikha,55.35,49.95,site,"Murzikha, Laishevsky District, Tatarstan, Russia"
Russia_Tatarstan_MLBA_Srubnaya,55.5,50.5,district,"Tatarstan, Russia"
Russia_Tver_BA_Fatyanovo,56.86,35.9,district,"Tver Oblast, Russia"
Russia_Tver_N_Upper_Volga_Culture_Yazykovo,57.35,37.6,site,"Yazykovo, Kashinsky District, Tver Oblast, Russia"
Russia_Vladimir_Early_Medieval,56.13,40.4,district,"Vladimir Oblast, Russia"
Russia_Vladimir_Early_Modern,56.13,40.4,district,"Vladimir Oblast, Russia"
Russia_Vladimir_High_Medieval_Viking_Age,56.13,40.4,district,"Vladimir Oblast, Russia"
Russia_Vladimir_Late_Medieval,56.13,40.4,district,"Vladimir Oblast, Russia"
Russia_Vladimir_Late_Modern,56.13,40.4,district,"Vladimir Oblast, Russia"
Russia_Vladimir_UP_Sunghir,56.18,40.5,site,"Sunghir, Vladimir, Russia"
Russia_Volgograd_EBA_Yamnaya,48.7,44.5,district,"Volgograd Oblast, Russia"
Russia_Volgograd_EMBA_Yamnaya/Catacomb,48.7,44.5,district,"Volgograd Oblast, Russia"
Russia_Volgograd_Eneolithic_Berezhnovka,50.2,45.8,guess,"Berezhnovka, Volgograd Oblast, Russia"
Russia_Volgograd_MBA_Poltavka/Catacomb_Stalingrad_Quarry,48.72,44.5,site,"Stalingrad Quarry, Volgograd, Russia"
Russia_Vologda_EN_Minino,59.55,39.35,site,"Minino, Lake Kubenskoye, Vologda Oblast, Russia"
Russia_Vologda_Early-High_Medieval_Viking_Age_Kurevanikha,58.85,36.3,site,"Kurevanikha, Ustyuzhensky District, Vologda Oblast, Russia"
Russia_Vologda_LBA-IA_Minino,59.55,39.35,site,"Minino, Lake Kubenskoye, Vologda Oblast, Russia"
Russia_Vologda_Mesolithic_Minino,59.55,39.35,site,"Minino, Lake Kubenskoye, Vologda Oblast, Russia"
Russia_Vologda_Mesolithic_Pogostishche,60.4,39.0,guess,"Pogostishche, Vologda Oblast, Russia"
Russia_Vologda_Mesolithic_Veretye_Karavaikha,60.3,38.9,site,"Karavaikha, Lake Vozhe, Vologda Oblast, Russia"
Russia_Voronezh_N_Lower_Don_Culture_Golubaya_Krinitsa,50.6,39.5,guess,"Golubaya Krinitsa, Voronezh Oblast, Russia"
Russia_Voronezh_UP_Aurignacian_Kostenki,51.39,39.05,site,"Kostenki, Voronezh Oblast, Russia"
Russia_Yaroslavl_BA_Fatyanovo,57.6,39.9,district,"Yaroslavl Oblast, Russia"
Russia_Yaroslavl_High_Medieval_Viking_Age_Rurikid_Pereslavl-Zalessky,56.74,38.86,site,"Pereslavl-Zalessky, Yaroslavl Oblast, Russia"
Russia_Yaroslavl_N_Lyalovo-Volosovo_Berendeyevo,56.57,39.1,site,"Berendeyevo, Yaroslavl Oblast, Russia"
Russian_Arkhangelsk_Krasnoborsky,61.55,45.92,district,"Krasnoborsky district, Arkhangelsk oblast, Russia"
Russian_Arkhangelsk_Leshukonsky,64.9,45.76,district,"Leshukonsky district, Arkhangelsk oblast, Russia"
Russian_Arkhangelsk_Pinezhsky,64.7,43.39,district,"Pinezhsky district, Arkhangelsk oblast, Russia"
Russian_Belgorod,50.6,36.59,district,"Belgorod, Russia"
Russian_Kaluga,54.51,36.26,district,"Kaluga, Russia"
Russian_Kostroma,57.77,40.93,district,"Kostroma, Russia"
Russian_Kursk,51.73,36.19,district,"Kursk, Russia"
Russian_Lipetsk,52.61,39.59,district,"Lipetsk, Russia"
Russian_Nizhny_Novgorod,56.33,44.0,district,"Nizhny Novgorod, Russia"
Russian_Novgorod,58.52,31.27,district,"Veliky Novgorod, Russia"
Russian_Oryol,52.97,36.07,district,"Oryol, Russia"
Russian_Pskov,57.82,28.33,district,"Pskov, Russia"
Russian_Ryazan,54.63,39.74,district,"Ryazan, Russia"
Russian_Smolensk,54.78,32.05,district,"Smolensk, Russia"
Russian_Tver,56.86,35.92,district,"Tver, Russia"
Russian_Voronezh,51.67,39.21,district,"Voronezh, Russia"
Russian_Yaroslavl,57.63,39.87,district,"Yaroslavl, Russia"
Rusyn_Ukraine,48.62,22.29,ethnic,"Transcarpathia (Uzhhorod), Ukraine"
Ryukyu_EN_Nagabaka,24.87,125.3,site,"Nagabaka, Miyako Island, Okinawa, Japan"
Ryukyu_Early_Modern_Nagabaka,24.87,125.3,site,"Nagabaka, Miyako Island, Okinawa, Japan"
Ryukyu_LN_Nagabaka,24.87,125.3,site,"Nagabaka, Miyako Island, Okinawa, Japan"
Saami_Finland,68.9,27.03,ethnic,"Inari, Finnish Lapland"
Saami_Kola,68.01,35.02,ethnic,"Lovozero, Kola Peninsula, Russia"
Saami_Norway,69.01,23.04,ethnic,"Kautokeino, Finnmark, Norway"
Saami_Sweden,66.61,19.83,ethnic,"Jokkmokk, Swedish Lapland"
Sabbatean_(Donme),41.01,28.98,ethnic,"Istanbul, Turkey (Donme community)"
Saharawi,27.15,-13.2,ethnic,"Laayoune, Western Sahara"
Saho_Eritrea,14.9,39.6,ethnic,"Saho highlands, southeastern Eritrea"
Saint_Helena_Late_Modern_Rupert's_Valley,-15.92,-5.71,site,"Rupert's Valley, Saint Helena"
Saint_Lucia_Ceramic,13.9,-60.98,country,Saint Lucia
Saint_Martin_Early_Modern,18.07,-63.05,country,"Saint Martin, Caribbean"
Saipan_Latte_Anaguan,15.18,145.75,site,"Anaguan, Saipan, Northern Mariana Islands"
Sakha_High_Medieval_Yana,70.71,135.57,district,"Yana River basin, Sakha Republic, Russia"
Sakha_LN_Ymyyakhtakh_Kamenka,62.0,129.7,guess,"Kamenka, Central Sakha Republic, Russia"
Sakha_LN_Ymyyakhtakh_Kyordyughen,63.5,126.5,guess,"Kyordyughen, Kobyaysky District, Sakha Republic, Russia"
Sakha_LN_Ymyyakhtakh_Pomazkino,67.5,153.7,site,"Pomazkino, Srednekolymsk, Sakha Republic, Russia"
Sakha_LUP_Khaiyrgas,60.8,127.0,guess,"Khaiyrgas Cave, Lena River, Sakha Republic, Russia"
Sakha_MN_Onnyos,62.5,130.0,guess,"Onnyos, Central Sakha Republic, Russia"
Sakha_Mesolithic_Duvanni_Yar,68.63,159.15,site,"Duvanny Yar, Kolyma River, Sakha Republic, Russia"
Sakha_UP_Yana,70.71,135.57,site,"Yana RHS, Sakha Republic, Russia"
Sakhalin_Late_Modern_Ainu,50.0,143.0,region,"Sakhalin Island, Russia"
Sakilli,10.8,78.7,ethnic,"Tamil Nadu, India"
Salar,35.85,102.49,ethnic,"Xunhua Salar Autonomous County, Qinghai, China"
Saliya_Kerala,11.6,75.8,ethnic,"North Kerala, India"
Salvadoran_Mestizo,13.69,-89.19,country,"San Salvador, El Salvador"
Samaritan,32.2,35.27,ethnic,"Mount Gerizim, Nablus, West Bank"
Samoan,-13.83,-171.77,country,"Apia, Samoa"
Samoan_(European-Mixed),-13.83,-171.77,country,"Apia, Samoa"
Samoan_(SSA-Mixed),-13.83,-171.77,country,"Apia, Samoa"
San,-21.0,21.0,ethnic,"Kalahari, Botswana-Namibia"
Sandawe,-4.9,35.8,ethnic,"Kondoa, Dodoma region, Tanzania"
Santhal_Bangladesh,25.1,88.7,ethnic,"Dinajpur-Rajshahi, northwestern Bangladesh"
Santhal_India,24.27,87.25,ethnic,"Dumka, Jharkhand, India"
Saraiki_Jatt,30.2,71.47,ethnic,"Multan, southern Punjab, Pakistan"
Sardinia_CA,40.1,9.1,region,"Sardinia, Italy"
Sardinia_Classical_Punic,39.22,9.12,region,"Southern Sardinia (Punic Sardinia), Italy"
Sardinia_Classical_Punic-Roman_Republic,39.22,9.12,region,"Southern Sardinia, Italy"
Sardinia_EBA,40.1,9.1,region,"Sardinia, Italy"
Sardinia_EBA_Nuragic,40.1,9.1,region,"Sardinia, Italy"
Sardinia_ECA,40.1,9.1,region,"Sardinia, Italy"
Sardinia_ECA-LBA,40.1,9.1,region,"Sardinia, Italy"
Sardinia_Early_Medieval,40.1,9.1,region,"Sardinia, Italy"
Sardinia_High_Medieval,40.1,9.1,region,"Sardinia, Italy"
Sardinia_IA-Classical_Phoenician/Punic,39.1,8.6,region,"Southwest Sardinia (Sulcis), Italy"
Sardinia_IA_Nuragic_Anghelu_Ruju,40.62,8.32,site,"Anghelu Ruju, Alghero, Sardinia, Italy"
Sardinia_IA_Nuragic_Sant'Imbenia,40.6,8.2,site,"Sant'Imbenia, Alghero, Sardinia, Italy"
Sardinia_IA_Phoenician,39.1,8.6,region,"Southwest Sardinia (Sulcis), Italy"
Sardinia_LBA_Nuragic,40.1,9.1,region,"Sardinia, Italy"
Sardinia_LCA,40.1,9.1,region,"Sardinia, Italy"
Sardinia_Late_Antiquity_Sant'Imbenia,40.6,8.2,site,"Sant'Imbenia, Alghero, Sardinia, Italy"
Sardinia_Late_Medieval,40.1,9.1,region,"Sardinia, Italy"
Sardinia_Late_Medieval-Early_Modern,40.1,9.1,region,"Sardinia, Italy"
Sardinia_MBA_Nuragic,40.1,9.1,region,"Sardinia, Italy"
Sardinia_N,40.1,9.1,region,"Sardinia, Italy"
Sardinia_Roman_Empire-Late_Antiquity_Aho_M._Carru,40.6,8.3,guess,"Monte Carru, Alghero, Sardinia, Italy"
Sardinia_Roman_Empire_Aho_M._Carru,40.6,8.3,guess,"Monte Carru, Alghero, Sardinia, Italy"
Sardinia_Roman_Empire_Sant'Imbenia,40.6,8.2,site,"Sant'Imbenia, Alghero, Sardinia, Italy"
Sardinia_Roman_Republic-Late_Antiquity_Sant'Imbenia,40.6,8.2,site,"Sant'Imbenia, Alghero, Sardinia, Italy"
Sardinian,40.1,9.1,region,"Sardinia, Italy"
Sardinian_Benetutti,40.42,9.2,site,"Benetutti, Sassari, Sardinia, Italy"
Sardinian_North,40.73,8.56,region,"Sassari, northern Sardinia, Italy"
Sardinian_Sulcis-Iglesiente,39.31,8.54,district,"Iglesias, Sulcis-Iglesiente, Sardinia, Italy"
Saudi,24.71,46.68,country,"Riyadh, Saudi Arabia"
Saudi_Arab,24.71,46.68,country,"Riyadh, Saudi Arabia"
Saudi_Arab_Hejaz,21.49,39.19,region,"Jeddah, Hejaz, Saudi Arabia"
Saudi_Arab_Jizan,16.89,42.57,district,"Jizan, Saudi Arabia"
Saudi_Arab_Najd,24.71,46.68,region,"Najd (Riyadh), Saudi Arabia"
Saudi_Arab_Qatif,26.57,50.01,site,"Qatif, Eastern Province, Saudi Arabia"
Savara,19.0,84.0,ethnic,"Sora country, Odisha-Andhra border, India"
Scotland_Bell_Beaker,56.8,-4.2,country,"Scotland, UK"
Scotland_CA-EBA,56.8,-4.2,country,"Scotland, UK"
Scotland_EIA,56.8,-4.2,country,"Scotland, UK"
Scotland_Early_Medieval_Pictish,57.4,-3.5,region,"Pictland, northeast Scotland, UK"
Scotland_Inner_Hebrides_Skye_LIA,57.4,-6.2,district,"Isle of Skye, Inner Hebrides, Scotland"
Scotland_Inner_Hebrides_Skye_N,57.4,-6.2,district,"Isle of Skye, Inner Hebrides, Scotland"
Scotland_LBA,56.8,-4.2,country,"Scotland, UK"
Scotland_LIA,56.8,-4.2,country,"Scotland, UK"
Scotland_MBA,56.8,-4.2,country,"Scotland, UK"
Scotland_MIA,56.8,-4.2,country,"Scotland, UK"
Scotland_MIA-LIA,56.8,-4.2,country,"Scotland, UK"
Scotland_Megalithic,56.8,-4.2,country,"Scotland, UK"
Scotland_N,56.8,-4.2,country,"Scotland, UK"
Scotland_Orkney_Early_Medieval_Pictish,59.0,-3.0,district,"Orkney, Scotland"
Scotland_Orkney_Early_Medieval_Viking_Age,59.0,-3.0,district,"Orkney, Scotland"
Scotland_Orkney_IA,59.0,-3.0,district,"Orkney, Scotland"
Scotland_Orkney_MBA,59.0,-3.0,district,"Orkney, Scotland"
Scotland_Orkney_N,59.0,-3.0,district,"Orkney, Scotland"
Scottish,55.95,-3.19,country,"Edinburgh, Scotland"
Scottish_Argyll_and_Bute,56.2,-5.4,district,"Argyll and Bute, Scotland, UK"
Selkup_Taz,67.0,82.0,district,"Taz River basin, Yamalo-Nenets, Russia"
Sena,-17.5,35.0,ethnic,"Lower Zambezi valley, Mozambique"
Sengwer,1.05,35.45,ethnic,"Cherangany Hills, Kenya"
Sephardic_Jew_Bulgaria,42.7,23.32,country,"Sofia, Bulgaria"
Sephardic_Jew_Portugal_(Belmonte_Crypto-Jew),40.36,-7.35,site,"Belmonte, Castelo Branco, Portugal"
Sephardic_Jew_Turkey,41.01,28.98,site,"Istanbul, Turkey"
Serb,44.02,20.92,country,Serbia
Serb_Bosnia,44.77,17.19,region,"Banja Luka, Republika Srpska, Bosnia"
Serb_Croatia,45.3,16.2,region,"Krajina/Slavonia, Croatia"
Serb_Herzegovina,42.71,18.34,region,"Trebinje, Herzegovina, Bosnia"
Serb_Montenegro,42.71,19.37,country,Montenegro
Serb_North_Macedonia,42.13,21.71,region,"Kumanovo, North Macedonia"
Serb_Serbia_Backa,45.65,19.6,district,"Backa, Vojvodina, Serbia"
Serb_Serbia_Belgrade,44.79,20.45,site,"Belgrade, Serbia"
Serb_Serbia_Branicevo,44.62,21.19,district,"Branicevo (Pozarevac), Serbia"
Serb_Serbia_Central_Banat,45.38,20.39,district,"Central Banat (Zrenjanin), Serbia"
Serb_Serbia_Jablanica,42.99,21.95,district,"Jablanica (Leskovac), Serbia"
Serb_Serbia_Kolubara,44.27,19.89,district,"Kolubara (Valjevo), Serbia"
Serb_Serbia_Macva,44.75,19.69,district,"Macva (Sabac), Serbia"
Serb_Serbia_Moravica,43.89,20.35,district,"Moravica (Cacak), Serbia"
Serb_Serbia_Nisava,43.32,21.9,district,"Nisava (Nis), Serbia"
Serb_Serbia_Pcinja,42.55,21.9,district,"Pcinja (Vranje), Serbia"
Serb_Serbia_Pomoravlje,43.98,21.26,district,"Pomoravlje (Jagodina), Serbia"
Serb_Serbia_Rasina,43.58,21.33,district,"Rasina (Krusevac), Serbia"
Serb_Serbia_Sumadija,44.01,20.91,district,"Sumadija (Kragujevac), Serbia"
Serb_Serbia_Toplica,43.23,21.59,district,"Toplica (Prokuplje), Serbia"
Serbia_CA_Tiszapolgar-Bodrogkeresztur,45.4,19.9,region,"Vojvodina, Serbia"
Serbia_EBA_Iron_Gates,44.56,22.03,site,"Iron Gates, Danube, Serbia"
Serbia_EBA_Maros_Mokrin,45.93,20.4,site,"Mokrin, Vojvodina, Serbia"
Serbia_EBA_Maros_Ostojicevo,45.9,20.2,site,"Ostojicevo, Vojvodina, Serbia"
Serbia_EBA_Yamnaya,45.4,20.0,region,"Vojvodina, Serbia"
Serbia_EN_Iron_Gates,44.56,22.03,site,"Iron Gates, Danube, Serbia"
Serbia_EN_Starcevo,44.77,20.7,site,"Starcevo near Pancevo, Serbia"
Serbia_EN_Starcevo-Cris,44.77,20.7,site,"Starcevo near Pancevo, Serbia"
Serbia_Early_Medieval_Gepid_Viminacium_Vise_Grobalja,44.73,21.22,site,"Viminacium, Kostolac, Serbia"
Serbia_Early_Medieval_Gomolava,44.9,19.77,site,"Gomolava, Hrtkovci, Srem, Serbia"
Serbia_Early_Medieval_Ravna_Kuline,43.65,22.3,site,"Ravna near Knjazevac, Serbia"
Serbia_Early_Modern_Sirmium,44.98,19.61,site,"Sirmium, Sremska Mitrovica, Serbia"
Serbia_High_Medieval_Sirmium,44.98,19.61,site,"Sirmium, Sremska Mitrovica, Serbia"
Serbia_High_Medieval_Viminacium_Rudine,44.73,21.22,site,"Viminacium, Kostolac, Serbia"
Serbia_High_Medieval_Viminacium_Svetinja,44.73,21.22,site,"Viminacium, Kostolac, Serbia"
Serbia_Late_Antiquity-Early_Medieval_(Roman_Empire-Byzantine)_Ravna_Slog,43.65,22.3,site,"Ravna near Knjazevac, Serbia"
Serbia_Late_Antiquity-Early_Medieval_Hun-Avar_Kormadin,44.75,20.25,site,"Kormadin, Jakovo near Belgrade, Serbia"
Serbia_Late_Antiquity-Early_Medieval_Ostrogoth-Gepid_Kormadin,44.75,20.25,site,"Kormadin, Jakovo near Belgrade, Serbia"
Serbia_Late_Antiquity_(Roman_Empire-Byzantine)_Beska,45.15,20.08,site,"Beska, Vojvodina, Serbia"
Serbia_Late_Antiquity_(Roman_Empire-Byzantine)_Mediana,43.32,21.95,site,"Mediana near Nis, Serbia"
Serbia_Late_Antiquity_(Roman_Empire-Byzantine)_Naissus,43.32,21.9,site,"Naissus (Nis), Serbia"
Serbia_Late_Antiquity_(Roman_Empire-Byzantine)_Ravna_Slog,43.65,22.3,site,"Ravna near Knjazevac, Serbia"
Serbia_Late_Antiquity_(Roman_Empire-Byzantine)_Viminacium_Pecine,44.73,21.22,site,"Viminacium, Kostolac, Serbia"
Serbia_Late_Antiquity_(Roman_Empire-Byzantine)_Viminacium_Pirivoj,44.73,21.22,site,"Viminacium, Kostolac, Serbia"
Serbia_Late_Antiquity_Sirmium,44.98,19.61,site,"Sirmium, Sremska Mitrovica, Serbia"
Serbia_Late_Antiquity_Svilos-Krusevlje,45.15,19.6,site,"Svilos, Fruska Gora, Serbia"
Serbia_Late_Medieval-Early_Modern_Lepenski_Vir,44.56,22.03,site,"Lepenski Vir, Serbia"
Serbia_Mesolithic_Iron_Gates,44.56,22.03,site,"Iron Gates (Lepenski Vir), Serbia"
Serbia_N,44.2,20.8,country,Serbia
Serbia_Roman_Empire-Late_Antiquity_Viminacium_Pecine,44.73,21.22,site,"Viminacium, Kostolac, Serbia"
Serbia_Roman_Empire-Late_Antiquity_Viminacium_Pirivoj,44.73,21.22,site,"Viminacium, Kostolac, Serbia"
Serbia_Roman_Empire-Late_Antiquity_Viminacium_Rit,44.73,21.22,site,"Viminacium, Kostolac, Serbia"
Serbia_Roman_Empire-Late_Antiquity_Viminacium_Vise_Grobalja,44.73,21.22,site,"Viminacium, Kostolac, Serbia"
Serbia_Roman_Empire_Naissus,43.32,21.9,site,"Naissus (Nis), Serbia"
Serbia_Roman_Empire_Viminacium_Kod_Koraba,44.73,21.22,site,"Viminacium, Kostolac, Serbia"
Serbia_Roman_Empire_Viminacium_Pecine,44.73,21.22,site,"Viminacium, Kostolac, Serbia"
Serbia_Roman_Empire_Viminacium_Pirivoj,44.73,21.22,site,"Viminacium, Kostolac, Serbia"
Serbia_Roman_Empire_Viminacium_Vise_Grobalja,44.73,21.22,site,"Viminacium, Kostolac, Serbia"
Serer_Gambia,13.45,-16.0,ethnic,"Serer areas, western Gambia"
She,27.0,119.5,ethnic,"She homeland, Fujian/Zhejiang, China"
Sherpa_Khumbu,27.8,86.72,district,"Khumbu, Solukhumbu, Nepal"
Sherpa_Rolwaling_Himal,27.87,86.35,district,"Rolwaling Himal, Dolakha, Nepal"
Sherpa_West_Bengal,27.04,88.26,district,"Darjeeling, West Bengal, India"
Shetlandic,60.3,-1.3,region,"Shetland, Scotland, UK"
Shilluk,9.53,31.66,ethnic,"Shilluk kingdom, Malakal, South Sudan"
Shipibo,-8.38,-74.53,ethnic,"Ucayali (Pucallpa), Peru"
Shor,52.8,87.89,ethnic,"Mountain Shoria (Tashtagol), Kemerovo, Russia"
Shor_Khakassia,53.72,91.44,district,"Khakassia, Russia"
Shor_Mountain,52.8,87.89,district,"Mountain Shoria, Kemerovo, Russia"
Sicilian,37.6,14.0,region,"Sicily, Italy"
Sicilian_Agrigento,37.31,13.58,district,"Agrigento, Sicily, Italy"
Sicilian_Central,37.57,14.28,region,"Central Sicily (Enna), Italy"
Sicilian_East,37.51,15.08,region,"Eastern Sicily (Catania), Italy"
Sicilian_Palermo,38.12,13.36,site,"Palermo, Sicily, Italy"
Sicilian_Syracuse,37.08,15.28,site,"Syracuse, Sicily, Italy"
Sicilian_Trapani,38.02,12.53,district,"Trapani, Sicily, Italy"
Sicilian_West,37.9,12.9,region,"Western Sicily, Italy"
Sicily_Bell_Beaker,37.6,14.0,region,"Sicily, Italy"
Sicily_Classical_Battle_of_Himera_409_BCE_Greek_Forces,37.98,13.82,site,"Himera, Sicily, Italy"
Sicily_Classical_Battle_of_Himera_480_BCE_Greek_Forces,37.98,13.82,site,"Himera, Sicily, Italy"
Sicily_EBA,37.6,14.0,region,"Sicily, Italy"
Sicily_EN,37.6,14.0,region,"Sicily, Italy"
Sicily_High_Medieval_Segesta_Christian,37.94,12.83,site,"Segesta, Sicily, Italy"
Sicily_High_Medieval_Segesta_Muslim,37.94,12.83,site,"Segesta, Sicily, Italy"
Sicily_IA-Classical_Himera,37.98,13.82,site,"Himera, Sicily, Italy"
Sicily_IA-Classical_Sicani,37.6,13.5,region,"Central-western Sicily (Sicani), Italy"
Sicily_IA_Sicani,37.6,13.5,region,"Central-western Sicily (Sicani), Italy"
Sicily_LBA,37.6,14.0,region,"Sicily, Italy"
Sicily_MBA,37.6,14.0,region,"Sicily, Italy"
Sicily_MN,37.6,14.0,region,"Sicily, Italy"
Sicily_Mesolithic_Early,37.9,13.2,region,"Northwest Sicily, Italy"
Sicily_Mesolithic_Late,37.9,13.2,region,"Northwest Sicily, Italy"
Sicily_UP_Epigravettian_San_Teodoro,38.05,14.6,site,"San Teodoro Cave, Acquedolci, Sicily, Italy"
Siirt_EBA_Basur_Hoyuk,37.93,41.95,site,"Basur Hoyuk, Siirt, Turkey"
Sindhi,25.9,68.5,region,"Sindh, Pakistan"
Sindhi_Hindu,25.9,68.5,ethnic,"Sindh, Pakistan"
Sinhalese,7.29,80.63,country,"Kandy, Sri Lanka"
Sioux_Lakota,43.3,-102.55,ethnic,"Pine Ridge, South Dakota, USA"
Sioux_Lakota_(European-Mixed),43.3,-102.55,ethnic,"Pine Ridge, South Dakota, USA"
Slovak,48.7,19.7,country,Slovakia
Slovakia_EBA,48.7,19.5,country,Slovakia
Slovakia_EBA_East_Slovakian_Tumulus_Lesne,48.87,21.9,site,"Lesne, Michalovce District, Slovakia"
Slovakia_EIA_Vekerzug,48.0,18.5,region,Southern Slovakia (Danube lowland)
Slovakia_Early_Medieval_Early_Slav_Blatne,48.35,17.35,site,"Blatne, Senec District, Slovakia"
Slovakia_Early_Medieval_Early_Slav_Mlynska_Dolina,48.15,17.07,site,"Mlynska Dolina, Bratislava, Slovakia"
Slovakia_Early_Medieval_Early_Slav_Vycapy-Opatovce,48.42,18.1,site,"Vycapy-Opatovce, Nitra District, Slovakia"
Slovakia_LIA-Early_Medieval_Tes_Mlynany,48.32,18.37,site,"Tesarske Mlynany, Zlate Moravce District, Slovakia"
Slovakia_LIA_La_Tene,48.6,18.5,region,Western Slovakia
Slovakia_LIA_Puchov_Bytca-Hrabove,49.22,18.57,site,"Bytca-Hrabove, Slovakia"
Slovakia_LIA_Puchov_Mikusovce,49.02,18.28,site,"Mikusovce, Ilava District, Slovakia"
Slovakia_LIA_Zohor,48.35,16.95,site,"Zohor, Malacky District, Slovakia"
Slovakia_Late_Antiquity-Early_Medieval_Tes_Mlynany,48.32,18.37,site,"Tesarske Mlynany, Slovakia"
Slovakia_Late_Antiquity_Poprad,49.06,20.3,site,"Poprad, Slovakia"
Slovakia_Late_Antiquity_Tes_Mlynany,48.32,18.37,site,"Tesarske Mlynany, Slovakia"
Slovakia_MLN_LBK,48.4,17.8,region,Western Slovakia (Danube lowland)
Slovakia_MN_LBK,48.4,17.8,region,Western Slovakia (Danube lowland)
Slovene,46.15,14.99,country,Slovenia
Slovenia_EIA_Hallstatt,45.9,15.1,region,"Dolenjska, Slovenia"
Slovenia_LBA-EIA_Urnfield/Hallstatt,46.0,14.9,region,Central Slovenia
Slovenia_LBA_Urnfield,46.0,14.9,region,Central Slovenia
Slovenia_Late_Antiquity_Emona,46.05,14.51,site,"Emona (Ljubljana), Slovenia"
Slovenia_MBA-LBA_Tumulus/Urnfield,46.0,14.9,region,Central Slovenia
Slovenia_MIA,46.1,14.8,country,Slovenia
Slovincian,54.7,17.35,ethnic,"Kluki/Leba, Pomerania, Poland"
Socotra_Early-High_Medieval,12.5,53.9,district,"Socotra, Yemen"
Socotra_Early-Late_Modern,12.5,53.9,district,"Socotra, Yemen"
Socotra_Early_Medieval,12.5,53.9,district,"Socotra, Yemen"
Socotra_High_Medieval,12.5,53.9,district,"Socotra, Yemen"
Solomon_Islands_500BP,-9.6,160.2,country,Solomon Islands
Somali,2.05,45.32,ethnic,"Mogadishu, Somalia"
Somali_Ethiopia,9.35,42.8,region,"Jigjiga, Somali Region, Ethiopia"
Somali_Kenya,-0.45,39.66,region,"Garissa, Kenya"
Somali_Somalia,2.05,45.32,country,"Mogadishu, Somalia"
Somali_Somaliland,9.56,44.07,region,"Hargeisa, Somaliland"
Soninke_Gambia,13.55,-14.2,ethnic,"Upper River Region, Gambia"
Sorb_Niederlausitz,51.76,14.33,district,"Lower Lusatia (Cottbus), Germany"
Sotho_Lesotho,-29.31,27.48,country,"Maseru, Lesotho"
Sotho_South_Africa,-28.5,28.0,ethnic,"Sotho homeland (Free State / Lesotho border), South Africa"
South_Africa_Ballito_Bay_A_2000BP,-29.54,31.21,site,"Ballito Bay, KwaZulu-Natal, South Africa"
South_Africa_Ballito_Bay_B_2000BP,-29.54,31.21,site,"Ballito Bay, KwaZulu-Natal, South Africa"
South_Africa_Champagne_Castle_400BP,-29.1,29.35,site,"Champagne Castle, Drakensberg, South Africa"
South_Africa_Eland_Cave_400BP,-28.95,29.35,site,"Eland Cave, Drakensberg, South Africa"
South_Africa_Faraoskop_2000BP,-32.15,18.65,site,"Faraoskop, Graafwater, Western Cape, South Africa"
South_Africa_Kasteelberg_1300BP,-32.85,18.1,site,"Kasteelberg, Vredenburg, Western Cape, South Africa"
South_Africa_Mfongosi_400BP,-28.85,30.6,site,"Mfongosi, KwaZulu-Natal, South Africa"
South_Africa_Newcastle_400BP,-27.75,29.93,site,"Newcastle, KwaZulu-Natal, South Africa"
South_Africa_Oakhurst_1300BP,-33.95,22.35,site,"Oakhurst Shelter near George, Western Cape, South Africa"
South_Africa_Oakhurst_4600BP,-33.95,22.35,site,"Oakhurst Shelter near George, Western Cape, South Africa"
South_Africa_Oakhurst_5700BP,-33.95,22.35,site,"Oakhurst Shelter near George, Western Cape, South Africa"
South_Africa_Oakhurst_6200BP,-33.95,22.35,site,"Oakhurst Shelter near George, Western Cape, South Africa"
South_Africa_Oakhurst_6400BP,-33.95,22.35,site,"Oakhurst Shelter near George, Western Cape, South Africa"
South_Africa_St._Helena_2000BP,-32.75,18.03,site,"St Helena Bay, Western Cape, South Africa"
South_Africa_Vaalkrans_200BP,-34.37,21.45,site,"Vaalkrans Shelter, southern Cape, South Africa"
South_African_Bantu,-26.2,28.05,country,"Johannesburg, South Africa"
South_Sudanese,4.85,31.58,country,"Juba, South Sudan"
Spanish_Andalusia_(Andalusian),37.5,-4.8,region,"Andalusia, Spain"
Spanish_Aragon_(Aragonese),41.6,-0.9,region,"Aragon, Spain"
Spanish_Aragon_North_(Aragonese),42.4,-0.3,district,"Huesca, Aragon, Spain"
Spanish_Asturias_(Asturian),43.3,-5.9,region,"Asturias, Spain"
Spanish_Baleares_(Catalan),39.6,2.9,region,"Balearic Islands, Spain"
Spanish_Baleares_Ibiza_(Catalan),38.98,1.43,site,"Ibiza, Balearic Islands, Spain"
Spanish_Baleares_Mallorca_(Catalan),39.6,2.99,district,"Mallorca, Balearic Islands, Spain"
Spanish_Baleares_Menorca_(Catalan),39.95,4.1,district,"Menorca, Balearic Islands, Spain"
Spanish_Biscay_West_(Cantabrian),43.32,-3.1,district,"Western Biscay, Basque Country, Spain"
Spanish_Canarias_(Canarian),28.3,-16.5,region,"Canary Islands, Spain"
Spanish_Canarias_El_Hierro_(Canarian),27.74,-18.02,site,"El Hierro, Canary Islands, Spain"
Spanish_Canarias_Fuerteventura_(Canarian),28.4,-14.0,site,"Fuerteventura, Canary Islands, Spain"
Spanish_Canarias_Gran_Canaria_(Canarian),27.96,-15.6,site,"Gran Canaria, Canary Islands, Spain"
Spanish_Canarias_La_Gomera_(Canarian),28.1,-17.22,site,"La Gomera, Canary Islands, Spain"
Spanish_Canarias_La_Palma_(Canarian),28.68,-17.83,site,"La Palma, Canary Islands, Spain"
Spanish_Canarias_Lanzarote_(Canarian),29.03,-13.63,site,"Lanzarote, Canary Islands, Spain"
Spanish_Canarias_Tenerife_(Canarian),28.29,-16.62,site,"Tenerife, Canary Islands, Spain"
Spanish_Cantabria_(Cantabrian),43.2,-4.03,region,"Cantabria, Spain"
Spanish_Castile_and_Leon_(Castilian),41.65,-4.72,region,"Castile and Leon, Spain"
Spanish_Castile_and_Leon_Burgos_North_(Castilian),42.8,-3.6,district,"Northern Burgos, Castile and Leon, Spain"
Spanish_Castile_and_Leon_Leon_(Castilian),42.6,-5.57,district,"Leon, Castile and Leon, Spain"
Spanish_Castile_and_Leon_Soria_(Castilian),41.76,-2.47,district,"Soria, Castile and Leon, Spain"
Spanish_Castilla-La_Mancha_(Castilian),39.5,-3.0,region,"Castilla-La Mancha, Spain"
Spanish_Catalonia_(Catalan),41.7,1.8,region,"Catalonia, Spain"
Spanish_Catalonia_Barcelones_(Catalan),41.39,2.17,district,"Barcelones (Barcelona), Catalonia, Spain"
Spanish_Catalonia_Camp_de_Tarragona_(Catalan),41.15,1.25,district,"Camp de Tarragona, Catalonia, Spain"
Spanish_Catalonia_Central_(Catalan),41.73,1.83,district,"Central Catalonia (Bages), Spain"
Spanish_Catalonia_Girona_(Catalan),41.98,2.82,district,"Girona, Catalonia, Spain"
Spanish_Catalonia_Lleida_(Catalan),41.62,0.62,district,"Lleida, Catalonia, Spain"
Spanish_Catalonia_Penedes_(Catalan),41.35,1.7,district,"Penedes, Catalonia, Spain"
Spanish_Catalonia_Peri-Barcelona_(Catalan),41.45,2.1,district,"Peri-Barcelona area, Catalonia, Spain"
Spanish_Catalonia_Pirineu_(Catalan),42.4,1.45,district,"Catalan Pyrenees, Spain"
Spanish_Catalonia_Terres_de_l'Ebre_(Catalan),40.82,0.52,district,"Terres de l'Ebre, Catalonia, Spain"
Spanish_Extremadura_(Extremaduran),39.2,-6.1,region,"Extremadura, Spain"
Spanish_Galicia_(Galician),42.8,-8.0,region,"Galicia, Spain"
Spanish_La_Rioja_(Riojan),42.35,-2.5,region,"La Rioja, Spain"
Spanish_Murcia_(Murcian),37.99,-1.13,region,"Murcia, Spain"
Spanish_Navarre_(Navarrese),42.7,-1.65,region,"Navarre, Spain"
Spanish_Valencia_(Valencian),39.47,-0.38,region,"Valencia, Spain"
Spanish_Valencia_Alicante_(Valencian),38.35,-0.48,district,"Alicante, Valencia, Spain"
Spanish_Valencia_Castellon_(Valencian),40.0,-0.05,district,"Castellon, Valencia, Spain"
Sri_Lankan,7.0,80.8,country,Sri Lanka
Stavropol_EBA_Maykop_Early,44.6,42.8,district,"Stavropol Krai, Russia"
Stavropol_EBA_Maykop_Late,44.6,42.8,district,"Stavropol Krai, Russia"
Stavropol_EBA_Steppe_Maykop,45.0,43.2,district,"Stavropol Krai, Russia"
Stavropol_EBA_Yamnaya,45.0,43.2,district,"Stavropol Krai, Russia"
Stavropol_EBA_Yamnaya/Novotitarovskaya,45.0,43.2,district,"Stavropol Krai, Russia"
Stavropol_EMBA_Kubano-Tersk,44.8,43.0,district,"Stavropol Krai, Russia"
Stavropol_EMBA_Yamnaya/Catacomb,45.0,43.2,district,"Stavropol Krai, Russia"
Stavropol_Eneolithic_Khutor_Belyy_(Eneolithic_Piedmont_Steppe),44.9,42.3,guess,"Khutor Belyy, Stavropol Krai, Russia"
Stavropol_Eneolithic_Konstantinovskiy_(Eneolithic_Piedmont_Steppe),44.13,43.15,site,"Konstantinovskaya near Pyatigorsk, Stavropol Krai, Russia"
Stavropol_Eneolithic_Konstantinovskiy_(Late_Eneolithic_Piedmont_Steppe),44.13,43.15,site,"Konstantinovskaya near Pyatigorsk, Stavropol Krai, Russia"
Stavropol_Eneolithic_Nevinnomyskiy_(Late_Eneolithic_Piedmont_Steppe),44.63,41.94,site,"Nevinnomyssk, Stavropol Krai, Russia"
Stavropol_Eneolithic_Progress_(Eneolithic_Piedmont_Steppe),44.15,43.3,site,"Progress near Pyatigorsk, Stavropol Krai, Russia"
Stavropol_Eneolithic_Sharakhalsun,45.3,43.2,site,"Sharakhalsun, Turkmensky District, Stavropol Krai, Russia"
Stavropol_Eneolithic_Vonyuchka_(Eneolithic_Piedmont_Steppe),44.05,43.1,site,"Vonyuchka near Pyatigorsk, Stavropol Krai, Russia"
Stavropol_Eneolithic_Zolotarevka,45.55,42.65,site,"Zolotarevka, Ipatovsky District, Stavropol Krai, Russia"
Stavropol_IA_Marinskaya,44.05,43.65,site,"Marinskaya, Kirovsky District, Stavropol Krai, Russia"
Stavropol_LBA-EIA_Koban_Essentukskiy,44.04,42.86,site,"Essentuki, Stavropol Krai, Russia"
Stavropol_LBA-EIA_Koban_Klin-Yar_3,43.92,42.72,site,"Klin-Yar, Kislovodsk, Stavropol Krai, Russia"
Stavropol_MBA_Catacomb,45.0,43.2,district,"Stavropol Krai, Russia"
Stavropol_MBA_Kubano-Tersk_Late,44.8,43.0,district,"Stavropol Krai, Russia"
Stavropol_MBA_Lola,45.2,43.5,district,"Stavropol Krai, Russia"
Stavropol_MBA_North_Caucasian_Culture,44.6,42.8,district,"Stavropol Krai, Russia"
Sudanese_Arab_Batahin,15.6,33.9,ethnic,"Butana, Sudan"
Sudanese_Arab_Ja'alin,16.69,33.43,ethnic,"Shendi, River Nile, Sudan"
Sudanese_Arab_Kababish,14.4,29.1,ethnic,"Sodari, North Kordofan, Sudan"
Sudanese_Arab_Shaigia,18.45,31.82,ethnic,"Korti/Merowe, Northern State, Sudan"
Sundanese,-6.91,107.61,ethnic,"Bandung, West Java, Indonesia"
Surinamese_Creole,5.85,-55.2,country,"Paramaribo, Suriname"
Surui,-11.0,-61.2,ethnic,"Rondonia, Brazil"
Svan,43.05,42.73,ethnic,"Mestia, Svaneti, Georgia"
Swahili_Kenya,-4.05,39.67,ethnic,"Mombasa, Kenya"
Swahili_Kenya_Faza,-2.05,41.1,site,"Faza, Pate Island, Lamu, Kenya"
Swahili_Kenya_Jomvu,-4.02,39.61,site,"Jomvu, Mombasa, Kenya"
Swahili_Kenya_Ndau,-1.95,41.14,site,"Ndau Island, Lamu, Kenya"
Swahili_Kenya_Pate,-2.09,41.05,site,"Pate, Pate Island, Lamu, Kenya"
Swahili_Kenya_Siyu,-2.05,41.07,site,"Siyu, Pate Island, Lamu, Kenya"
Swahili_Kenya_Tchundwa,-2.03,41.09,site,"Tchundwa, Pate Island, Lamu, Kenya"
Swahili_Kenya_Wasini,-4.66,39.38,site,"Wasini Island, Kwale, Kenya"
Swahili_Zanzibar,-6.16,39.2,site,"Zanzibar Town, Tanzania"
Sweden_BA_(Ollsjo_Megalithic_Site_Secondary_Burial),56.0,13.9,site,"Ollsjo, Skane, Sweden"
Sweden_BA_Nordic_Bronze_Age_Abekas,55.42,13.75,site,"Abekas, Skane, Sweden"
Sweden_BA_Nordic_Bronze_Age_Falbygden,58.17,13.55,district,"Falbygden, Vastergotland, Sweden"
Sweden_CA_Battle_Axe,58.0,14.0,country,Sweden
Sweden_CA_Battle_Axe-Dagger_Period,58.0,14.0,country,Sweden
Sweden_CA_Dagger_Period,58.0,14.0,country,Sweden
Sweden_EN_Funnelbeaker_(TRB),58.17,13.55,district,"Falbygden, Vastergotland, Sweden"
Sweden_Early-High_Medieval_Viking_Age_Jamtland,63.2,14.6,district,"Jamtland, Sweden"
Sweden_Early-High_Medieval_Viking_Age_Karda,57.1,14.1,site,"Karda, Smaland, Sweden"
Sweden_Early-High_Medieval_Viking_Age_Malmo,55.6,13.0,site,"Malmo, Skane, Sweden"
Sweden_Early-High_Medieval_Viking_Age_Oland,56.7,16.6,district,"Oland, Sweden"
Sweden_Early-High_Medieval_Viking_Age_Sigtuna,59.62,17.72,site,"Sigtuna, Uppland, Sweden"
Sweden_Early-High_Medieval_Viking_Age_Skara,58.39,13.44,site,"Skara, Vastergotland, Sweden"
Sweden_Early-High_Medieval_Viking_Age_Stockholm,59.33,18.07,site,"Stockholm, Sweden"
Sweden_Early-High_Medieval_Viking_Age_Uppland,59.9,17.8,district,"Uppland, Sweden"
Sweden_Early_Medieval_Viking_Age_Bjorko,59.33,17.54,site,"Bjorko (Birka), Sweden"
Sweden_Early_Medieval_Viking_Age_Gotland,57.5,18.5,district,"Gotland, Sweden"
Sweden_Early_Medieval_Viking_Age_Oland,56.7,16.6,district,"Oland, Sweden"
Sweden_Early_Medieval_Viking_Age_Sala,59.92,16.6,site,"Sala, Vastmanland, Sweden"
Sweden_Early_Medieval_Viking_Age_Sigtuna,59.62,17.72,site,"Sigtuna, Uppland, Sweden"
Sweden_Early_Medieval_Viking_Age_Uppsala,59.86,17.64,site,"Uppsala, Sweden"
Sweden_Early_Modern_Kalmar,56.66,16.36,site,"Kalmar, Sweden"
Sweden_High_Medieval_Viking_Age_Gotland,57.5,18.5,district,"Gotland, Sweden"
Sweden_High_Medieval_Viking_Age_Jamtland,63.2,14.6,district,"Jamtland, Sweden"
Sweden_High_Medieval_Viking_Age_Sigtuna,59.62,17.72,site,"Sigtuna, Uppland, Sweden"
Sweden_High_Medieval_Viking_Age_Stockholm,59.33,18.07,site,"Stockholm, Sweden"
Sweden_High_Medieval_Viking_Age_Uppsala,59.86,17.64,site,"Uppsala, Sweden"
Sweden_IA_Gotland,57.5,18.5,district,"Gotland, Sweden"
Sweden_IA_Oland,56.7,16.6,district,"Oland, Sweden"
Sweden_IA_Oxie,55.55,13.07,site,"Oxie, Malmo, Skane, Sweden"
Sweden_IA_Romback,55.9,13.5,guess,"Skane, Sweden"
Sweden_IA_Stockholm,59.33,18.07,site,"Stockholm, Sweden"
Sweden_IA_Uppsala,59.86,17.64,site,"Uppsala, Sweden"
Sweden_Late_Mesolithic-EN_Evensas,58.35,11.55,site,"Evensas, Bohuslan, Sweden"
Sweden_MN_A_Funnelbeaker_(TRB),58.17,13.55,district,"Falbygden, Vastergotland, Sweden"
Sweden_MN_A_Megalithic,58.17,13.55,district,"Falbygden, Vastergotland, Sweden"
Sweden_MN_B_Funnelbeaker_(TRB),58.17,13.55,district,"Falbygden, Vastergotland, Sweden"
Sweden_MN_B_Megalithic,58.17,13.55,district,"Falbygden, Vastergotland, Sweden"
Sweden_Mesolithic_Bredgarden,58.2,13.5,guess,"Vastergotland, Sweden"
Sweden_Mesolithic_Gotland,57.28,18.15,district,"Stora Forvar, Stora Karlso, Gotland, Sweden"
Sweden_Mesolithic_Hanaskede,58.35,13.6,site,"Hanaskede, Vastergotland, Sweden"
Sweden_Mesolithic_Huseby_Klev,58.22,11.55,site,"Huseby Klev, Orust, Bohuslan, Sweden"
Sweden_Mesolithic_Motala,58.54,15.04,site,"Motala, Ostergotland, Sweden"
Sweden_Mesolithic_Skateholm,55.4,13.5,site,"Skateholm, Skane, Sweden"
Sweden_Pitted_Ware_Ajvide,57.32,18.15,site,"Ajvide, Gotland, Sweden"
Sweden_Pitted_Ware_Hemmor,57.28,18.55,site,"Hemmor, Nar, Gotland, Sweden"
Sweden_Pitted_Ware_Vasterbjers,57.6,18.65,site,"Vasterbjers, Gothem, Gotland, Sweden"
Swedish,59.33,18.07,country,"Stockholm, Sweden"
Swiss_French,46.52,6.63,region,"Romandy (Lausanne), Switzerland"
Swiss_German,47.38,8.54,region,"Zurich, Switzerland"
Swiss_Italian,46.01,8.96,region,"Ticino (Lugano), Switzerland"
Switzerland_Bell_Beaker,46.8,8.2,country,Switzerland
Switzerland_Corded_Ware,46.8,8.2,country,Switzerland
Switzerland_EBA,46.8,8.2,country,Switzerland
Switzerland_Early_Modern_Basel,47.56,7.59,site,"Basel, Switzerland"
Switzerland_FN,46.8,8.2,country,Switzerland
Switzerland_LIA_La_Tene-Roman_Empire_Cornaux,47.05,7.0,site,"Cornaux, Neuchatel, Switzerland"
Switzerland_LIA_La_Tene-Roman_Empire_Wartau,47.1,9.48,site,"Wartau, St. Gallen, Switzerland"
Switzerland_LIA_La_Tene_Cornaux,47.05,7.0,site,"Cornaux, Neuchatel, Switzerland"
Switzerland_LN,46.8,8.2,country,Switzerland
Switzerland_Late_Antiquity_Basel-Waisenhaus,47.56,7.59,site,"Basel-Waisenhaus, Basel, Switzerland"
Switzerland_MN,46.8,8.2,country,Switzerland
Syria_EMBA_Ebla,35.8,36.8,site,"Ebla (Tell Mardikh), Idlib, Syria"
Syria_Early_Medieval_Islamic_Era_Tell_Qarassa,32.83,36.3,site,"Tell Qarassa, As-Suwayda, Syria"
Syrian_Arab,34.8,38.0,country,Syria
Syrian_Arab_Al-Hasakah,36.5,40.75,district,"Al-Hasakah, Syria"
Syrian_Arab_Aleppo,36.2,37.16,site,"Aleppo, Syria"
Syrian_Arab_Christian_Maronite,34.72,36.3,guess,"Wadi al-Nasara, Homs, Syria"
Syrian_Arab_Christian_Melkite_Greek_Catholic,33.51,36.29,guess,"Damascus, Syria"
Syrian_Arab_Damascus,33.51,36.29,site,"Damascus, Syria"
Syrian_Arab_Daraa,32.62,36.1,district,"Daraa, Syria"
Syrian_Arab_Deir_ez-Zor,35.34,40.14,district,"Deir ez-Zor, Syria"
Syrian_Arab_Golan,32.95,35.85,region,Golan Heights
Syrian_Arab_Hama,35.13,36.75,district,"Hama, Syria"
Syrian_Arab_Homs,34.73,36.71,district,"Homs, Syria"
Syrian_Arab_Idlib,35.93,36.63,district,"Idlib, Syria"
Syrian_Arab_Latakia,35.52,35.79,district,"Latakia, Syria"
Syrian_Arab_Raqqa,35.95,39.01,district,"Raqqa, Syria"
Syrian_Jew,33.51,36.29,guess,"Damascus, Syria"
Tabasaran,41.95,47.9,ethnic,"Tabasaran/Khiv districts, Dagestan, Russia"
Tahitian,-17.65,-149.43,site,"Tahiti, French Polynesia"
Tahitian_(European-Mixed),-17.65,-149.43,site,"Tahiti, French Polynesia"
Tai_Lue_Thailand,19.53,100.3,ethnic,"Chiang Kham, Phayao, Thailand"
Taiwan_IA_Hanben,24.4,121.75,site,"Hanben, Yilan County, Taiwan"
Taiwan_N_Gongguan,23.57,119.6,guess,"Gongguan, Penghu, Taiwan"
Taiwan_N_Hanben,24.4,121.75,site,"Hanben, Yilan County, Taiwan"
Taiwan_Pre-IA_Hanben,24.4,121.75,site,"Hanben, Yilan County, Taiwan"
Tajik,38.56,68.79,country,"Dushanbe, Tajikistan"
Tajik_Ayni,39.39,68.54,site,"Ayni, Sughd, Tajikistan"
Tajik_Badakhshan,37.49,71.55,district,"Khorog, Gorno-Badakhshan, Tajikistan"
Tajik_Ghazni,33.55,68.42,district,"Ghazni, Afghanistan"
Tajik_Gissar,38.53,68.55,site,"Hisor, Tajikistan"
Tajik_Herat,34.34,62.2,district,"Herat, Afghanistan"
Tajik_Jowzjan,36.65,65.75,district,"Jowzjan, Afghanistan"
Tajik_Kabul,34.53,69.17,site,"Kabul, Afghanistan"
Tajik_Kapisa,34.98,69.62,district,"Kapisa, Afghanistan"
Tajik_Khujand,40.28,69.62,site,"Khujand, Tajikistan"
Tajik_Kulob,37.91,69.78,site,"Kulob, Tajikistan"
Tajik_Panjshir,35.32,69.55,district,"Panjshir, Afghanistan"
Tajik_Samarkand,39.65,66.96,site,"Samarkand, Uzbekistan"
Tajik_Takhar,36.73,69.53,district,"Takhar, Afghanistan"
Tajikistan_BA_Dashti-Kozy,40.3,69.5,site,"Dashti-Kozy, Sughd Region, Tajikistan"
Tajikistan_Eneolithic_Sarazm,39.51,67.46,site,"Sarazm, Sughd Region, Tajikistan"
Tajikistan_HP_Kushan_Ksirov,37.9,69.8,site,"Ksirov, Khatlon Region, Tajikistan"
Tajikistan_N_Hissar_Tutkaul,38.4,69.3,site,"Tutkaul, Vakhsh valley, Tajikistan"
Talysh_Azerbaijan,38.75,48.85,ethnic,"Lankaran, Azerbaijan"
Tamang,27.9,85.5,ethnic,"Tamang homeland, central Nepal"
Tamang_Simigaon,27.72,86.3,site,"Simigaon, Dolakha, Nepal"
Tamang_Tashinam,28.1,85.3,guess,"Rasuwa district, Nepal"
Tamil_Brahmin_Iyengar,11.0,78.7,region,"Tamil Nadu, India"
Tamil_Nadu_Brahmin,11.0,78.7,region,"Tamil Nadu, India"
Tamil_Nadu_Brahmin_Iyer,11.0,78.7,region,"Tamil Nadu, India"
Tamil_Nadu_Dalit,11.0,78.7,region,"Tamil Nadu, India"
Tamil_Nadu_Vanniyar,11.9,79.2,region,"Northern Tamil Nadu, India"
Tamil_Pillai,10.0,78.8,region,"Southern Tamil Nadu, India"
Tamil_Sri_Lanka,9.66,80.02,region,"Jaffna, Sri Lanka"
Tanzania_Early_Modern_Lindi_Swahili,-10.0,39.72,site,"Lindi, Tanzania"
Tanzania_Early_Modern_Songo_Mnara_Swahili,-9.05,39.55,site,"Songo Mnara, Tanzania"
Tanzania_Gishimangeda_1600BP,-3.85,35.35,site,"Gishimangeda, Lake Eyasi, Tanzania"
Tanzania_Kisese_7000BP,-4.5,35.85,site,"Kisese II, Kondoa, Tanzania"
Tanzania_Late_Medieval-Early_Modern_Kilwa_Swahili,-8.96,39.51,site,"Kilwa Kisiwani, Tanzania"
Tanzania_Luxmanda_3000BP,-4.35,35.35,site,"Luxmanda, Manyara, Tanzania"
Tanzania_Pastoral_N,-3.5,35.5,region,Northern Tanzania (Rift Valley)
Tanzania_Pemba_1400BP,-5.2,39.75,district,"Pemba Island, Tanzania"
Tanzania_Pemba_600BP,-5.2,39.75,district,"Pemba Island, Tanzania"
Tanzania_Zanzibar_1300BP,-6.16,39.2,district,"Zanzibar (Unguja), Tanzania"
Tanzania_Zanzibar_800CE_(intrusive_burial),-6.16,39.2,district,"Zanzibar (Unguja), Tanzania"
Tat_Azerbaijan,41.36,48.51,ethnic,"Quba, Azerbaijan"
Tat_Azerbaijan_Ciscaucasia,43.49,43.62,guess,"Nalchik, Ciscaucasia, Russia"
Tat_Dagestan_Dzhalgan,42.1,48.24,site,"Dzhalgan, Derbent, Dagestan, Russia"
Tat_Dagestan_Nyugdi,41.98,48.25,site,"Nyugdi, Derbentsky, Dagestan, Russia"
Tat_Iran,36.2,49.8,ethnic,"Tat villages, Qazvin/Alborz, Iran"
Tatar,55.79,49.11,ethnic,"Kazan, Tatarstan, Russia"
Tatar_Kazan,55.79,49.11,site,"Kazan, Tatarstan, Russia"
Tatar_Lipka,53.2,23.9,ethnic,"Kruszyniany/Podlasie, Poland-Belarus"
Tatar_Mishar,54.2,45.6,ethnic,"Mishar lands, Mordovia/Penza, Russia"
Tatar_Siberian_Buhar,57.15,68.25,guess,"Bukharan Tatar villages, Tobolsk, Russia"
Tatar_Siberian_Irtysh_Barabinsk,55.35,78.35,district,"Barabinsk, Novosibirsk, Russia"
Tatar_Siberian_Ishtyak_Toguz,56.5,67.0,guess,"Ishtyak-Toguz group, Tyumen oblast, Russia"
Tatar_Siberian_Iskero-Tobolsk,58.2,68.25,site,"Tobolsk (Isker), Tyumen, Russia"
Tatar_Siberian_Tomsk,56.49,84.95,site,"Tomsk, Russia"
Tatar_Siberian_Yalutorovsky,56.66,66.31,site,"Yalutorovsk, Tyumen, Russia"
Tatar_Siberian_Zabolotniye,58.0,68.8,guess,"Zabolotye (Vagai swamps), Tyumen, Russia"
Teleut,54.3,86.2,ethnic,"Bekovo, Kemerovo, Russia"
Telugu,16.5,79.5,region,"Andhra Pradesh/Telangana, India"
Telugu_Balija,16.5,79.5,region,"Andhra Pradesh, India"
Telugu_Brahmin,16.5,79.5,region,"Andhra Pradesh/Telangana, India"
Telugu_Brahmin_Niyogi,16.5,79.5,region,"Andhra Pradesh/Telangana, India"
Telugu_Brahmin_Vaidiki,16.5,79.5,region,"Andhra Pradesh/Telangana, India"
Telugu_Kamma,16.3,80.4,region,"Coastal Andhra Pradesh, India"
Telugu_Mala_Andhra_Pradesh,16.0,80.0,region,"Andhra Pradesh, India"
Telugu_Reddy,16.5,79.5,region,"Andhra Pradesh/Telangana, India"
Telugu_Yadav,16.5,79.5,region,"Andhra Pradesh/Telangana, India"
Tetum_Kamanasa,-9.4,124.9,site,"Kamanasa, Malaka, West Timor, Indonesia"
Tetum_Umaklaran,-9.45,124.95,guess,"Umaklaran, Malaka, West Timor, Indonesia"
Tetum_Umanen_Lawalu,-9.35,124.85,guess,"Umanen Lawalu, Malaka, West Timor, Indonesia"
Thai,13.75,100.5,country,"Bangkok, Thailand"
Thailand_IA_Log_Coffin,19.55,98.2,district,"Pang Mapha, Mae Hong Son, Thailand"
Tharu,27.7,83.5,ethnic,"Terai (Tharu belt), Nepal"
Tibet_Early_Modern_Guge_Kingdom_Guge_Ganshidong,31.48,79.8,site,"Guge, Zanda County, Ngari, Tibet"
Tibet_IA_Agangrong,31.5,80.0,guess,"Ngari Prefecture, Tibet"
Tibet_IA_Butaxiongqu,32.0,80.2,guess,"Ngari Prefecture, Tibet"
Tibet_IA_Gebusailu,31.55,79.85,guess,"Gebusailu, Zanda County, Ngari, Tibet"
Tibet_IA_Jiesang,29.6,91.1,guess,"Lhasa area, Tibet"
Tibet_IA_Laga,30.0,90.5,guess,Central Tibet
Tibet_IA_Nudagang,31.5,89.0,guess,"Nagqu Prefecture, Tibet"
Tibet_IA_Ounie,30.5,89.0,guess,Central-western Tibet
Tibet_IA_Piyangjiweng,31.6,79.7,site,"Piyang-Dongga, Zanda County, Ngari, Tibet"
Tibet_IA_Pre-Tubo/Tubo_Gangre,31.5,89.2,guess,"Gangre, Nagqu, Tibet"
Tibet_IA_Pulanduowa,30.3,81.2,site,"Purang (Burang) County, Ngari, Tibet"
Tibet_IA_Qulongsazha,31.4,80.0,guess,"Zanda County, Ngari, Tibet"
Tibet_IA_Sangdalongguo,31.5,80.1,guess,"Ngari Prefecture, Tibet"
Tibet_IA_Sding_Chung,29.3,88.9,guess,"Shigatse Prefecture, Tibet"
Tibet_IA_Yusa,30.5,88.0,guess,Western Tibet
Tibet_IA_Zhangcun,29.7,91.2,guess,"Lhasa area, Tibet"
Tibet_LN_Xiaoenda,31.13,97.17,site,"Xiaoenda, Chamdo, Tibet"
Tibet_Late_Modern_Gelintang,30.0,91.0,guess,Central Tibet
Tibet_Medieval_Chaxiutang,31.5,92.0,guess,"Nagqu Prefecture, Tibet"
Tibet_Medieval_Dama,30.48,91.1,guess,"Damxung County, Lhasa, Tibet"
Tibet_Medieval_Gachong,29.5,90.5,guess,Central Tibet
Tibet_Medieval_Kangyu,29.0,89.0,guess,"Shigatse Prefecture, Tibet"
Tibet_Medieval_Latuotanggu,30.5,90.0,guess,Central Tibet
Tibet_Medieval_Longsangquduo,31.0,89.5,guess,"Nagqu Prefecture, Tibet"
Tibet_Medieval_Rangjun,29.25,91.77,guess,"Lhoka (Shannan), Tibet, China"
Tibet_Medieval_Shigou,29.65,91.1,guess,"Lhasa area, Tibet, China"
Tibet_Medieval_Tubo_Lajue,29.25,91.77,guess,"Lhoka (Shannan), Tibet, China"
Tibet_Medieval_Yushu,33.0,97.0,district,"Yushu, Qinghai, China"
Tibet_N_Mabu_Co,28.55,89.6,site,"Mabu Co, Kangmar, Shigatse, Tibet, China"
Tibet_N_Zongri_4.1k_BP,35.25,100.6,site,"Zongri, Tongde, Qinghai, China"
Tibet_N_Zongri_4.5k_BP,35.25,100.6,site,"Zongri, Tongde, Qinghai, China"
Tibet_N_Zongri_4.7k_BP,35.25,100.6,site,"Zongri, Tongde, Qinghai, China"
Tibet_N_Zongri_5.1k_BP,35.25,100.6,site,"Zongri, Tongde, Qinghai, China"
Tibet_Pre-IA_(LNBA)_Gebusailu,31.48,79.8,site,"Gebusailu, Zanda, Ngari, Tibet, China"
Tibet_Pre-IA_(LNBA)_Ousui,31.5,80.0,guess,"Ngari, Tibet, China"
Tibet_Pre-IA_(LNBA)_Pukagongma,31.5,79.85,guess,"Zanda, Ngari, Tibet, China"
Tibet_Pre-IA_(LNBA)_Redilong,31.45,79.75,guess,"Zanda, Ngari, Tibet, China"
Tibet_Pre-IA_(LNBA)_Sila,29.6,94.4,guess,"Nyingchi, Tibet, China"
Tibet_Pre-IA_(LNBA)_Tingcun,29.6,94.4,guess,"Nyingchi, Tibet, China"
Tibetan,29.65,91.1,ethnic,"Lhasa, Tibet, China"
Tibetan_Chamdo,31.14,97.18,district,"Chamdo, Tibet, China"
Tibetan_Gangcha,37.32,100.14,district,"Gangcha, Qinghai, China"
Tibetan_Gannan,34.98,102.91,district,"Gannan, Gansu, China"
Tibetan_Lhasa,29.65,91.1,site,"Lhasa, Tibet, China"
Tibetan_McLeod_Ganj,32.24,76.32,site,"McLeod Ganj, Himachal Pradesh, India"
Tibetan_Muslim_Srinagar,34.08,74.8,site,"Srinagar, Kashmir, India"
Tibetan_Nagqu,31.48,92.06,district,"Nagqu, Tibet, China"
Tibetan_Shannan,29.24,91.77,district,"Shannan (Lhoka), Tibet, China"
Tibetan_Shigatse,29.27,88.88,district,"Shigatse, Tibet, China"
Tibetan_Xinlong,30.94,100.31,district,"Xinlong, Garze, Sichuan, China"
Tibetan_Xunhua,35.85,102.49,district,"Xunhua, Qinghai, China"
Tibetan_Yajiang,30.03,101.02,district,"Yajiang, Garze, Sichuan, China"
Tibetan_Yunnan,27.83,99.71,region,"Shangri-La (Diqing), Yunnan, China"
Tigray_Ethiopia,13.5,39.47,region,"Mekelle, Tigray, Ethiopia"
Tigrinya_Eritrea,15.34,38.93,region,"Asmara, Eritrea"
Tikar_South,5.73,10.9,guess,"Southern Tikar area (Bankim/Foumban), Cameroon"
Tindi,42.3,46.05,ethnic,"Tindi, Tsumadinsky, Dagestan, Russia"
Tlingit_(European-Mixed),58.3,-134.42,ethnic,"Juneau, Alaska, USA"
Toda,11.41,76.7,ethnic,"Nilgiri Hills (Ooty), Tamil Nadu, India"
Todzin,52.5,96.5,ethnic,"Todzha, Tuva, Russia"
Tofalar,54.1,98.6,ethnic,"Tofalaria, Nizhneudinsky, Irkutsk, Russia"
Tonga_2500BP,-21.2,-175.2,region,"Tongatapu, Tonga"
Tongan,-21.13,-175.2,country,"Nuku'alofa, Tonga"
Tongan_(European-Mixed),-21.13,-175.2,country,"Nuku'alofa, Tonga"
Tongan_(SSA+European-Mixed),-21.13,-175.2,country,"Nuku'alofa, Tonga"
Torbesi_North_Macedonia,41.6,20.9,ethnic,"Reka/Debar area, North Macedonia"
Totonac,20.45,-97.32,ethnic,"Papantla, Veracruz, Mexico"
Toubou_Daza_Chad,15.0,17.0,ethnic,"Bahr el Ghazal, Chad"
Toubou_Teda,21.0,17.5,ethnic,"Tibesti, Chad"
Tripuri,23.83,91.28,ethnic,"Agartala, Tripura, India"
Tripuri_Jamatia,23.83,91.28,ethnic,"Tripura, India"
Tripuri_Reang,23.7,91.9,ethnic,"Tripura, India"
Tsakhur,41.53,46.79,ethnic,"Tsakhur, Rutulsky, Dagestan, Russia"
Tsez,42.15,46.1,ethnic,"Tsunta, Dagestan, Russia"
Tsimshian_(European-Mixed),54.31,-130.32,ethnic,"Prince Rupert, British Columbia, Canada"
Tswa,-23.87,35.38,ethnic,"Inhambane, Mozambique"
Tswana,-24.65,25.91,ethnic,"Gaborone, Botswana"
Tu,36.84,101.96,ethnic,"Huzhu Tu county, Qinghai, China"
Tubalar,52.26,87.11,ethnic,"Turochak, Altai Republic, Russia"
Tujia_Chongqing_Youyang,28.84,108.77,site,"Youyang, Chongqing, China"
Tujia_Guizou_Tongren_Jiangkou,27.7,108.85,site,"Jiangkou, Tongren, Guizhou, China"
Tulu_Brahmin_Karnataka,13.34,74.75,region,"Udupi, Karnataka, India"
Tulu_Bunt,12.87,74.84,region,"Mangalore, Karnataka, India"
Tumbuka_Malawi,-11.46,34.02,ethnic,"Mzuzu, northern Malawi"
Tunisia_EN_Doukanet_el-Khoutifa,36.05,9.25,site,"Doukanet el-Khoutifa, Siliana, Tunisia"
Tunisia_IA-Classical_Phoenician/Punic_Kerkouane,36.95,11.1,site,"Kerkouane, Nabeul, Tunisia"
Tunisia_LSA_Djebba,36.48,9.13,site,"Djebba, Beja, Tunisia"
Tunisia_N_Doukanet_el-Khoutifa,36.05,9.25,site,"Doukanet el-Khoutifa, Siliana, Tunisia"
Tunisia_N_Hergla,36.03,10.51,site,"Hergla, Sousse, Tunisia"
Tunisian_Arab,36.8,10.18,country,"Tunis, Tunisia"
Tunisian_Arab_Beja,36.73,9.18,district,"Beja, Tunisia"
Tunisian_Arab_Bizerte,37.27,9.87,district,"Bizerte, Tunisia"
Tunisian_Arab_Douz,33.47,9.02,site,"Douz, Kebili, Tunisia"
Tunisian_Arab_Jendouba,36.5,8.78,district,"Jendouba, Tunisia"
Tunisian_Arab_Monastir,35.78,10.83,district,"Monastir, Tunisia"
Tunisian_Arab_North,36.8,9.5,region,Northern Tunisia
Tunisian_Arab_R'Baya,33.6,9.1,guess,"R'Baya tribal area, Kebili, Tunisia"
Tunisian_Arab_Sfax,34.74,10.76,district,"Sfax, Tunisia"
Tunisian_Arab_Sousse,35.83,10.64,district,"Sousse, Tunisia"
Tunisian_Arab_Tunis,36.8,10.18,site,"Tunis, Tunisia"
Tunisian_Jew,33.81,10.85,guess,"Djerba, Tunisia"
Turkish_Adana,37.0,35.32,district,"Adana, Turkey"
Turkish_Adiyaman,37.76,38.28,district,"Adiyaman, Turkey"
Turkish_Afyonkarahisar,38.76,30.54,district,"Afyonkarahisar, Turkey"
Turkish_Afyonkarahisar_Northeast,39.1,31.1,district,"Northeastern Afyonkarahisar, Turkey"
Turkish_Aksaray,38.37,34.03,district,"Aksaray, Turkey"
Turkish_Amasya,40.65,35.83,district,"Amasya, Turkey"
Turkish_Ankara,39.93,32.86,district,"Ankara, Turkey"
Turkish_Ankara_Manav,40.05,32.6,district,"Manav villages, Ankara, Turkey"
Turkish_Antalya,36.9,30.7,district,"Antalya, Turkey"
Turkish_Antalya_Yoruk,36.95,30.3,district,"Yoruk areas, Antalya, Turkey"
Turkish_Aydin,37.85,27.84,district,"Aydin, Turkey"
Turkish_Balikesir,39.65,27.89,district,"Balikesir, Turkey"
Turkish_Balikesir_Cepni,39.6,27.3,guess,"Cepni villages, Balikesir, Turkey"
Turkish_Balkans,41.7,22.5,region,"Balkan Turks, southern Balkans"
Turkish_Bartin,41.63,32.34,district,"Bartin, Turkey"
Turkish_Bayburt,40.26,40.23,district,"Bayburt, Turkey"
Turkish_Bolu,40.74,31.61,district,"Bolu, Turkey"
Turkish_Burdur,37.72,30.29,district,"Burdur, Turkey"
Turkish_Cankiri,40.6,33.62,district,"Cankiri, Turkey"
Turkish_Central_Macedonia,40.64,22.94,region,"Central Macedonia (Thessaloniki), Greece"
Turkish_Corum,40.55,34.95,district,"Corum, Turkey"
Turkish_Cyprus,35.19,33.38,region,Northern Cyprus (Nicosia)
Turkish_Denizli,37.78,29.09,district,"Denizli, Turkey"
Turkish_Dodecanese,36.17,27.92,region,"Rhodes, Dodecanese, Greece"
Turkish_Duzce,40.84,31.16,district,"Duzce, Turkey"
Turkish_East_Thrace_Gelibolu,40.41,26.67,site,"Gelibolu, Canakkale, Turkey"
Turkish_Eastern_Macedonia,41.15,24.15,region,"Eastern Macedonia (Drama), Greece"
Turkish_Elazig,38.68,39.22,district,"Elazig, Turkey"
Turkish_Erzincan,39.75,39.49,district,"Erzincan, Turkey"
Turkish_Erzurum,39.9,41.27,district,"Erzurum, Turkey"
Turkish_Eskisehir,39.78,30.52,district,"Eskisehir, Turkey"
Turkish_Gaziantep,37.07,37.38,district,"Gaziantep, Turkey"
Turkish_Giresun,40.91,38.39,district,"Giresun, Turkey"
Turkish_Gumushane,40.46,39.48,district,"Gumushane, Turkey"
Turkish_Hatay,36.2,36.16,district,"Hatay (Antakya), Turkey"
Turkish_Isparta,37.76,30.55,district,"Isparta, Turkey"
Turkish_Istanbul,41.01,28.98,site,"Istanbul, Turkey"
Turkish_Izmir,38.42,27.14,district,"Izmir, Turkey"
Turkish_Kahramanmaras,37.58,36.93,district,"Kahramanmaras, Turkey"
Turkish_Karabuk,41.2,32.63,district,"Karabuk, Turkey"
Turkish_Karaman,37.18,33.22,district,"Karaman, Turkey"
Turkish_Kastamonu,41.38,33.78,district,"Kastamonu, Turkey"
Turkish_Kayseri,38.73,35.49,district,"Kayseri, Turkey"
Turkish_Kirikkale,39.85,33.51,district,"Kirikkale, Turkey"
Turkish_Kirsehir,39.15,34.16,district,"Kirsehir, Turkey"
Turkish_Kocaeli,40.77,29.94,district,"Kocaeli (Izmit), Turkey"
Turkish_Konya,37.87,32.49,district,"Konya, Turkey"
Turkish_Kutahya,39.42,29.99,district,"Kutahya, Turkey"
Turkish_Lesbos,39.1,26.55,region,"Lesbos, Greece"
Turkish_Malatya,38.35,38.31,district,"Malatya, Turkey"
Turkish_Manisa_Yoruk,38.7,28.2,district,"Yoruk areas, Manisa, Turkey"
Turkish_Mersin,36.8,34.63,district,"Mersin, Turkey"
Turkish_Mersin_Yoruk,36.95,34.3,district,"Yoruk areas, Mersin, Turkey"
Turkish_Meskhetian_Ardahan,41.11,42.7,district,"Ardahan, Turkey"
Turkish_Meskhetian_Georgia,41.64,42.98,district,"Akhaltsikhe (Meskheti), Georgia"
Turkish_Mugla,37.22,28.36,district,"Mugla, Turkey"
Turkish_Nevsehir,38.62,34.71,district,"Nevsehir, Turkey"
Turkish_North_Macedonia,41.8,21.3,region,"Gostivar/Skopje, North Macedonia"
Turkish_North_Thrace,41.65,25.37,region,"Kardzhali, northern Thrace, Bulgaria"
Turkish_Northern_Bulgaria,43.53,26.52,region,"Razgrad, northeastern Bulgaria"
Turkish_Ordu,40.98,37.88,district,"Ordu, Turkey"
Turkish_Rize,41.02,40.52,district,"Rize, Turkey"
Turkish_Sakarya,40.78,30.4,district,"Sakarya (Adapazari), Turkey"
Turkish_Samsun,41.29,36.33,district,"Samsun, Turkey"
Turkish_Sinop,42.03,35.15,district,"Sinop, Turkey"
Turkish_Sinop_Northwest,41.95,34.8,district,"Northwestern Sinop, Turkey"
Turkish_Sivas,39.75,37.02,district,"Sivas, Turkey"
Turkish_Thessaly,39.64,22.42,region,"Thessaly (Larissa), Greece"
Turkish_Tokat,40.32,36.55,district,"Tokat, Turkey"
Turkish_Trabzon,41.0,39.72,district,"Trabzon, Turkey"
Turkish_Trabzon_Besikduzu,41.05,39.23,site,"Besikduzu, Trabzon, Turkey"
Turkish_Tunceli,39.11,39.55,district,"Tunceli, Turkey"
Turkish_Usak,38.68,29.41,district,"Usak, Turkey"
Turkish_West_Thrace,41.12,25.4,region,"Western Thrace (Komotini), Greece"
Turkish_Western_Macedonia,40.3,21.79,region,"Western Macedonia (Kozani), Greece"
Turkish_Yozgat,39.82,34.81,district,"Yozgat, Turkey"
Turkish_Zonguldak,41.46,31.79,district,"Zonguldak, Turkey"
Turkmen,37.95,58.38,country,"Ashgabat, Turkmenistan"
Turkmen_Golestan,37.25,55.17,district,"Gonbad-e Kavus, Golestan, Iran"
Turkmen_Uzbekistan,41.55,60.63,region,"Khorezm, Uzbekistan"
Turkmenistan_BA_Gonur_Tepe,38.21,62.03,site,"Gonur Depe, Mary, Turkmenistan"
Turkmenistan_EBA_Parkhai,38.43,56.29,site,"Parkhai, Sumbar valley, Turkmenistan"
Turkmenistan_Eneolithic_Anau_Monjukli-Depe,37.05,60.5,site,"Monjukli Depe, Meana, Turkmenistan"
Turkmenistan_Eneolithic_Geoksyur,37.2,60.7,site,"Geoksyur, Tejen oasis, Turkmenistan"
Turkmenistan_Eneolithic_Namazga_Tepe,37.3,59.85,site,"Namazga Depe, Kaka, Turkmenistan"
Turkmenistan_Eneolithic_Parkhai,38.43,56.29,site,"Parkhai, Sumbar valley, Turkmenistan"
Turkmenistan_Eneolithic_Tepe_Anau,37.89,58.53,site,"Anau, Ahal, Turkmenistan"
Turkmenistan_IA_Takhirbai,37.95,62.2,site,"Takhirbai, Margiana, Turkmenistan"
Turkmenistan_LBA_Parkhai,38.43,56.29,site,"Parkhai, Sumbar valley, Turkmenistan"
Turkmenistan_LBA_Sumbar,38.4,56.3,district,"Sumbar valley, Balkan, Turkmenistan"
Turkmenistan_MBA_Parkhai,38.43,56.29,site,"Parkhai, Sumbar valley, Turkmenistan"
Turkmenistan_MBA_Ulug-Depe,37.25,60.0,site,"Ulug Depe, Dushak, Turkmenistan"
Tutsi,-1.94,29.87,ethnic,Rwanda
Tutsi_Banyamulenge,-4.2,28.9,ethnic,"Minembwe, South Kivu, DR Congo"
Tutsi_Burundi,-3.38,29.36,country,"Bujumbura, Burundi"
Tutsi_Rwanda,-1.94,30.06,country,"Kigali, Rwanda"
Tuva_EIA_Uyuk,52.05,93.65,district,"Uyuk valley (Arzhan), Tuva, Russia"
Tuvinian,51.72,94.45,ethnic,"Kyzyl, Tuva, Russia"
Twa_Uganda,-1.29,29.68,ethnic,"Kisoro, southwestern Uganda"
Tyumen_N_Koshkino-Boborykino_Mergen,56.18,69.3,site,"Mergen, Ishim district, Tyumen, Russia"
Tyumen_N_Sosnovyi_Ostrov,57.05,65.7,guess,"Sosnovyi Ostrov, Andreevskoe lake, Tyumen, Russia"
USA_Alaska_Ancient_Beringian,64.0,-146.9,site,"Upward Sun River, Alaska, USA"
USA_Alaska_Athabaskan_1100BP,62.95,-155.6,site,"Tochak McGrath, Alaska, USA"
USA_Alaska_Athabaskan_Late_Modern,62.95,-155.6,site,"Tochak McGrath, Alaska, USA"
USA_Alaska_Neo-Aleut,53.4,-168.4,region,"Aleutian Islands (Umnak), Alaska, USA"
USA_Alaska_Paleo-Aleut,53.4,-168.4,region,"Aleutian Islands (Umnak), Alaska, USA"
USA_Alaska_Trail_Creek_9000BP,65.8,-164.5,site,"Trail Creek Caves, Seward Peninsula, Alaska, USA"
USA_California_Carmel_Precolonial,36.55,-121.92,site,"Carmel, California, USA"
USA_California_Carpinteria_7000BP,34.4,-119.52,site,"Carpinteria, California, USA"
USA_California_Castroville_Precolonial,36.77,-121.76,site,"Castroville, California, USA"
USA_California_Cave_of_the_Skulls_1500BP,37.9,-120.5,guess,"Sierra foothills, California, USA"
USA_California_Goleta_1200BP,34.44,-119.83,site,"Goleta, California, USA"
USA_California_Goleta_1700BP,34.44,-119.83,site,"Goleta, California, USA"
USA_California_Goleta_2600BP,34.44,-119.83,site,"Goleta, California, USA"
USA_California_Goleta_3000BP,34.44,-119.83,site,"Goleta, California, USA"
USA_California_Goleta_4700BP,34.44,-119.83,site,"Goleta, California, USA"
USA_California_Goleta_Precolonial,34.44,-119.83,site,"Goleta, California, USA"
USA_California_Lake_Cachuma_Precolonial,34.58,-119.98,site,"Lake Cachuma, California, USA"
USA_California_Malibu_3400BP,34.03,-118.7,site,"Malibu, California, USA"
USA_California_Moaning_Cave_Precolonial,38.07,-120.47,site,"Moaning Cave, Calaveras County, California, USA"
USA_California_Monterey_1000BP,36.6,-121.89,site,"Monterey, California, USA"
USA_California_New_Cuyama_Precolonial_Mainland_Chumash,34.95,-119.69,site,"New Cuyama, California, USA"
USA_California_Ojai_1400BP,34.45,-119.24,site,"Ojai, California, USA"
USA_California_Pacific_Grove_200BP,36.62,-121.92,site,"Pacific Grove, California, USA"
USA_California_Pacific_Grove_5200BP,36.62,-121.92,site,"Pacific Grove, California, USA"
USA_California_Point_Sal_Precolonial_Mainland_Chumash,34.9,-120.67,site,"Point Sal, California, USA"
USA_California_Rancho_San_Carlos_Precolonial,36.48,-121.8,site,"Rancho San Carlos, Carmel Valley, California, USA"
USA_California_San_Francisco_Bay_Precolonial_Period-Late_Modern,37.7,-122.2,region,"San Francisco Bay, California, USA"
USA_California_Santa_Barbara_1300BP,34.42,-119.7,site,"Santa Barbara, California, USA"
USA_California_Santa_Barbara_4600BP,34.42,-119.7,site,"Santa Barbara, California, USA"
USA_California_Santa_Barbara_Precolonial,34.42,-119.7,site,"Santa Barbara, California, USA"
USA_Delaware_Early_Modern_Avery's_Rest,38.68,-75.1,site,"Avery's Rest, Rehoboth Beach, Delaware, USA"
USA_Maryland_Early-Late_Modern_Catoctin_Furnace,39.58,-77.43,site,"Catoctin Furnace, Maryland, USA"
USA_Maryland_Early_Modern_St._Mary's_City_English,38.19,-76.43,site,"St. Mary's City, Maryland, USA"
USA_Montana_Anzick_Clovis,46.0,-110.65,site,"Anzick site, Wilsall, Montana, USA"
USA_Nevada_Lovelock_Cave_1850BP,39.95,-118.55,site,"Lovelock Cave, Nevada, USA"
USA_Nevada_Lovelock_Cave_600BP,39.95,-118.55,site,"Lovelock Cave, Nevada, USA"
USA_Nevada_Spirit_Cave_11000BP,39.42,-118.62,site,"Spirit Cave, Fallon, Nevada, USA"
USA_New_Mexico_Chaco_Anasazi,36.06,-107.96,site,"Chaco Canyon (Pueblo Bonito), New Mexico, USA"
USA_Pennsylvania_Early_Modern_Shohola_Creek,41.42,-74.95,site,"Shohola Creek, Pike County, Pennsylvania, USA"
USA_San_Catalina_Island_[Pre-]Colonial_Period,33.38,-118.42,site,"Santa Catalina Island, California, USA"
USA_San_Clemente_Island_Precolonial,32.9,-118.5,site,"San Clemente Island, California, USA"
USA_San_Cruz_Island_Precolonial_Chumash,34.0,-119.72,site,"Santa Cruz Island, California, USA"
USA_San_Miguel_Island_Precolonial_Chumash,34.04,-120.37,site,"San Miguel Island, California, USA"
USA_San_Nicolas_Early_Precolonial,33.25,-119.5,site,"San Nicolas Island, California, USA"
USA_San_Nicolas_Late_Precolonial,33.25,-119.5,site,"San Nicolas Island, California, USA"
USA_Santa_Rosa_Island_3000BP,33.97,-120.1,site,"Santa Rosa Island, California, USA"
USA_Santa_Rosa_Island_3200BP,33.97,-120.1,site,"Santa Rosa Island, California, USA"
USA_Santa_Rosa_Island_4900BP,33.97,-120.1,site,"Santa Rosa Island, California, USA"
USA_Santa_Rosa_Island_7400BP,33.97,-120.1,site,"Santa Rosa Island, California, USA"
USA_Santa_Rosa_Island_Late_Precolonial,33.97,-120.1,site,"Santa Rosa Island, California, USA"
USA_Washington_Paleo-Indian_Kennewick,46.21,-119.14,site,"Kennewick, Washington, USA"
Udi,40.9,47.65,ethnic,"Nij, Qabala, Azerbaijan"
Udmurt,56.85,53.2,ethnic,"Izhevsk, Udmurtia, Russia"
Uganda_Munsa_500BP,0.78,31.3,site,"Munsa, Kakumiro, Uganda"
Ukraine_Classical-Hellenistic_Oleksandrivskyi,46.8,31.9,guess,"Oleksandrivka near Olbia, Mykolaiv oblast, Ukraine"
Ukraine_EBA_Dereivka_I,48.93,33.45,site,"Dereivka, Kirovohrad oblast, Ukraine"
Ukraine_EBA_Yamnaya_Kamyana_Mohyla,46.95,35.47,site,"Kamyana Mohyla, Zaporizhzhia oblast, Ukraine"
Ukraine_EBA_Yamnaya_Katarzhyno,46.99,30.57,site,"Katarzhyno (Znamianka), Odesa oblast, Ukraine"
Ukraine_EBA_Yamnaya_Kumy,47.4,35.5,guess,"Kumy, Zaporizhzhia oblast, Ukraine"
Ukraine_EBA_Yamnaya_Liubasha,46.85,30.85,guess,"Liubasha, Odesa oblast, Ukraine"
Ukraine_EBA_Yamnaya_Mayaky,46.42,30.28,site,"Mayaky, Odesa oblast, Ukraine"
Ukraine_EBA_Yamnaya_Ozera,46.6,30.6,guess,"Ozera, Odesa oblast, Ukraine"
Ukraine_EBA_Yamnaya_Shevchenko,46.6,30.9,guess,"Shevchenko, Odesa oblast, Ukraine"
Ukraine_EBA_Yamnaya_Sychavka,46.7,31.05,site,"Sychavka, Odesa oblast, Ukraine"
Ukraine_EBA_Yamnaya_Vapnyarka,46.6,30.85,site,"Vapnyarka, Odesa oblast, Ukraine"
Ukraine_EIA_Cimmerian,47.5,34.5,region,"Dnieper steppe, Ukraine"
Ukraine_EIA_Thraco-Cimmerian_(Thracian_Hallstatt)_Kartal,45.35,28.4,site,"Kartal (Orlivka), Odesa oblast, Ukraine"
Ukraine_Early-High_Medieval_Viking_Age_Shestovitsa,51.38,31.15,site,"Shestovytsia, Chernihiv oblast, Ukraine"
Ukraine_Early_Medieval_Saltovo-Mayaki_(Alan)_Verkhnii_Saltiv,50.05,36.8,site,"Verkhnii Saltiv, Kharkiv oblast, Ukraine"
Ukraine_Early_Medieval_Saltovo-Mayaki_(Bulgar)_Bochkove,50.1,36.85,guess,"Bochkove, Kharkiv oblast, Ukraine"
Ukraine_Early_Modern_Cossack_Vypozniv,50.99,30.93,site,"Vypovziv, Chernihiv oblast, Ukraine"
Ukraine_Eneolithic_Cernavoda_Kartal,45.35,28.4,site,"Kartal (Orlivka), Odesa oblast, Ukraine"
Ukraine_Eneolithic_Dereivka_I,48.93,33.45,site,"Dereivka, Kirovohrad oblast, Ukraine"
Ukraine_Eneolithic_Proto-Yamnaya_Mykhailivka,47.13,34.1,site,"Mykhailivka, Kherson oblast, Ukraine"
Ukraine_Eneolithic_Sredni_Stog_(Novodanilovka)_Vynogradne,47.2,35.6,guess,"Vynohradne, Zaporizhzhia oblast, Ukraine"
Ukraine_Eneolithic_Sredni_Stog_Dereivka_II,48.93,33.45,site,"Dereivka, Kirovohrad oblast, Ukraine"
Ukraine_Eneolithic_Sredni_Stog_Igren,48.42,35.15,site,"Ihren, Dnipro, Ukraine"
Ukraine_Eneolithic_Sredni_Stog_Kolomiytsiv_Yar,49.0,33.3,guess,"Kolomiytsiv Yar, Kirovohrad oblast, Ukraine"
Ukraine_Eneolithic_Sredni_Stog_Molyukhiv_Bugor,49.05,32.1,site,"Moliukhiv Buhor, Cherkasy oblast, Ukraine"
Ukraine_Eneolithic_Sredni_Stog_Oleksandria,49.75,37.6,site,"Oleksandriia, Kupiansk district, Kharkiv oblast, Ukraine"
Ukraine_Eneolithic_Sredni_Stog_Voloshskoe,48.35,35.15,site,"Voloske, Dnipro district, Ukraine"
Ukraine_Eneolithic_Trypillian_Verteba,48.78,25.85,site,"Verteba Cave, Ternopil oblast, Ukraine"
Ukraine_Eneolithic_Usatove_Mayaky,46.42,30.28,site,"Mayaky, Odesa oblast, Ukraine"
Ukraine_Eneolithic_Usatove_Revova,47.35,30.1,guess,"Revova, Odesa oblast, Ukraine"
Ukraine_Eneolithic_Usatove_Usatove-Bolsoj_Kujalnik,46.55,30.65,site,"Usatove, Odesa, Ukraine"
Ukraine_High-Late_Medieval_Cuman_Mamay-Gora,47.4,34.6,site,"Mamai-Hora, Velyka Znamianka, Zaporizhzhia oblast, Ukraine"
Ukraine_High-Late_Medieval_Golden_Horde_Kharkiv,49.99,36.23,site,"Kharkiv, Ukraine"
Ukraine_High-Late_Medieval_Golden_Horde_Ploske,49.3,33.5,guess,"Ploske, Poltava oblast, Ukraine"
Ukraine_High_Medieval_Cuman_Kumy,47.4,35.5,guess,"Kumy, Zaporizhzhia oblast, Ukraine"
Ukraine_High_Medieval_Cuman_Mamay-Gora,47.4,34.6,site,"Mamai-Hora, Velyka Znamianka, Zaporizhzhia oblast, Ukraine"
Ukraine_High_Medieval_Kievan_Rus'-Golden_Horde_Lutsk,50.75,25.33,site,"Lutsk, Volyn oblast, Ukraine"
Ukraine_High_Medieval_Kievan_Rus'-Golden_Horde_Zvenyhorod,49.75,24.15,site,"Zvenyhorod, Lviv oblast, Ukraine"
Ukraine_High_Medieval_Kievan_Rus'_Chernigov,51.5,31.3,site,"Chernihiv, Ukraine"
Ukraine_IA_Sarmatian_Igren,48.42,35.15,site,"Ihren, Dnipro, Ukraine"
Ukraine_IA_Scythian/Sarmatian_Petrykiv,49.53,25.58,site,"Petrykiv, Ternopil oblast, Ukraine"
Ukraine_IA_Scythian_Bilsk,50.08,34.65,site,"Bilsk hillfort, Poltava oblast, Ukraine"
Ukraine_IA_Scythian_Cheremushna,49.85,35.8,site,"Cheremushna, Kharkiv oblast, Ukraine"
Ukraine_IA_Scythian_Grishkivka,50.0,35.2,site,"Hryshkivka, Kharkiv oblast, Ukraine"
Ukraine_IA_Scythian_Karavan,49.9,36.0,site,"Karavan, Kharkiv oblast, Ukraine"
Ukraine_IA_Scythian_Kolomak,49.85,35.3,site,"Kolomak, Kharkiv oblast, Ukraine"
Ukraine_IA_Scythian_Kupievakha,50.0,35.5,site,"Kupievakha, Kharkiv oblast, Ukraine"
Ukraine_IA_Scythian_Mala_Rogozianka,50.2,36.0,site,"Mala Rohozianka, Kharkiv oblast, Ukraine"
Ukraine_IA_Scythian_Mamay-Gora,47.4,34.6,site,"Mamai-Hora, Velyka Znamianka, Zaporizhzhia oblast, Ukraine"
Ukraine_IA_Scythian_Medvyn,49.4,30.75,site,"Medvyn, Kyiv oblast, Ukraine"
Ukraine_IA_Scythian_Nesterivka,49.9,35.7,guess,"Nesterivka, Kharkiv oblast, Ukraine"
Ukraine_IA_Scythian_Nyzhnia_Gyivka,49.95,35.9,site,"Nyzhnia Hyivka, Kharkiv oblast, Ukraine"
Ukraine_IA_Scythian_Pisochyn,49.95,36.1,site,"Pisochyn, Kharkiv oblast, Ukraine"
Ukraine_IA_Scythian_Starosillya,49.8,35.9,guess,"Starosillia, Kharkiv oblast, Ukraine"
Ukraine_IA_Scythian_Staryi_Merchik,49.95,35.65,site,"Staryi Merchyk, Kharkiv oblast, Ukraine"
Ukraine_IA_Scythian_Vesele,50.0,35.7,guess,"Vesele, Kharkiv oblast, Ukraine"
Ukraine_LBA-EIA_Kleshnya,48.95,38.4,guess,"Kleshnia, Luhansk oblast, Ukraine"
Ukraine_LBA-EIA_Lusatian_Rovantsi,50.71,25.4,site,"Rovantsi, Volyn oblast, Ukraine"
Ukraine_LBA_Belozerskaya,46.65,32.45,region,"Bilozerka, lower Dnieper, Kherson oblast, Ukraine"
Ukraine_LBA_Verteba,48.78,25.85,site,"Verteba Cave, Ternopil oblast, Ukraine"
Ukraine_LIA-Late_Antiquity_Chernyakhiv_Komariv,48.55,26.7,site,"Komariv, Chernivtsi oblast, Ukraine"
Ukraine_LIA-Late_Antiquity_Chernyakhiv_Shyshaky,49.9,34.0,site,"Shyshaky, Poltava oblast, Ukraine"
Ukraine_LIA-Late_Antiquity_Sarmatian_Liubivka,49.6,35.5,guess,"Liubivka, Kharkiv oblast, Ukraine"
Ukraine_Late_Antiquity-Early_Medieval_Chernyakhiv_Lehedzyne,48.85,30.7,site,"Lehedzyne, Cherkasy oblast, Ukraine"
Ukraine_Late_Antiquity_Chernyakhiv_Lehedzyne,48.85,30.7,site,"Lehedzyne, Cherkasy oblast, Ukraine"
Ukraine_Late_Antiquity_Chernyakhiv_Shyshaky,49.9,34.0,site,"Shyshaky, Poltava oblast, Ukraine"
Ukraine_Late_Antiquity_Chernyakhiv_Zolochiv,50.28,35.98,guess,"Zolochiv, Kharkiv oblast, Ukraine"
Ukraine_Late_Medieval_Crimean_Khanate_(Nogai)_Mamay-Gora,47.4,34.6,site,"Mamai-Hora, Velyka Znamianka, Zaporizhzhia oblast, Ukraine"
Ukraine_Late_Medieval_Golden_Horde_Kumy,47.4,35.5,guess,"Kumy, Zaporizhzhia oblast, Ukraine"
Ukraine_Late_Medieval_Golden_Horde_Mamay-Surka,47.4,34.55,site,"Mamai-Surka, Zaporizhzhia oblast, Ukraine"
Ukraine_MBA_Alexandria,49.75,37.6,site,"Oleksandriia, Kupiansk district, Kharkiv oblast, Ukraine"
Ukraine_MBA_Catacomb,47.5,36.0,region,"Azov-Dnieper steppe, Ukraine"
Ukraine_MBA_Igren,48.42,35.15,site,"Ihren, Dnipro, Ukraine"
Ukraine_MBA_Komarow,49.1,24.7,site,"Komariv, Ivano-Frankivsk oblast, Ukraine"
Ukraine_MBA_Multi-Cordoned_Ware,48.5,35.5,region,"Dnieper steppe, Ukraine"
Ukraine_MBA_Verteba,48.78,25.85,site,"Verteba Cave, Ternopil oblast, Ukraine"
Ukraine_MLBA_Srubnaya,48.5,37.5,region,Eastern Ukraine (Donets basin)
Ukraine_Mesolithic_Dereivka_I,48.93,33.45,site,"Dereivka, Kirovohrad oblast, Ukraine"
Ukraine_Mesolithic_Dereivka_III,48.93,33.45,site,"Dereivka, Kirovohrad oblast, Ukraine"
Ukraine_Mesolithic_Vasil'evka,48.3,35.2,site,"Vasylivka, Dnieper rapids, Ukraine"
Ukraine_Mesolithic_Voloshskoe,48.35,35.15,site,"Voloske, Dnipro district, Ukraine"
Ukraine_N_Dereivka_I,48.93,33.45,site,"Dereivka, Kirovohrad oblast, Ukraine"
Ukraine_N_Dnieper-Donets_Lysa_Gora,48.2,35.2,guess,"Lysa Hora, Dnieper rapids, Ukraine"
Ukraine_N_Dnieper-Donets_Mamai-Gora,47.4,34.6,site,"Mamai-Hora, Velyka Znamianka, Zaporizhzhia oblast, Ukraine"
Ukraine_N_Dnieper-Donets_Volniensky,48.2,35.25,guess,"Vilniansk area, Dnieper rapids, Ukraine"
Ukraine_N_Dnieper-Donets_Yasinovatka,48.15,35.2,site,"Yasynuvatka, Dnieper rapids, Ukraine"
Ukraine_N_Globular_Amphora_Ilatka,50.5,26.0,guess,"Ilatka, Rivne oblast, Ukraine"
Ukraine_N_Igren,48.42,35.15,site,"Ihren, Dnipro, Ukraine"
Ukraine_N_Mariupol,47.1,37.55,site,"Mariupol, Ukraine"
Ukraine_N_Mariupol_Yasynuvatka,48.15,35.2,site,"Yasynuvatka, Dnieper rapids, Ukraine"
Ukraine_N_Nikol'ske,47.9,35.2,site,"Nikolske, Dnieper rapids, Ukraine"
Ukraine_N_Vasil'evka,48.3,35.2,site,"Vasylivka, Dnieper rapids, Ukraine"
Ukraine_N_Vovnigi,48.1,35.3,site,"Vovnihy, Dnieper rapids, Ukraine"
Ukrainian,50.45,30.52,country,"Kyiv, Ukraine"
Ukrainian_Cherkasy,49.44,32.06,district,"Cherkasy, Ukraine"
Ukrainian_Chernihiv,51.5,31.29,district,"Chernihiv, Ukraine"
Ukrainian_Cossack_Dnipropetrovsk,48.46,35.05,district,"Dnipropetrovsk oblast, Ukraine"
Ukrainian_Cossack_Zaporizhzhia,47.84,35.14,district,"Zaporizhzhia, Ukraine"
Ukrainian_Crimea,45.0,34.1,region,Crimea
Ukrainian_Dnipro,48.46,35.05,site,"Dnipro, Ukraine"
Ukrainian_Donetsk,48.02,37.8,district,"Donetsk, Ukraine"
Ukrainian_Ivano-Frankivsk,48.92,24.71,district,"Ivano-Frankivsk, Ukraine"
Ukrainian_Kharkiv,49.99,36.23,district,"Kharkiv, Ukraine"
Ukrainian_Kiev,50.45,30.52,site,"Kyiv, Ukraine"
Ukrainian_Kropyvnytskyi,48.51,32.26,district,"Kropyvnytskyi, Ukraine"
Ukrainian_Lviv,49.84,24.03,district,"Lviv, Ukraine"
Ukrainian_Poltava,49.59,34.55,district,"Poltava, Ukraine"
Ukrainian_Pontic,47.1,37.55,guess,"Northern Pontic coast (Mariupol), Ukraine"
Ukrainian_Rivne,50.62,26.25,district,"Rivne, Ukraine"
Ukrainian_Sumy,50.91,34.8,district,"Sumy, Ukraine"
Ukrainian_Ternopil,49.55,25.59,district,"Ternopil, Ukraine"
Ukrainian_Volyn,50.75,25.34,district,"Volyn (Lutsk), Ukraine"
Ukrainian_Zakarpattia,48.62,22.29,district,"Zakarpattia (Uzhhorod), Ukraine"
Ukrainian_Zaporizhzhia,47.84,35.14,district,"Zaporizhzhia, Ukraine"
Ukrainian_Zhytomyr,50.25,28.66,district,"Zhytomyr, Ukraine"
Ulchi,52.38,140.45,ethnic,"Bogorodskoye, Khabarovsk Krai, Russia"
Umbundu,-12.78,15.74,ethnic,"Huambo, Angola"
Uros_Peru_Titicaca,-15.8,-69.95,site,"Uros floating islands, Lake Titicaca, Peru"
Uruguay_Rocha_600BP,-34.3,-54.0,district,"Rocha, Uruguay"
Uruguayan_Mestizo,-34.9,-56.16,country,"Montevideo, Uruguay"
Uttar_Pradeshi_Bania_Gupta,26.85,80.95,region,"Uttar Pradesh, India"
Uttar_Pradeshi_Brahmin_Sakaldwipi,26.85,80.95,region,"Uttar Pradesh, India"
Uttar_Pradeshi_Chamar,26.85,80.95,region,"Uttar Pradesh, India"
Uttar_Pradeshi_Dalit,26.85,80.95,region,"Uttar Pradesh, India"
Uttar_Pradeshi_Dharkar,26.85,80.95,region,"Uttar Pradesh, India"
Uttar_Pradeshi_Rajput_Muslim,26.85,80.95,region,"Uttar Pradesh, India"
Uttarakhandi_Brahmin,30.07,79.1,region,"Uttarakhand, India"
Uyghur,39.47,75.99,ethnic,"Kashgar, Xinjiang, China"
Uzbek,41.31,69.24,country,"Tashkent, Uzbekistan"
Uzbek_Khorezm,41.55,60.63,district,"Khorezm (Urgench), Uzbekistan"
Uzbek_Tashkent,41.31,69.24,site,"Tashkent, Uzbekistan"
Uzbekistan_BA_Bustan,37.7,67.0,site,"Bustan, Surkhandarya, Uzbekistan"
Uzbekistan_BA_Dzharkutan,37.75,67.05,site,"Dzharkutan, Surkhandarya, Uzbekistan"
Uzbekistan_BA_Kashkarchi,40.7,71.7,guess,"Kashkarchi, Fergana valley, Uzbekistan"
Uzbekistan_BA_Kokcha,42.0,61.0,site,"Kokcha 3, Karakalpakstan, Uzbekistan"
Uzbekistan_BA_Sappali_Tepe,37.55,67.2,site,"Sapalli Tepe, Surkhandarya, Uzbekistan"
Uzbekistan_CA_Bustan,37.7,67.0,site,"Bustan, Surkhandarya, Uzbekistan"
Uzbekistan_HP_Kushan_Rabat,38.2,67.2,site,"Rabat, Baysun, Surkhandarya, Uzbekistan"
Uzbekistan_HP_Kushan_Serkharakat,39.8,64.5,guess,"Bukhara oasis, Uzbekistan"
Van_IA_Urartian,38.5,43.4,region,"Van, Turkey"
Van_IA_Urartian-Median/Achaemenid,38.5,43.4,region,"Van, Turkey"
Van_LBA,38.5,43.4,region,"Van, Turkey"
Vanuatu_1100BP,-17.75,168.3,region,"Efate, Vanuatu"
Vanuatu_1200BP,-17.75,168.3,region,"Efate, Vanuatu"
Vanuatu_1300BP,-17.75,168.3,region,"Efate, Vanuatu"
Vanuatu_1450CE,-17.75,168.3,region,"Efate, Vanuatu"
Vanuatu_1600CE,-17.75,168.3,region,"Efate, Vanuatu"
Vanuatu_1800CE,-17.75,168.3,region,"Efate, Vanuatu"
Vanuatu_2000BP,-17.75,168.3,region,"Efate, Vanuatu"
Vanuatu_2300BP,-17.75,168.3,region,"Efate, Vanuatu"
Vanuatu_2350BP,-17.75,168.3,region,"Efate, Vanuatu"
Vanuatu_2500BP,-17.75,168.3,region,"Efate, Vanuatu"
Vanuatu_2900BP,-17.75,168.3,region,"Teouma, Efate, Vanuatu"
Velama,17.0,79.5,region,"Telangana/Andhra Pradesh, India"
Vellalar,11.0,78.5,region,"Tamil Nadu, India"
Venezuela_Ceramic,8.0,-66.0,country,Venezuela
Venezuelan_Moreno,10.49,-66.88,country,"Caracas, Venezuela"
Vepsian,61.35,35.35,ethnic,"Sheltozero/Podporozhye, Karelia, Russia"
Vietnam_BA_Dong_Son_Culture,19.8,105.75,region,"Thanh Hoa, Vietnam"
Vietnam_BA_Nui_Nap,19.8,105.8,site,"Nui Nap, Thanh Hoa, Vietnam"
Vietnam_Early-Late_Modern_Quang_Ninh,21.0,107.3,district,"Quang Ninh, Vietnam"
Vietnam_LN_Ha_Long_Hhon_Hai_Co_Tien,20.95,107.05,site,"Hon Hai Co Tien, Ha Long, Quang Ninh, Vietnam"
Vietnam_LN_Mai_Da_Dieu,20.3,105.5,guess,"Mai Da Dieu, Thanh Hoa, Vietnam"
Vietnam_LN_Nam_Tun,20.5,105.3,guess,"Nam Tun, Hoa Binh, Vietnam"
Vietnam_N_Man_Bac,20.1,105.95,site,"Man Bac, Ninh Binh, Vietnam"
Vietnamese,21.03,105.85,country,"Hanoi, Vietnam"
Visayan,10.32,123.89,region,"Cebu, Visayas, Philippines"
Vlach_Aromanian_Greece,39.77,21.18,ethnic,"Metsovo, Epirus, Greece"
Votian,59.62,28.4,ethnic,"Luzhitsy, Kingisepp, Leningrad oblast, Russia"
Wa,22.65,99.59,ethnic,"Ximeng, Yunnan, China"
Wabondei,-5.2,38.7,ethnic,"Bondei, Tanga, Tanzania"
Wakhi,37.0,73.0,ethnic,"Wakhan corridor, Afghanistan"
Wales_CA-EBA,52.3,-3.7,region,"Wales, UK"
Wales_EIA,52.3,-3.7,region,"Wales, UK"
Wales_Early_Medieval_Viking_Age_Anglesey,53.27,-4.3,district,"Anglesey, Wales, UK"
Wales_LBA,52.3,-3.7,region,"Wales, UK"
Wales_LIA,52.3,-3.7,region,"Wales, UK"
Wales_MBA,52.3,-3.7,region,"Wales, UK"
Wales_MIA,52.3,-3.7,region,"Wales, UK"
Wales_Mesolithic_Ogof-yr-Ychen,51.63,-4.7,site,"Ogof-yr-Ychen, Caldey Island, Wales, UK"
Wales_N,52.3,-3.7,region,"Wales, UK"
Walloon,50.47,4.87,region,"Wallonia (Namur), Belgium"
Wasambaa,-4.78,38.29,ethnic,"Usambara (Lushoto), Tanzania"
Watom_Island_Precolonial,-4.1,152.1,site,"Watom Island, East New Britain, Papua New Guinea"
Welsh,52.3,-3.7,region,"Wales, UK"
Western_Uttar_Pradeshi_Jatt,28.98,77.71,region,"Meerut, western Uttar Pradesh, India"
Western_Uttar_Pradeshi_Jatt_Hindu,28.98,77.71,region,"Meerut, western Uttar Pradesh, India"
Western_Uttar_Pradeshi_Jatt_Sikh,28.98,77.71,region,"Western Uttar Pradesh, India"
Western_Uttar_Pradeshi_Syed,28.98,77.71,region,"Western Uttar Pradesh, India"
Western_Uttar_Pradeshi_Tyagi,28.98,77.71,region,"Western Uttar Pradesh, India"
Wichi,-23.0,-63.0,ethnic,"Gran Chaco, Salta/Formosa, Argentina"
Wolayta,6.86,37.75,ethnic,"Sodo, Wolayta, Ethiopia"
Wolof_Gambia,13.45,-16.0,ethnic,"Wolof areas, Gambia"
Xhosa,-32.3,27.5,ethnic,"Eastern Cape, South Africa"
Xibo,43.83,81.15,ethnic,"Qapqal Xibe county, Xinjiang, China"
Xinjiang_EBA_Afanasievo_Dzungaria,46.5,88.5,region,"Dzungaria, Xinjiang, China"
Xinjiang_EBA_Afanasievo_Tian_Shan,43.5,83.0,region,"Tian Shan (Ili), Xinjiang, China"
Xinjiang_EBA_Chemurchek,47.0,88.0,region,"Altai region, Xinjiang, China"
Xinjiang_EBA_Jirentaigoukou,43.8,82.5,site,"Jirentaigoukou, Nilka, Ili, Xinjiang, China"
Xinjiang_EBA_Songshugou,43.9,83.0,guess,"Songshugou, Ili, Xinjiang, China"
Xinjiang_EBA_Tuoganbai,43.2,81.8,guess,"Tuoganbai, Tekes, Ili, Xinjiang, China"
Xinjiang_EMBA_Xiaohe_Beifang,40.0,88.4,site,"Beifang cemetery, Ruoqiang, Xinjiang, China"
Xinjiang_EMBA_Xiaohe_Xiaohe,40.34,88.67,site,"Xiaohe cemetery, Lop Nur, Xinjiang, China"
Xinjiang_HP_Abusanteer,48.05,86.4,site,"Abusanteer, Habahe, Altay, Xinjiang, China"
Xinjiang_HP_Ayousaigoukou,43.8,82.7,guess,"Ayousaigoukou, Nilka, Ili, Xinjiang, China"
Xinjiang_HP_Baiyanghe,47.0,89.5,guess,"Baiyanghe, Altay, Xinjiang, China"
Xinjiang_HP_Dongtalede,48.1,86.5,site,"Dongtalede, Habahe, Altay, Xinjiang, China"
Xinjiang_HP_Gongnaisi,43.4,83.2,site,"Gongnaisi, Xinyuan, Ili, Xinjiang, China"
Xinjiang_HP_Hetian,37.1,79.9,district,"Hotan, Xinjiang, China"
Xinjiang_HP_Jirentaigoukou,43.8,82.5,site,"Jirentaigoukou, Nilka, Ili, Xinjiang, China"
Xinjiang_HP_Junmachanyilian,43.2,81.1,guess,"Junmachang, Zhaosu, Ili, Xinjiang, China"
Xinjiang_HP_Kafulang,43.9,82.6,guess,"Kafulang, Ili, Xinjiang, China"
Xinjiang_HP_Keqikesubutai,43.1,81.0,guess,"Keqikesubutai, Zhaosu, Ili, Xinjiang, China"
Xinjiang_HP_Shanpula,37.0,80.2,site,"Shanpula (Sampul), Luopu, Hotan, Xinjiang, China"
Xinjiang_HP_Simutasi,48.0,86.3,guess,"Simutasi, Habahe, Altay, Xinjiang, China"
Xinjiang_HP_Tang_Dynasty-Uygur_Period_Lafuqueke,42.8,93.5,guess,"Lafuqueke, Hami, Xinjiang, China"
Xinjiang_HP_Tangbalesayi,43.8,82.8,guess,"Tangbalesayi, Nilka, Ili, Xinjiang, China"
Xinjiang_HP_Xianshuiquangucheng,43.9,83.0,guess,"Xianshuiquan ancient city, Nilka, Ili, Xinjiang, China"
Xinjiang_HP_Xikakandasayi,43.8,82.7,guess,"Xikakandasayi, Ili, Xinjiang, China"
Xinjiang_IA_Abusanteer,48.05,86.4,site,"Abusanteer, Habahe, Altay, Xinjiang, China"
Xinjiang_IA_Axile,43.1,81.1,guess,"Axile, Zhaosu, Ili, Xinjiang, China"
Xinjiang_IA_Ayousaigoukou,43.8,82.7,guess,"Ayousaigoukou, Nilka, Ili, Xinjiang, China"
Xinjiang_IA_Baiyanghe,47.0,89.5,guess,"Baiyanghe, Altay, Xinjiang, China"
Xinjiang_IA_Bolati,43.2,81.8,guess,"Bolati, Tekes, Ili, Xinjiang, China"
Xinjiang_IA_Caishichang,43.1,81.2,guess,"Caishichang, Zhaosu, Ili, Xinjiang, China"
Xinjiang_IA_Chaganguole,46.8,85.7,guess,"Chaganguole, Hoboksar, Tacheng, Xinjiang, China"
Xinjiang_IA_Dongmaili,43.9,81.3,guess,"Dongmaili, Yining, Ili, Xinjiang, China"
Xinjiang_IA_Dongtalede,48.1,86.5,site,"Dongtalede, Habahe, Altay, Xinjiang, China"
Xinjiang_IA_Eminhuojierte,46.5,83.6,guess,"Huojierte, Emin, Tacheng, Xinjiang, China"
Xinjiang_IA_Gongnaisi,43.4,83.2,site,"Gongnaisi, Xinyuan, Ili, Xinjiang, China"
Xinjiang_IA_Guanjingtai,43.2,81.8,guess,"Guanjingtai, Tekes, Ili, Xinjiang, China"
Xinjiang_IA_Jirentaigoukou,43.8,82.5,site,"Jirentaigoukou, Nilka, Ili, Xinjiang, China"
Xinjiang_IA_Jirzankal,37.7,75.2,site,"Jirzankal, Taxkorgan, Xinjiang, China"
Xinjiang_IA_Junmachanyilian,43.2,81.1,guess,"Junmachang, Zhaosu, Ili, Xinjiang, China"
Xinjiang_IA_Kalatasi,43.2,81.0,guess,"Kalatasi, Zhaosu, Ili, Xinjiang, China"
Xinjiang_IA_Kuokesuxi,43.2,81.9,guess,"Kuokesu, Tekes, Ili, Xinjiang, China"
Xinjiang_IA_Liushui,36.4,81.6,site,"Liushui, Yutian (Keriya), Hotan, Xinjiang, China"
Xinjiang_IA_Pazyryk_Tuwaxingcun,47.7,86.9,guess,"Tuwa village, Burqin, Altay, Xinjiang, China"
Xinjiang_IA_Qiafuqihaishuiku,43.9,82.4,guess,"Qiafuqihai reservoir, Nilka, Ili, Xinjiang, China"
Xinjiang_IA_Sahaxibei,48.1,86.2,guess,"Sahaxibei, Habahe, Altay, Xinjiang, China"
Xinjiang_IA_Shirenzigou,43.6,93.0,site,"Shirenzigou, Barkol, Hami, Xinjiang, China"
Xinjiang_IA_Simutasi,48.0,86.3,guess,"Simutasi, Habahe, Altay, Xinjiang, China"
Xinjiang_IA_Songshugou,43.9,83.0,guess,"Songshugou, Ili, Xinjiang, China"
Xinjiang_IA_Tangbalesayi,43.8,82.8,guess,"Tangbalesayi, Nilka, Ili, Xinjiang, China"
Xinjiang_IA_Tielieketesai,48.0,86.4,guess,"Tielieketesai, Habahe, Altay, Xinjiang, China"
Xinjiang_IA_Unknown_Site,42.0,87.0,guess,"Xinjiang, China"
Xinjiang_IA_Wulanbuluke,42.6,86.0,guess,"Wulanbuluke, Hejing, Bayingolin, Xinjiang, China"
Xinjiang_IA_Wutulan,43.8,82.6,guess,"Wutulan, Nilka, Ili, Xinjiang, China"
Xinjiang_IA_Wuzan,43.8,82.6,guess,"Wuzan, Ili, Xinjiang, China"
Xinjiang_IA_Zaghunluq,38.1,85.5,site,"Zaghunluq, Qiemo (Cherchen), Xinjiang, China"
Xinjiang_IA_Zeketai,43.4,83.4,guess,"Zeketai, Xinyuan, Ili, Xinjiang, China"
Xinjiang_LBA_Andronovo_Jirentaigoukou,43.8,82.5,site,"Jirentaigoukou, Nilka, Ili, Xinjiang, China"
Xinjiang_LBA_Andronovo_Kuokesuxi,43.2,81.9,guess,"Kuokesu, Tekes, Ili, Xinjiang, China"
Xinjiang_LBA_Andronovo_Tangbalesayi,43.8,82.8,guess,"Tangbalesayi, Nilka, Ili, Xinjiang, China"
Xinjiang_LBA_Andronovo_Wutulan,43.8,82.6,guess,"Wutulan, Nilka, Ili, Xinjiang, China"
Xinjiang_LBA_Songshugou,43.9,83.0,guess,"Songshugou, Ili, Xinjiang, China"
Xun,-17.9,19.8,guess,"!Xun San areas, northern Namibia"
Yaghnobi,39.2,68.8,ethnic,"Yaghnob valley, Tajikistan"
Yakut,62.03,129.73,ethnic,"Yakutsk, Sakha, Russia"
Yanesha_High_Selva,-10.58,-75.4,district,"Oxapampa, Pasco, Peru"
Yanesha_Intermediate_Selva,-10.3,-74.95,district,"Villa Rica/Puerto Bermudez, Peru"
Yao,24.13,110.19,ethnic,"Jinxiu Yao county, Guangxi, China"
Yarsani_Iran,34.31,47.07,ethnic,"Kermanshah, Iran"
Yarsani_Iraq,34.34,45.39,ethnic,"Khanaqin, Diyala, Iraq"
Yazidi_Armenia,40.32,44.1,region,"Aragatsotn, Armenia"
Yazidi_Iraq,36.32,41.86,region,"Sinjar, Nineveh, Iraq"
Yazidi_Turkey,37.23,40.93,region,"Batman/Viransehir, southeastern Turkey"
Yemeni_Arab,15.35,44.21,country,"Sanaa, Yemen"
Yemeni_Arab_(South_Asian-Mixed),15.35,44.21,country,"Sanaa, Yemen"
Yemeni_Arab_Al_Bayda,13.98,45.57,district,"Al Bayda, Yemen"
Yemeni_Arab_Al_Jawf,16.6,45.0,district,"Al Jawf, Yemen"
Yemeni_Arab_Amran,15.66,43.94,district,"Amran, Yemen"
Yemeni_Arab_Dhamar,14.55,44.4,district,"Dhamar, Yemen"
Yemeni_Arab_Hadramaut,15.93,48.79,district,"Hadramaut (Seiyun), Yemen"
Yemeni_Arab_Hajjah,15.69,43.6,district,"Hajjah, Yemen"
Yemeni_Arab_Ibb,13.97,44.18,district,"Ibb, Yemen"
Yemeni_Arab_Ma'rib,15.46,45.32,district,"Ma'rib, Yemen"
Yemeni_Mehri_Mahra,16.21,52.18,district,"Al Ghaydah, Al Mahrah, Yemen"
Yemenite_Jew,15.35,44.21,ethnic,"Sanaa, Yemen"
Yi_Guizhou_Bijie_Weining,26.86,104.28,site,"Weining County, Bijie, Guizhou, China"
Yi_Sichuan_Liangshan_Yi_Zhaojue,28.01,102.85,site,"Zhaojue County, Liangshan, Sichuan, China"
Yoruba_Nigeria,7.38,3.9,ethnic,"Ibadan, Yorubaland, southwest Nigeria"
Yugur,38.84,99.62,ethnic,"Sunan Yugur Autonomous County, Gansu, China"
Yugur_Western,39.0,99.4,ethnic,"Western Yugur area, Sunan, Gansu, China"
Yukaghir_Forest_(European-Mixed),65.7,150.9,ethnic,"Nelemnoye, Upper Kolyma, Sakha, Russia"
Yukaghir_Tundra,69.15,154.5,ethnic,"Andryushkino, Lower Kolyma, Sakha, Russia"
Yukpa,10.0,-72.8,ethnic,"Sierra de Perija, Venezuela-Colombia border"
Yupik_Chaplin,64.52,-172.4,site,"Novoye Chaplino, Chukotka, Russia"
Yupik_Chukotka,64.7,-173.0,district,"Chukotka Peninsula, Russia"
Yupik_Naukan,66.08,-169.72,site,"Naukan, Cape Dezhnev, Chukotka, Russia"
Yupik_Sireniki,64.42,-173.93,site,"Sireniki, Chukotka, Russia"
Zabaykalsky_BA_Okoshki,50.3,119.0,guess,"Okoshki, Priargunsk district, Zabaykalsky Krai, Russia"
Zabaykalsky_Mesolithic_Bol'shaya_Kanga,50.3,108.8,guess,"Bolshaya Kanga, Chikoy valley, Zabaykalsky Krai, Russia"
Zabaykalsky_N_Dvorcy-Dacha,52.1,113.4,guess,"Dvortsy, near Chita, Zabaykalsky Krai, Russia"
Zabaykalsky_N_Izvestkovaja,52.0,113.5,guess,"Izvestkovaya, Chita area, Zabaykalsky Krai, Russia"
Zabaykalsky_N_Nozhyj_Lake,51.0,114.5,guess,"Nozhiy Lake, Aginsky district, Zabaykalsky Krai, Russia"
Zabaykalsky_N_Pad_Tokui,52.0,113.4,guess,"Pad Tokui, Chita area, Zabaykalsky Krai, Russia"
Zabaykalsky_N_Zhindo,50.4,108.7,guess,"Zhindo, Krasnochikoysky district, Zabaykalsky Krai, Russia"
Zaghawa_Chad,15.13,22.25,ethnic,"Iriba, Wadi Fira, eastern Chad"
Zaghawa_Sudan,14.2,24.67,ethnic,"Kutum, North Darfur, Sudan"
Zambia_LSA,-13.0,28.0,country,Zambia
Zapotec,16.9,-96.5,ethnic,"Oaxaca, Mexico"
Zhuang_Guangxi_Chongzuo,22.38,107.36,site,"Chongzuo, Guangxi, China"
Zhuang_Guangxi_Donglan,24.51,107.37,site,"Donglan County, Hechi, Guangxi, China"
Zhuang_Guangxi_Fusui,22.63,107.9,site,"Fusui County, Chongzuo, Guangxi, China"
Zhuang_Guangxi_Guigang,23.1,109.6,site,"Guigang, Guangxi, China"
Zhuang_Guangxi_Guiping,23.39,110.08,site,"Guiping, Guigang, Guangxi, China"
Zhuang_Guangxi_Hechi,24.69,108.06,site,"Hechi, Guangxi, China"
Zhuang_Guangxi_Hengzhou,22.68,109.27,site,"Hengzhou (Hengxian), Nanning, Guangxi, China"
Zhuang_Guangxi_Jinchengjiang,24.69,108.04,site,"Jinchengjiang District, Hechi, Guangxi, China"
Zhuang_Guangxi_Jingxi,23.13,106.42,site,"Jingxi, Baise, Guangxi, China"
Zhuang_Guangxi_Laibin,23.75,109.22,site,"Laibin, Guangxi, China"
Zhuang_Guangxi_Luzhai,24.51,109.74,site,"Luzhai County, Liuzhou, Guangxi, China"
Zhuang_Guangxi_Qinzhou,21.98,108.62,site,"Qinzhou, Guangxi, China"
Zhuang_Guangxi_Rong'an,25.22,109.4,site,"Rong'an County, Liuzhou, Guangxi, China"
Zhuang_Guangxi_Tianlin,24.29,106.23,site,"Tianlin County, Baise, Guangxi, China"
Zhuang_Guangxi_Tianyang,23.74,106.92,site,"Tianyang District, Baise, Guangxi, China"
Zhuang_Guangxi_Wuming,23.16,108.28,site,"Wuming District, Nanning, Guangxi, China"
Zhuang_Guangxi_Wuxuan,23.6,109.66,site,"Wuxuan County, Laibin, Guangxi, China"
Zhuang_Guangxi_Xilin,24.49,105.09,site,"Xilin County, Baise, Guangxi, China"
Zhuang_Guangxi_Xingbin,23.73,109.23,site,"Xingbin District, Laibin, Guangxi, China"
Zhuang_Guangxi_Yongning,22.76,108.49,site,"Yongning District, Nanning, Guangxi, China"
Zhuang_Guizhou_Congjiang,25.75,108.91,site,"Congjiang County, Qiandongnan, Guizhou, China"
Zhuang_Yunnan_Guangnan,24.05,105.07,site,"Guangnan County, Wenshan, Yunnan, China"
Zhuang_Yunnan_Qiubei,24.04,104.19,site,"Qiubei County, Wenshan, Yunnan, China"
Zhuang_Yunnan_Wenshan,23.37,104.24,site,"Wenshan City, Yunnan, China"
Zoroastrian_India_Irani,19.08,72.88,site,"Mumbai, Maharashtra, India"
Zoroastrian_Iran,31.9,54.37,ethnic,"Yazd, Iran"
Zulu,-28.5,31.0,ethnic,"KwaZulu-Natal, South Africa"
